address,amount,
0x49f356c16365dbdb9729993a2e9b2e84c379f668,255,
0x9eb9a8e87b2cb9cbeef1231d6117e5dce57619a5,239.7,
0xf636db1bd6ecd737ace20c67c731ae329d8f6a6e,29.75,
0x4343cb66095d1d12d299517ce9f38ea65c6d535c,31.45,
0x009f6b54d8b44d84ab63f09ca5f2ab27b2ed0ed1,29.75,
0xc3dbf714d3d609b6aa125d69e7588b9b00ee2bf2,189.55,
0x615b0eef65886284025dabe36007d6ad27332a94,188.7,
0xf2f2428f4367e0c2ebdb2eb8f81b86a2f04dea35,80.75,
0x01178ba68f17f1f65675a00fb99d8d9a3c079412,29.75,
0x4ef1d0ddb879baf24c381e54044eae2c0c37826c,29.75,
0x99840482cbaee5da4a707993fbf0c3aa75afd1ac,255,
0x2b3d820cab9970dcadbbbb667e012b927608d17c,252.45,
0x5c10c47b2d848e06a5dffa45b3bc10860797cdad,637.91,
0xbf5b608d7f98bd924e69462ffa722667dc23398b,11.9,
0x1c3cc60e6c1e0f59bda0b3090ba0aa2c34d771dc,29.75,
0x0525b1152d6a79801fe7c15d0ecd74e7a6699e3d,29.75,
0xcadeb66b39ceecc12630f85a0739de723bbdb5ab,29.75,
0x3a86e924c68c8156178330fb73b50759c7222943,33.25,
0x5e7fe4169593a1d1f0f41d97d4b65393c2dd8a3c,29.75,
0xe9f659172d39c54ecae31c5f2161115c95a557d9,29.75,
0x76924624c548f66b54621bb2d113ec2a9bb21478,552.5,
0xe7a97a841876c9ec8c38fee297680aacefd121a2,29.75,
0xe596f45d86c834a1f3d8c9514b95e652a53c52ea,29.75,
0x1337219eaa91b22739d2abc7ce37af18d6f1382f,29.75,
0xee2bddfcaa07ac51dc9b114dc3ea8767fa11f705,29.75,
0xfdeec1d7649769e20b5b226c709480885acc9f1f,23.8,
0xce4dbdc7ad2607d988b62ea420aa68f9fc8b2030,29.75,
0x522a57a9267b6a54dde2f9a89863304cd0391827,51,
0xd3e14c4a7f47472271251542bd4a42e62fe2cc19,125.8,
0xb7892ce888bf14f3259b0d9627abe7ffea158c7e,17,
0x41abe5f92d0dcdc64b8f1fcdc2ad7de4f46d8eb1,29.75,
0x3dd2f96a2a0a9f257c864fdbab6c1cd267d89ca1,125.8,
0x1744b94fcc98f514dcf242e7b03a719aa162e246,29.75,
0x9964a001f3fd643d51244f305f425d2f85e6d06b,92.65,
0xdc61e516d02204e27509fc8cbb135da2439a3967,80.75,
0x909c592080a8ee273f5c6648d874e78c7ea94a56,51,
0x7a6e64e49b02ff6b57ed63d28917c0e0d43778ab,29.75,
0xe3829ea06ebe16fd68a0fdfc61464a767bce9447,80.75,
0x69ddc9b0c11d6482e048ba0e01952a7e90454c4d,29.75,
0x031f5fcebf0ac464ed9d260fd85f12aa0c11fbd3,62.9,
0x432d8b9d8758a2a1b350d38536ea2a44ec8c4e53,29.75,
0xfcc2700209359d8a08ff267a1d34c4c21d80fe97,21.25,
0x57ce5700f427a8e63c19635dc9df1b52a7c8221c,29.75,
0x1607c4dd0ac36bf7759553f07af76bec44976247,29.75,
0xf37f7276c80f3a72c87d65a915aebfc8ab9933f7,188.7,
0x3956396472c96e04925b7a416f0996ce5ed30645,94.35,
0xb364eb3d6c8e02ccbd5966d23ad9437fa8a040da,29.75,
0xb5158273888ea2372ca4b7206c7854e221045ece,80.75,
0x33cb44260a7564d3cac8da5a6d0fffbcacbfcfea,82.45,
0x59297f10bad6919d66c7da787d0bcdc542575c17,1190,
0x9ece01fd6d7aaa363e142d9ba4580051e576c0ba,29.75,
0xe6fa027868ac1b4dd2780b0027769b0d8feec41e,29.75,
0x6354bf26a61fb2d59a14813e436e8f1c42ef63b9,62.9,
0x82a3529f832acb41e51f27a0e9e109e42e243aa4,62.9,
0xc4baa22875102821bd01f572d63679f5f1cd8046,188.7,
0x13225fe0942ea23d62536dce84bd208fafdce10a,119,
0xc74f105821a1792bf6f2e5a7c637f3dd5c0c321d,394.4,
0x5136d9d074a180def91b118d954eb950419ae1ba,29.75,
0xcca385be21b94fa1254c8b5d7045cc568a520586,377.4,
0xb14a8a00da10b45d81c589f591e7fcb4587e5e70,29.75,
0xaae4075721c029a70ef8f19a31d0b708d94446cb,29.75,
0xa5135394d563e323e83b5c1b097acdd7a053b40c,80.75,
0x93bfbb23e80152b48ea913a4f631bd2dcf2338b4,437.75,
0x52332ec46bbd2d600dc00825583576b9483eaae9,80.75,
0xe8abd18f97bb13fdce53dce0090a3c7acf383fb0,29.75,
0x8c2053b0ab55018b826cd6a912aa13365ba456cc,29.75,
0x8c0a4f4e6c63854f2b360bed46f64cc86c891801,29.75,
0xf96d9e4ceb9dd60d9549059e72fb8b2a1628a621,25.5,
0x4691fb5560bdf4fe6292e72e1928c9116e2a574e,51,
0x14456194ae93e6ee45b7bb69c46c32d7a4358faa,29.75,
0x42ab6a8813a00af942714870327b4bcb71c3d871,29.75,
0x5e870b8c04f2bc246c71340bb3f7dc3ae95becfa,29.75,
0x011305a6fb1e6cc7c9f5b0ec1bd13308445c23bb,29.75,
0xd41baee497423d54204cb0e8f65ee581b513b153,29.75,
0x4ee0b5dceebf3eb0a97f476f3658f158df63e53a,29.75,
0x213d9c4fb38329af0d63d8982a7c54258df727aa,29.75,
0xb65934bc345c5372d1dfddfc67b1206cf11bfbdd,29.75,
0x679eabf28e6189a153c85f358cb1df254e1c443d,29.75,
0x8c582af92d80e7da919f02e2ace7e805d64206e0,35.7,
0xc8a4e7379168d19d76aefe081714f3605c8dbc9c,218.45,
0xe99ec2bfd1293d7df747d086b3a286c6ab2f5220,140.6,
0x0d60f9da37ac046d521d823eff4fe3e42ac0e600,109.65,
0x8e66693187f274889b518e145a09efcbc5dd4d32,51,
0x8bdc56275424aac6524e533424f818a9ea716223,62.9,
0x3603576f910ac545006eadbfee5798202ed07a45,29.75,
0x00b6652630e49d741db460e2757bed6d97dd021c,125.8,
0x0f48f968372c5f081b97c1d7b5e85b4d4b74a33e,29.75,
0x048054f6e13bb29c6453a12337999faaf8ebd72f,34,
0x85a1cd429b59da017cc855aea2f72dbd25b1f0b1,407.15,
0xbf335421b8d5898a126e32676fc93d969dfa7cf6,29.75,
0x97fe6f5350bbb578a36dea4bf48482edc4970e91,29.75,
0xa79c6dd93bb7e14a862e5739560188595939c1f4,29.75,
0x11129c98a269742177141de456733e9f977f81d4,29.75,
0x29572d7078d01a478fa7104a6d454dac3bfdcecf,29.75,
0x943fba84e1d109c66ab2e2059ef00da3a75b2512,29.75,
0x80166ef38a42a3c5d565778b5178eb4cc134db21,29.75,
0x7bb048d2ba3432b4e0b79c08175b1007ba299e58,116.45,
0x13c07804a8fb2b9270af54cf6c3e8b9f9da57ae2,29.75,
0x00f33c3bce1b479bc7ffacc986badced8b2d7cad,188.7,
0x6995480bb8144c5e59c3b8c45bcf6fcb8a2eb5ce,29.75,
0x1a26db1b2baf0b23f18e19375e8fdc159feb707e,29.75,
0xb6c115ac7e0dc2a766c8bf7d6219c228b0d5f592,125.8,
0x2fe2b21e1fd83947baaef67dd4e8716f6882c93a,29.75,
0x38c271c9fc3a0e244a752b25a31d93a63767d567,243.95,
0x7e3ecc7f4e144530926201651bbc96134e651f07,29.75,
0x15a3313f8efe26a242327ff343619c95b07cd112,29.75,
0x65e72cafafce1e0aac8f1d3f24a0e75bf629552b,29.75,
0x460782d69ffa59260b13df6ccb1a5e3557a583e3,188.7,
0x2ef905fcdce25f03c12039e95262d81e318b2a4f,19,
0xf811c7cda02d03012577d45d9cbfad4358d5390d,94.35,
0x40cd44571d014990da293f6438619e507335f92a,29.75,
0x834a39ce3a426ccc8479e334fb122a7bc640f97d,269.45,
0x9ebdc1767b0c33878fcdd20db734b28e9bab9e28,29.75,
0x3bb127d57540e3d2be0bb6ac7425e6219e0aec43,29.75,
0x53da49f96ecf3096b1cf72bf7fd8f24cdf943002,62.9,
0xd60d90acd08d2343064d0828d4fdbd1a9391a19d,29.75,
0x27896bf9976b4d1aea4ddc24280df0a2be6d675d,29.75,
0x61bb2dbcd19135d133fc277b29737ceef1fe10cb,255,
0x066fb187404feee6ee7f6cde21697cea1a89ec23,239.7,
0x8af0225f987122e7ba6438b9579f6ace5a1b58d7,29.75,
0x2434a3896ce832932672e9c0f7c35f0f34e04206,377.4,
0xe8e29c9e4ebc95163ddd484a4eb08c318f2cefdf,155.55,
0xbe4aa0296b2b217d03ddfff792675cfca96a95b4,35.7,
0x0b5e6eb07c5a55183cea0136b1a486bcb95a89fd,29.75,
0xb4ff3f099274d726ea76642267fd217eeba8c0ec,29.75,
0x4abd7276c53279b3abfff2b5d8a47c0afc84833b,765,
0x43f93335a7e6b38983d6c4b072c5f2d8feaba87c,29.75,
0xde59dde7c5428ba29c7461338f4a6f45637c792d,80.75,
0xd938b623ba89ddb2e17d8c673ea48939ad7dd7de,269.45,
0xadf2d479577dda9a332e14eca095969b143b7c67,188.7,
0xac284ecdcea995fc433378f91561876da2a7208c,17,
0x786e4850cd0c961cc28695c872cfe4ba3f74f150,188.7,
0xdf2007f7a44cc740743c0c3a1b9a57937a5f46e4,29.75,
0xb512db75dc47bd45bfab223399d6a65010f24ba8,34,
0x9914ebe74e46c6ad4d7b933eb49bf17b1a299e77,29.75,
0x8e52fa5659c3d448e47e166353dcd5f17fc43b99,29.75,
0xce18d9ddfd5708251313bff5e88f929aabc8c53e,29.75,
0xc26142ed582efcd2d92b5ee6af662006ce052640,51,
0xe83d3a3ff1a84eee72d1db90b72137cee658193d,29.75,
0x9f7373ac91a3b16afb5c5609f51d6de7864951ad,29.75,
0xdebdb6d731d9e4bc3aead5358ea09ffeea2fdba4,29.75,
0xa30ff788ebac2878dc36ec379e55deb02c44049a,125.8,
0x46a6c4fdbbf98f7520f870723960f2a4658ecc82,17,
0xe4586671d696a1b543be1f25ce8c4371e6dd5220,33.25,
0xdd8804e408a21dc344e2a480dd207dea38f325ce,405.45,
0xf2c38389029df15bac7d81c9959b67787218202d,29.75,
0x1b4d07c5388129ece609e69a701ae4007ec0d660,29.75,
0x2328a3af1f83e92cbbb8981f29ac355b39cff533,17,
0x5dca83ae634bf6a34e4e232928477cf25f6addb3,29.75,
0x7a52f357732da1265067120d3de0795be1ee1bc7,134.3,
0x3c96cf8efe0a1ffd23a369409c2ab53ed7673138,29.75,
0xcc494a8aeeddc305a3b0bb8d862a4b78f0b04680,188.7,
0x51485fa8d8cc9e23966fd90fc6405ef82a85e246,51,
0xffb9de14f1373d60ae5a5939a1e8534a512660ce,222.7,
0x3a20cf3ef8ac682ab077e7f4aefc10af6d0c3477,29.75,
0xda6064f99d76b75ad29d9d03251884ded8320f85,29.75,
0x6dcc1593c9156ed9ca35a852dfda02d7a724b306,222.7,
0x4236d3f557c72c33d132c7d3c1245c6f8a7333dc,17,
0x8af76bcb6dddafc088c239eb118355feffcce0b2,46.75,
0x90ba6feab074c62c1d16e1aa635f100bda45d3be,29.75,
0x3b60d6cd5f484f96e090b176a0d6ca4bff09e3dd,17,
0x0d63f3fa2574e7cf72f996bf1633b651b4c02397,188.7,
0x86dc15745c5decdc4b885932a110e1169af01bcf,29.75,
0x50d1f2a1767d6adc6801ce7f303944eaa7321af3,29.75,
0x68cfeb54dfc57f6418fbd862a3164a5e63a1a4ad,29.75,
0xe01bb9ff9216739934e3d79881b3bc5caa4464fa,29.75,
0x01b6d16349c783dc29fe055f0ab4f2cc9dcae9ff,29.75,
0xc2933176a9be2116721a2681e042111ad22f8266,269.45,
0xaaba0a49d178e9cb53068f2df10a961b222af43c,29.75,
0x70ae78e5d4c4fa2eca26753aeedc19a0da211885,29.75,
0x5dc259ccfe757591fb51d6ebdcff6696db208086,23.8,
0xe07673f8c895348fbde720dbea0a967eb1c72f60,188.7,
0x5d437063ab4d1f6014832dc17c5166bc8baeffb5,29.75,
0xd53d7a2a60af71f1b1f44484ce48b98ce3f695f2,62.9,
0x19d6e982e884fd8006f50dc3a306bc11b2541bee,29.75,
0xa27a5c0ef8054c74bd754df940b2eac1e2bbc352,29.75,
0x9ac2f04fcdbfc8033cfae0abfeda793995959a07,239.7,
0xbea48ed996bd35296886dd1fa7f14c455b77ccac,29.75,
0x7aafab99029423c6b687a682ccf2823c1c9d5781,51,
0x965c76ff9a5550e5b015f6e224392fd2a06c0239,29.75,
0x250027fefecbaa1d0a77d9a8ec934cbed9012690,80.75,
0xbb6abd89e6c3193c4f85b10b90027106cdb4028b,175.1,
0xa517f6fbfc95cdf1918c82c28dad10af101e18f5,29.75,
0xe728d9911874adb8e6a56f35e23a3670671a3901,340,
0xa2b4be559db08800b988932b88b27d026bb8aa30,239.7,
0xb302819e70180c339ced97de9fbbc7a1e71fcb96,125.8,
0xe204f2fc6f5aa2bb968f1ece326f59be4b514b0f,69.7,
0x5b9d40e56a7b50e9ac8ce60fd029f9c7d9404e7f,25.5,
0x5c216d7f402b3f41eab91df35732c8994348536f,29.75,
0x10a4e15984f2758f1d1fdb3bb1924b6f72727e82,29.75,
0x8caac1cd3de19fd5b1acaa79e5b157df30f7fc0d,407.15,
0x334f03ebaa3b292b4caba803f10e515c5165725b,318.75,
0x514533011d165c0f503815fb684fe73005cba7d7,29.75,
0x92caa9016b6bae7a6cd5db082d5297a3feef8517,29.75,
0x10716aaffd2097228c78fb8a7d844eabc85497f5,595.85,
0xdc1b82a6181cbe5d32ad015461ebcd692da6046b,29.75,
0x2282ecc111b7acabe470053d4a09472bc07b8d00,407.15,
0x2479478c31a50de37fda3596f92ed557f28451a0,116.45,
0xa1beb350a770aa731dc674d11d487de582f518d0,17,
0xa1beb350a770aa731dc674d11d487de582f518d0,29.75,
0xbd679cd7d85620ca626e49a3e1eff3c79a3e3f00,29.75,
0xe0bd2c9c0ccdbef8fcfe94f85c88efe2a6610dc2,340,
0xcca0c9077072ec919be9b1bd37e06437fa8ceb2b,125.8,
0x9c8da3f07c1e1364955f4fbdc6d09fd1a0025372,29.75,
0x190926679be26af47c235e0c41f204ce0d0529f5,29.75,
0xe622688951c465b4bc09412a0adaf5c666beecd3,29.75,
0xf6426ed102b8b18e6b5974e17356194dc593f732,29.75,
0xa2ac4de748d033bc619fdbf24e2ce628fdd7eb5f,125.8,
0x2020b2cddffdbdb6411bbc6052463c9a687db434,199.75,
0x94d1879566ec4ec338e34aa151fe250545068519,29.75,
0xbb6b5c612b1715bdeae2a1931cc7fefbb4d02bf7,94.35,
0xd54157c473ebc5d22fc351a315d05a56e9f12e8f,188.7,
0x9404411bbada0c2ddd9d855cb54e4921897c93fc,80.75,
0x43f93503a26358e8069ea25fd92c1c389d0b2c33,29.75,
0xb200ac08b491345da6663441cbe1732cb6268bf7,29.75,
0xc23cb9b68fcf2017a98a028f2c451c9f45b95db4,34,
0x5d5f944b72d48e60fe5f43dce888bffda40da33e,239.7,
0x06e8d7005f8a5dbb94067bc491cafbd271453b94,29.75,
0xd3ab2eabe167243fb70b8b7241a6cc84dcf9419c,51,
0x994cf20f5084427d078dbe368ee9c5b6b9ec0755,148.75,
0x6080548033d259722ca0e6846bb3fc41a7193a8b,82.45,
0x6a72a8476e9b44a52963bff7cbd87badf375b739,29.75,
0x8faec06879b2bf88c564c9ec23420bc857619be4,29.75,
0xfb40932271fc9db9dbf048e80697e2da4aa57250,188.7,
0x3e5f4ac0946ef11775835ada6d6bf7966677b7db,29.75,
0x598b13dc1d5feeac4dd55d55aa8bbdec23a2816e,29.75,
0xf5b35cb4100c907f35131858200434e92adce9db,29.75,
0x9f9dd6d00048248517bc788c9cee008e491f89cb,34,
0xe2576fb4aad6b370799ab53ec1b0d49b76a2d5d5,29.75,
0x098b987a34949ed61e9dd99ebc7ee926e2352956,29.75,
0xbda02bdf817d45be94bb27686f0747467343d40b,29.75,
0x3545cf9c8167c3c128c985c00063e777427db0ed,29.75,
0xa0350d547d28f88e443fc835816d6a58a5199b2e,29.75,
0x91cfacbba9825a73e442eebd0f3806a0e472c9fc,11.9,
0x45713cca0f932cd705241c1ef708363155f88a0c,170,
0xe0d5c6ddc8cd4a98879475a5a987c2f6e6eeb28c,29.75,
0x0e79c15e77dee37072d33ac73c0ca18d0949fbcf,29.75,
0x67b271e10dc48754863723981cc97afa3a034170,188.7,
0xff14ce4c9e8e2b9c30abb7da622a793f8eccbec8,29.75,
0x25255303b0c2aca088a72e4634f0089d94d35d63,29.75,
0xb257b8260a31c2cca3c37a086098804d8c9ce4c3,29.75,
0xa7d9ebbbd4726d5150cee21614f0da56a5851901,29.75,
0x83f12a8dbbf4886c97741c1de9e09f7a16d30a3a,29.75,
0xb16719bc309cbeddd638dc01bbf22dae9be38d2d,188.7,
0xd586faa55f787518b0feeff12788f40ca7d01f74,175.1,
0x70ba4c92ca2edcbf777f0b9274904fda7f1270f0,29.75,
0x03629cec6cdd3a66cf2f2b588246566a5bd8f048,29.75,
0x8aac62eaa788ccac65b41c480c8d6fe6805eb2ce,29.75,
0x03b371e360515047689ba468b530353dfaf7c9d0,29.75,
0x2de65bb4308f5d26fdeb62ed679015f990e42067,62.9,
0x797d13e3c2ec89caac0248f4a373b86eac8a8dd3,29.75,
0x7d92ba41abb9f200256e16ce4c14d58776cf20a7,29.75,
0xd456849bc9f3399bbf261d1f4481af0f0b660347,29.75,
0x7b1130198fdac69d34229c68da8d0d5b650cfc79,29.75,
0xbf8f8efdced05b6a264dece8612dd719a86ca2d3,29.75,
0x7d41a1ef0e287e5d0807e0fc4e00f1e9e14a74a6,407.15,
0xe2bdfcc3a81343ce7d3897f042409c4bae3370d6,29.75,
0x3eb4b506a839b33a4e5d8719a4150e478083d550,80.75,
0xfb4605b466e5dceae42a431b5ce72565e0abff56,29.75,
0x238c832e4d1ffbe65941a62d47cf44f7fbdf895a,377.4,
0x0829032ba968c222c9442d0d58ad00bc1611ea71,74.8,
0x9f77f69848852c1a2fc529d2663b05af30559ad3,257.55,
0xb7f838dd68f82a58dc03ae8192f83c6913c0b9a9,29.75,
0x2760022ffcd35133962f0aaa71fbf1c5d58edf92,29.75,
0x729d1b8647a0898db6f83aae967e6470aba6250a,29.75,
0xac64fcd3170e5075c69e901af47e20740e86f8d6,39.9,
0x4ce909b1b26f526109364aa778b5b59af27cd6df,29.75,
0x8ad30f7b91d596f73723e1fe7873c3c26b7cf79c,29.75,
0xd671f3c3a33a2c57061f7ca889f6819540c3d017,29.75,
0x548d500e7d1584aff5c4e51d49bc52cbe35dc80f,11.9,
0xfc2a6dc28732e507d64b381b121a0c395859050c,29.75,
0xa9740c509f10bdb4908507345cace1288875a7de,62.9,
0x99684635ac3c27588ffd7b0e45180c6b76cbbd1e,29.75,
0x9c493d6d37c243252a496798b54556e9b53dfb52,29.75,
0x71c79210bd47997a6991a6bc1b3e8b6572a20b85,29.75,
0x154524609db6ce7fe8d590d8fbcdb3180d53e872,29.75,
0x0d61f0a2b168d38292a6e10d85a2f04b34d65a3a,454.75,
0x1222aca63b8b3d9620cb552ca0ef26255bff18f0,29.75,
0xfc06ce5661450365b5881796b733395b35806a62,29.75,
0x7c65d8bafabd5a347d6b174923bfccc53187abd7,29.75,
0x5b9fa1f2bc635944427bffe15003e002429256ad,29.75,
0xef42e3bd1e0f3c79fe7915f4a3a76994d058a4dd,29.75,
0x3afa1ed97101f2b66452feec97b7fb20a146bfa0,62.9,
0x61b31cc5f2979db3019e7a1eb5e89be20a912598,29.75,
0x699cd19b47c1dd51da37c5c001136d65af008e91,31.45,
0x63294e34ddaa9b0737a74ec798321a3c56cf4abf,29.75,
0xf2f0f4401805f8ad619d20ceb096f61149458abb,110.5,
0x7cc27a1b317e68801cf0280aed43fed50aed326d,170,
0xf2e8ccf708ad3040d3801c665dbd3e1d3097089c,29.75,
0xeddc4caa3c10395c73fc99dfe6ddad829af80695,29.75,
0x97a9871bf7cc80a01a85b2bdabe9e2534075a238,566.1,
0x05738eb6ac52b6014ea737e2097348cabcc914d0,29.75,
0x01254adc5d58c5595d546058203bffabf7a03f12,17,
0x8828039d56632093c608c235b6814fb6e52c7502,35.7,
0x097d2c24ab5c30e8e21ee88560523f60d3320742,29.75,
0xfb5959e3f9401033273ce1009099df6f0f972030,411.4,
0x793e78f1c481a0157dddbe99e64d2f0656c5dda6,29.75,
0x54ff8b0feba485e24d6475db6a73215b0c57efcf,29.75,
0xb68ce8b4d0c5818703aa188c8f7345f3268ed8f6,377.4,
0xbc627254fa9e73117cb70e1d4eed610ba0a9de0d,251.6,
0x97cc8d35e866bbfc8c1db5d25c3a846298221701,29.75,
0x13e1f430a90d26270ea057c69bde71351b6dd85f,28.9,
0x028db7c845ad791b676fbc0d01d5c4caec3494b5,29.75,
0x7f06eefc432886a9d4aa3afae5d490e420dc4619,29.75,
0xe4c11beeb836cc6653410e147be97618ee95be4e,29.75,
0xe4a2829f4c688996233a933ced1940ba0701d17c,80.75,
0x8cebb95734e06b1e9758116d7af377699090ab49,29.75,
0x0b59ae45ce4a24c3cd643cb5100553c23e3463c6,482.8,
0xf576d0381dfbf0fb08dea884a44a16cc046648fc,340,
0x804c2052c4a4ea2141f9d52c068def7f8502a171,41.65,
0xaa22a8c84cdfe40c5f888fc1f84ac33451b2b111,41.65,
0xa2f3dee310133fec376f2061b6bbf2bc9fd8e9d1,362.1,
0xa4ec20c0751d78777274606d0d71304d1c191f96,145.35,
0xe9dd8b36c7d843e811601360b836bb73aced82cf,119,
0xfda77411e0c12df5224d2c958caa111ea5b45329,29.75,
0xe16caf8a228d4f959258ae38943a88f6e9f718d4,178.5,
0xcfebd5cc3875556c40300e1deb6f1975693416d7,340,
0x899c033be75f975f97b0868e1953b13a56e62d91,116.45,
0xb3397a6feedff2b9fce9ca1086cb1bdd617c16bf,243.1,
0x00a9b763ff87ae5e9c6312779456144a06f6200f,709.75,
0x04befa0087536e99fb1a9bde00c4a6f9289eb6fb,62.9,
0xd68561fab1e913e128edcfddac8b45337e0821a8,35.7,
0x274002bd66be90caeca968804dca91a917c78ef0,35.7,
0x2c25a6cd94fe71002ca711874a54e9becb786d10,80.75,
0xc3dcb4b176b2fd76ef2d7069e4b48a9a0918c417,29.75,
0x2fb8ad61136bd6d668f9bff7a9f6066b4ed907d4,29.75,
0xc758397c40f8dc4dcc140141368353c8d8fd373c,29.75,
0x4616333335159a93652c8af40054d404cc21c7bc,29.75,
0x1330355f5181e5a865b35063427648a5aba9096e,255,
0x398ed195d2ada98421ac0b55bc3a5e581205e7db,29.75,
0xbd67f775d0d780c6a56c3e7428f174da6b0430c3,17,
0xc6868bf5a5b943de64bca6c8811f48aaf69a7e25,29.75,
0x22a291ca29dd1e854eaab9bd3dfb5322d39ed9da,35.7,
0xc22018ec5e8a33a316f69b163cad9ee3c67488f5,46.75,
0xfb3d00114578f77326540a70c7c4ccfdbfdc7110,29.75,
0x576a2656bf8e72c6ce61c4476b5df9218c0a1166,125.8,
0xa7898f63f31d692d37982696a0c907023cbb8b81,29.75,
0x7df67073c591dfe102295a8492dde45f9b0a112f,29.75,
0xbe11b5050bc3eaa5c4dbcc13d86d234f0d7636c5,29.75,
0x527e5c08d360f2b2a1c426245297dd2876c53a8b,125.8,
0xc202a9c0443f160c02b66fc416277ba490b91978,62.9,
0x45380858e3c8fd722a4d808060d917a9c4f0e0c2,46.75,
0x1f235a06d30d30f59a17fb0244937158e9ed721e,51,
0xff3f4bbe3913f702fe5356e272e7e64bd4a0c619,29.75,
0xa8f3d46fb994985de34a794fd208651e93e284d7,29.75,
0xd7ae62052b7e55c7a7627c3bbf10f44949559102,29.75,
0xa5ec0fe36ff49727ada0b1b365be8f91a6b9bdfb,55.25,
0x84d98d6d6775e7c5c52ed3fbb81ad2133d596bdf,197.2,
0x4ca144a5bd9512d8cf09f7e2f55720ce67db587b,29.75,
0x7fe7fe8663794ca6cc3b6bb4680bce03c026aa3a,159.8,
0xf92e633d15175ac2a52c1d8f3e3c53364442e709,29.75,
0x0f2543ddd8b0412d400c84cdb73b9dbb40249324,29.75,
0x5fb90d8b6313dcae55c80e488ce4e6272b601355,29.75,
0xcf4fe6bda67a639e0c0cbc0216818c161a1e5378,17,
0x8374cc36e4135e586b7d48b33bdf1583206798c7,29.75,
0x999850a2469e2b582b7ef0f3abed8b5e9773e6f3,29.75,
0x631088af5a770bee50ffa7dd5dc18994616dc1ff,29.75,
0x18b250a477fa0a38f8ee0384e7bbf05c891fa078,155.55,
0x4c321205f41cebf4a8437ca0b0402d7a10147e51,29.75,
0x50db6f29c6a70aa6479e7adfc4248d5da900773e,80.75,
0x5034b07fea9cc8be1332eef67d682d087c79a2ab,29.75,
0x4ebf1d50630405f862aa5aca4817f9e3b2934901,170,
0xa3d46f946867780d909a5b372b0bee84f9f9ba87,29.75,
0xc596760503b4b215c82d16dd7929f976a728c271,566.1,
0x42a9dc9fd0dedb4abff9431bd80035c870241dbb,31.45,
0xc04df29424ee49395e962858eb0babd29b2c14e9,62.9,
0x1c452b10df490f2548a1389fb74961f1ed655e7d,51,
0xbb9df06f1be2516888ca887a948c6bcf8198ec43,29.75,
0x91b3e664751dc9f675b02478f49b6d16b0831747,62.9,
0x99e006003b8add20a06f446f3a17d12556d42f2e,29.75,
0x626c4642807c7b6e79cc39a2e1c36c0b5fb20f78,29.75,
0x2f7d83f98c29a6ba6816604de3485e09bfa7e747,29.75,
0x578de2718ca34c349d2d8b1ea9f5cdd9732a8097,29.75,
0xce99e81912fee351b1058e822b1aa41745aa55f5,79.05,
0xf228c411a169cb0f1f47b6010447f42e95b7062f,17,
0xbb088b60f8acbd24051cd982584e3af06b58596b,29.75,
0x91cda6a89ea48d32d8ccaccbedaf70bec2853dda,29.75,
0xbb287b63978370776321e2280bf072b4b8a59f90,646.85,
0x8e20d5b6a6653c8b27d1e8b9f0496111f6c62448,29.75,
0x1fd9e491a921a99646ce4b71f3dc98dc5a4ea5e1,29.75,
0xc4c409d19abc3c1fdfccea1ffb7c35f60d6e318b,29.75,
0x0d6e94d085a597f316be1833649e05a45103e873,31.45,
0x49bedc907502ca8297684618ac906197ce77d6da,29.75,
0xa6b409980971c515049a55751a8e43c3a2490b2c,70.3,
0x05481f8665fbd1ae0d178f2c90f20fab6016b3c6,51,
0xadef07f21f632003bd8362280688e099f56423e1,632.4,
0x9268b7e48af7786d9125f1b06a6f492c2efbe0da,29.75,
0xc00fe86454ce153578b88ccac48827ab56ec4c94,251.6,
0xe5d64d8ac035bf19b6efbd40813ee8df74365cbc,29.75,
0xc9ce667c517f8a7abb8835e0c0330f50e3e80240,29.75,
0x5b36e70b17cb5802e3db17cc1f176c0983dfd31d,632.7,
0x220ba9639380c4fe31fa5833d9b61060631c670f,29.75,
0x59d24be241ab2a98516f5d13c3f4cc1b6c29c2c9,29.75,
0xa4cbf86a2ded96f881fb0f376afec53300bb5461,29.75,
0xb02e5f89fdaba28772982cfd6910695f1b835a67,340,
0xdcce493ba201927ae995c8a7f46ba13286c0be40,46.75,
0xb99abccf221a6da2f2a9a6179010cd4bb70f7a70,29.75,
0x36dce83fa01009dcaff09c4a1099067cde9ff15b,29.75,
0x67f6a2622770c535ab8a893bb0137db86a29cde0,510,
0xb810934ae80171ffd7831e42c01100057630c5d6,29.75,
0x5aac23429b315da4c809128d54c54c155645ddac,29.75,
0x2923e92f5eba96dd750367ac9327c34a6b19e0db,396.95,
0x1c2b20c8c7f0c649ee682e1c62a3b681862f7b34,34,
0xbdfeaa18c97cb50666435bdb0359cd9253246501,29.75,
0x83203ed76751662cd85c3449d92aeb3c131d176b,170,
0x0c826f2f83c400b7f0ad1bd75fda80269899b59d,29.75,
0xc3c386ac22da5ec1790ea579b731d7b8fc310cde,29.75,
0x1ac211bf591267b55386ba4f35553a41d20f94fe,29.75,
0x57b7f1990649e292dc6b77fb0802f0278d4686f4,17,
0xabc2d79f3c5a4015bac4f4a7b57449449d115cea,29.75,
0xb7d5ddce8bca88fb6d75490ed8c3297fa7068351,29.75,
0xc0159855ec8bfb4d60f9dfca4899f04a43f85c6f,62.9,
0xc356ac859538c9f33c750642ed4dda0ae31b17ef,80.75,
0x93d881874b39b7a53063736502a20c55fccc54a4,29.75,
0xc778dad3dd2fe4fc18575c69cc9e80b41e36b37e,170,
0xb4909a490cfbc9cf64d00ea6b0b24505eb40bc92,29.75,
0x8d8d491ec4301cedb07d003c8b620e02e34415b8,70.3,
0xb430464080a79c388148df9ff7890ef728aeb50f,29.75,
0x3780df04c6d0074f6aac8f1f5acad61c57604496,62.9,
0x9c8d3fc60e789c7e672c80ef5d5dd4eb9961e4ed,29.75,
0xc47cecb01e88a19feda5169e3e0aa07e39fab037,29.75,
0x20b42fb88f04b6b139c76f826433653018250f93,566.1,
0x9d4dc72e161e3ba7743d52081a8b7b31cf900e40,29.75,
0x34d04005fa3dd096e5f3cd78d2f6cb337f9f2e44,29.75,
0xa9c11abb2b10834a2b2ddb8bf1019557ffb02b81,51,
0xe2f97bcf0d9da665c3188f983394d5a098da6c8a,29.75,
0x57800362a0f50d36604a55b360c33635c7a744a1,82.45,
0x972978353e8054e4cff24dd7348ea2b2ec768d55,405.45,
0x6fe8e540c2ac55d3214bc0f460dc80de74ca8709,52.25,
0x272741bfd28989d990cce73a0e76557853571f51,29.75,
0x4f298863c6d6ac778f3e2da841b95066848d5416,29.75,
0xe056077a5ab960ce67bf31c90bf94f8442bfa425,124.1,
0x8a7fe613e1cb3c7dd5a52543c75ae6c16ce10cc7,29.75,
0x32c1e76ff723cec406cc96c184976bffad3e1237,29.75,
0x49430592ad2e46b9d373a9fe0fbcefae85171013,29.75,
0x06589be21ae4ae3d8b9e78022bf7ccf1888e0ffa,29.75,
0xca86ee05b258d91d13d5e4776ee1a099cf250669,29.75,
0x603a9f3827377a5a29ea0da8534f7bcc8f03eb57,29.75,
0x37277f54725c6994420d8019fc3f47dad8e57e77,29.75,
0x7f118598b8d441e2aa7a4debd0ed8e4c6a3ba270,29.75,
0xe840c6b592f4f635c1174310711791025599652d,29.75,
0x4a3af7e06c514ca612baaaecda8819e72275347c,29.75,
0xfaab9425366cf3137c19967a7446860d2b5034b4,17,
0x9cb97b5f8be6a304aee06c7a515d45b88c4de2a3,29.75,
0xa8a48a6e3a42e76a920e4cfca912cb931c4aabb1,29.75,
0x8f561feae88091a495f9669f8e43576568d207cf,29.75,
0xf944f15b77047828e099662970e2f6e53d192f5f,29.75,
0xa5442966da959820058b0c1952b0b5746b65d318,17,
0xe2faa637bc3742f97e98d002044bdb3b35383162,25.5,
0x2f3bf5d151afe2fc5b45da1f71b3e1e6f2f69059,34,
0x8dd683e4674a4537b62ce3f3b3871df98470464f,29.75,
0xd1c6718fd761d1d2323c5b5bb8fc994e6b6d14c5,29.75,
0x0f6ee6bd7692868b1b81db0548f4c4258633ee1a,29.75,
0xf85fc398581f5965b06f1bc6317bf64b2c92766c,29.75,
0xb077cb4454786ab5d80ddde605c4d34b2789c011,34,
0x9ce03401b079f2b24f5ee8a16e7af182d11f3e01,29.75,
0x14cf01598ed303240d73365ced552d7fa0314807,629.85,
0x77613e2878a2833ab8d68c61612de55543a1cecc,29.75,
0x604ea8d76e328f76423babe032f170803dfd11cb,29.75,
0x7f79ab346e230f5d0c0e9d19a024a6cbd533e2be,29.75,
0xb989d5b95a4434b77388ea944427ec82adef319a,92.65,
0x79b1f53fac3ed548b0a21a69b60d964ef38a855f,188.7,
0x4b17e8da93352301807c8777bf6a65bcd0ec47b0,80.75,
0x584213211706148abc3bfa6c5ad6424c43411461,45.9,
0xa0a88fa459c98c7da96b02205a9c673b15c2405c,51,
0x5bbe2e7091bac2422ee79d205896c33477f682b8,29.75,
0x0d40fb7648ec5c04a3ea834ff7a010db062eeb93,80.75,
0x9af8c3b741afaac3c94ced58bc936b61e05c056c,29.75,
0xc1c2e59cfd5f1409c6c6ae876b492d6cd71881d1,29.75,
0x0c4bdfe0aebf69de4975a957a2d4fe72633bbc1a,377.4,
0x2d4d80fbf80b38a229ac6f70ad09f0a5e84b57c4,170,
0x795eaf2de56bc4dfad1bb12735296fd374d4f64e,29.75,
0xe6494bac41e5ee1665874331fd2c82215c5b3a45,80.75,
0x0dc1447b19f9231d15838070a3787ef167679b97,29.75,
0x891185a2e42d3e8ff8992eb3420ee7716c68f6c5,90.25,
0x0a6e29cffa5be42e49340837d775839ef9f33ff5,29.75,
0x6ab2fac60972815494e46bfac47372c4c14ad883,17,
0x64362a6979e83ceb9398b60fcd939cacf3a1391f,29.75,
0x480a2e86b7fe63e4d3dfe71af781ffeb4a3c33b0,29.75,
0x457d39d0b1150e70f12a578ff26f1b1a9bb7419f,29.75,
0x135053f270e87e17022fa4d3d7b5ca2207374c1d,29.75,
0x52c4c3705b0fcb57b9775f0d9a693ab27edd4440,124.1,
0x981e4f0eaad71129700dea17ed78d07d7efc649a,29.75,
0x99f505d35e13be253ddd4d71b05ffc992ead14ab,29.75,
0xdc716a2829cc2b2f646e86bfbf86e8a3cb017671,29.75,
0x023e2d565b02f851772cc5417700e7b4d30f2907,269.45,
0x8f5acc92c5b55cf48ea80bdce7255d7d08fa5035,29.75,
0xb8258bd3692bf3fa673661086e02ae7711193d5e,94.35,
0x65cbf3288caba9308e80b79e7e0145cc69cbcc6c,29.75,
0xce22221cecb0dc04eea6f1625fb70189e18009ff,29.75,
0xaeb2064d536865ec62f1f98d70bd1ea440a9dea5,226.95,
0x5f36b1ac2b16fe18c784dc113deb789c0188166b,29.75,
0xafcdbf98509f68021b007cb02e3a2f6acbba0b24,1054,
0x5f45dd08312033ad50430d057dafe6fb0967a087,29.75,
0x344daa85ef02d08c771849fa16631ac09097c787,29.75,
0x2b2894390018217c09dbac1f772a40592298f975,29.75,
0x2864c873f8f2f864c2fea6267d068f9ba0471a90,29.75,
0x4ed7b18310130ed390f7d436ac66be1509e11e07,80.75,
0x215df5814453093cd10cf7b87792c4398bcda5b2,239.7,
0x1cc0afd0bacbe986deeec276b3b622a49a435725,29.75,
0x9bdbeb5f6e59dd471bc296b97266d3ee634b7c7e,34,
0xedcaa27960bd503ef68651c32922a567e87a3607,62.9,
0x5f5c981d262800dd71278b197c3f89cfb97acda5,29.75,
0xa527944454873ad3dccc521446f9319b3cfdd318,29.75,
0x551ec9b5d484ec5407edc4731060b980a8839ac7,80.75,
0x415a3b6869439040806e9f0a6eb686fe28b8fc2b,29.75,
0x4803c23c1b894db641b363f6fff7fcd0e2b96ec9,29.75,
0x3fb2fdec2cdd318d099dbbc75b0f645a3a1bca78,435.89,
0x4a330ce16a2f35797aee766fef682b8df86fa51c,170,
0xb8c4433d1b89a9303f9d4df3ae5a26fcc8fac8c9,29.75,
0x635f019eaa8cb53b6af969d94b596281d5b4c2ec,29.75,
0xf665110d5e105eb8443ae0401bd82726a83c6344,29.75,
0x97fc41db1e421205ae85ea39a436a8fe7380144d,29.75,
0x1fdaa9dd276cbece19dec4792e6d0ac9aa313ddf,29.75,
0xe0078111ab27cf9c2f39e35891c1576bca1b68c5,29.75,
0x6ecb6a5007bc98ce2963d6b10cded2ae4dd64b7d,29.75,
0xa3ca653ef9b6cbb802cbcf596989ac22df19ffdc,29.75,
0xfd6df7315530abab39f2c870150c2efdfba57045,266.9,
0x4d00520461f638066182a911d0cd6b0fd1d2b921,29.75,
0x641648a96e63212024bda378a3ae2befcb92924f,94.35,
0x805e5f8eb3ae9feccb1ac4a7c5a57798846c6827,29.75,
0x2b089ace36efdb030e1cacad6d8a7355ddebfa57,29.75,
0x3fa64e17b1239a7f94691b92ca44117d03fae92b,188.7,
0x7fb01f7f53675614b4521be326d572d501ee228d,51,
0xe70c51917e508c2a748786015dda7031c49d6d3f,29.75,
0x1e5a631a2bb4ce071bf24aa1e1dc28b0eda8ed88,175.1,
0x4387ecd47b72dd5cd23035e35390173306058f04,17,
0x5f54565171d1b7d16d63cc884639837b07968903,29.75,
0xe79bb8a97b8daf5ecc6a2020eee8cdc83b1c292d,29.75,
0x40abb9a7c808cf32d259873f3edfc7cfbb2b2dfb,29.75,
0xd3c690ff04b234936d4d18b3d9d72e1650735994,29.75,
0x270d5f763ff1bc127ba1383d955488a8a28653a7,29.75,
0x989f641591ccb46add8f002cfe41665750136829,29.75,
0x93f5a985a1ecfe32b7919c6d4566ab3636c4d730,23.8,
0x2480eba2ab2835b6d7017ce68429c2c2bb4ea084,29.75,
0xe8daa8ff9366b457a31d938eb0a73e54f4a42e67,51,
0x68d872fd051a8c6cb3dcb1ecd8a417e508dd3959,239.7,
0x0411cb8414d7edb3d1185486915ae0bc66eed8c6,29.75,
0xc32f2eff8bbb71c41ec7f64f54832f0bc9821367,102.85,
0xbbb815df7457a703aaff263343423f63c9b1f636,29.75,
0x3c66b8c267e59eb379fe1494ac63e83d75300f4e,35.7,
0xe344d1f5c72d73f06c84effad98c279720599a2c,29.75,
0xb83f7eb9d32c7039835e989ba7e006173714b9d5,29.75,
0x7c3004af75d725f9a3f37e4260a1718e592cb962,29.75,
0xdbe8dbb0e961abc5dad24a7c7b9604fe9e067a3a,29.75,
0x42fc233a37a3e690ff16c1a20a3342213e1eedf1,82.45,
0xad1117a4d4ed9bd2af1d93a261e686406823a0f5,29.75,
0x652debcb39aefc7b9551ee6e87d48aca5bc49546,31.45,
0x24c844b298719e4a04ba964f42a3e96743655e35,29.75,
0x421ffb53d9ebec10b4820fadfef6f51e298bf222,29.75,
0x8419e79a2ad1c425c245cc0c5836bc7aee04d53d,29.75,
0x4b9a6192babda524ac6d8a5e4d7095033ca57045,62.9,
0x07a1E411e9296C5cb8177E5E3E9da69D4bFcCeBc,29.75,
0x52f81e0f6ec7f621dc932bb8ee84a9e02f4ad77f,170,
0x7701abb44203999fecd121ae60b6832e11e7f443,29.75,
0x92ec8341987e57b5cf3b4d936764fe989d87bf0d,17,
0xaa11a90b392f56a3b1aec8ffbef2c14d6331c127,79.9,
0xfac6a9c2cafe3bfe3ce419bf595c0b49f048c1d8,29.75,
0xc8fb5186dbf838f9abd2e78e430ef1f6ed6c2213,29.75,
0x6a95acf504fee0927e4905911c7154ca3e4c1857,29.75,
0xaf8f064436eeb530625e1dbbf731f4490666a284,170,
0xddd83b5da43d527bccef3a722fb0e246180fdc85,29.75,
0x911d162aeca2815e7af5db285ba38ea1d8c7f7ff,29.75,
0x3b1d9af9fbe4de15e4c320304204c623e6726358,29.75,
0x0c43dace92a0b06c457a535c4118a59f84dc992d,29.75,
0x821101f0704cedf3a32194fddd1a9c401495d59b,255,
0x6a3e3522365924de4c948ad64d12466579f28178,51,
0x50f3057f6481cd4fc877d1e1298d0e1afec59a7d,92.65,
0xfe590ac9e3df4bee04a72378d619aff9fdcf27ea,29.75,
0x8a15e42672c1161479939ec6c1299ab1e481055f,155.55,
0x8f77a678bfb953104f5929eac834e9d3e53af82d,17,
0xa635e0a07edd033336fa367023a2bde20f8cac44,29.75,
0x742a34ceefabed24dd43e8f1226769cc4185fff5,80.75,
0x2e3e530d65f8386b8ae42b30fc69a92d1f8d5d8e,29.75,
0xfc7f3160e9840abe4514357d79463e606b0cb1ab,29.75,
0x0ac79fb0cc47e2ea636c2743793b1838602c4ef0,29.75,
0xce2821f925fec9c6b16d477634318a36e8e29578,29.75,
0x3910a284fa689bd911460cc9de712bc245bbd17e,29.75,
0x41e6b53776992677425fb9aa0b536ac903715386,94.35,
0x89d6001d8067a1b70ee704196e26c7a1ecf35ec1,29.75,
0xd32b3f6b78229eeab6b97d14d3e241e633270939,51,
0xaf0ebb8bb8cb9b15869798e371dc7d24d57032b1,29.75,
0x11ad353fe2ea0dcbfa0805142a2c6ec5bdcb24e3,29.75,
0xf7d31f6098297a9cdc4cd3008aca721d4a386901,290.7,
0x0ab7abb2b84465c114b1160208babadc7ce3ac2e,35.7,
0xb764ec7beb219d74b463fc26ed72e5273146e702,46.75,
0x2c3d3b094e5d35b3b4d400def72931a1274ffdb0,218.45,
0xd3b6ee40ccda63be5b354ad5a8cb28f4e7aff7e6,29.75,
0xa505bef1c792eb35e1c559c714901aeb9ef5756b,29.75,
0x36fe8ddd91177d957a81299e7b44fac987a3e009,17,
0x6cb9d2a14b1deb16b08a31c4b15c408b6e2c401a,29.75,
0xab08cae8b94436f56163e74f1b1a566a97088de8,29.75,
0x4a735c8e15b59bebbeb764c0adcee62591512799,29.75,
0xc65f4770c0c1b75a3c5c9098f770c7d17a565bbb,29.75,
0xbb4eef5915ae3115f86196c00787226797a715c3,29.75,
0x9cf8bd9cbacc7c2675f884ed19b1fdedd04736f5,29.75,
0x255f8fb8b3e12f3340ae1c88e53dabcc109f90d8,29.75,
0xc7e1686739ea48894ea3250707d4638b14d8e67f,29.75,
0x3933500a90c7adaf98081df4868f1f8d67901bf1,29.75,
0x0a9d590aff5c1048b3058dbb0a33eaf14ae87ddd,29.75,
0xd0507c41f0edc2f10c1422333b7be2fd6e60569d,51,
0xd181075d506cf56e8583e0500870ddd9b4175999,29.75,
0x3d8a8cf1bce4b158bed93801c6a7bfe7189669f9,29.75,
0x2e62b7a20a53cbcdbce71f709f785aaf95a8a565,170,
0x8ca4d8a84c17b270c61fe2156c5f6db4b4207dd1,29.75,
0xbcc9fe79dbf656acecfa3b6059a73f590bdbe38c,29.75,
0xeb20d1ef8e3bdfd0ca6d0a0b89848c99661c6ad5,29.75,
0xb6a101a1a827141deb9090c2fae24d62a8acc6c1,556.75,
0x6590f08496da5e127f34b009606c37350d7a2a1e,29.75,
0x373f0352b97401f1d5fcf4d449296b560b1da619,29.75,
0x573691935aead33d16ed223c530fd3c0f535c8d7,29.75,
0x75b733793e3bb806baf6138646b82a2f8362fb91,29.75,
0xc70ebb1ce35c5722ea06befe2aab063478e666b7,48.45,
0x2abdca5f3839bd044b9d9215d7fed95e9d3d06e5,29.75,
0xbc518747fc8c18bc8aaaae9a61f4fdccab462f63,29.75,
0x1196515805915731bbe9d3e52fc829d929489959,29.75,
0x8b4c795d64a79f355432518b81e3c6544324352c,33.25,
0x3416aff81fb2f230ca7e968f0c61c5287e32a5af,55.25,
0x93d90a43cadbc04ee72ccc018fce6d9d49688a7d,31.45,
0x31ef6d5ce8480d12b014dc9457cc793d1854fda8,52.25,
0xe758683ca38eb92191b1d5218c91c23d736d30b9,17,
0x19283c0cae923386e095a4cc29d3f867422f2429,29.75,
0x9c8c245c97b24cfd456896f9058bee64dd36661f,61.2,
0x1642fa09c327783047d669276d327ab2e5bf8f95,11.9,
0x83f12ea77eb1424c20722c730afd110192d700b7,51,
0x098e414537a78c322c7ffbb66068e3411b4b981a,113.9,
0x1099218cb10d92145e5e3b44398494993cd34e54,51,
0xd8ac2114247a9a6df2f3604fd4d2154fae5e4ca7,125.8,
0x47814C91626B0929c1A786846487eFdbA100846c,51,
0xf6fb44f07cfc3fac77df3efc071c7704dc510f0c,65.45,
0x731c5d5334acd011ebcd00478c455f48bb9cb46a,29.75,
0xd1b7c9e1db85e94bac56c1a49e192105cd219073,222.7,
0x03e67cfaf0c107844a02fa4233052afad4bd9272,388.45,
0x9f33f80cdcce696629164c5e0bdbc978c46ac951,80.75,
0xcd0c75f10f27a6f677eb7f433f8b8c672b48a927,46.75,
0x05c40f5b77ee8c9e7ff5f57afbff47cb78339609,33.25,
0xfb580003538ecaa8117132132116649e1adfbb32,80.75,
0x5927c03ba973b05f66a22e2bc2eba15240b839c3,29.75,
0x2c576489acdf0de3bcf1eee9439444938701976c,29.75,
0x9c0ff565272cef43253b46ed7d67bb402466a01c,80.75,
0x88776caaeae50b9f93834417fbf719d8cc897907,80.75,
0xc2d70ffe112d9b18c8e093b05c2f785b1ce7cff2,125.8,
0xea7c1aadce0fc411562dd219f1d12ee062cb376b,19,
0x1a91f9423ada568acdb17fcaee7765b0892ca91c,29.75,
0x48995966a348e410d59349ecc1fdb8348233afc3,29.75,
0xe0bb182db32ca277b60fc79288557d0276a97caa,33.25,
0xfae89e41a230fc40605aae4ddb790e9af7f34106,170,
0x1ac99bf8e9ae03d7f8dad8153cec12d764baf030,566.1,
0x71a3fc4eded6ce8ecd54b97724473a369b76fe04,170,
0x8900b443b130b9e84af5ddeb567b080c48b2b769,51,
0x544b0181e16bf55ef971ce9ffe1d78ecc536aab3,62.9,
0xab71a525c9a7f0d9c3310654d6b4d59742ea2904,239.7,
0x57a901ca3688d505234241d2d6f5a02ab41c0762,290.7,
0x4c99f7b818a8a8ef54c07c5b29fcd6e07f355f5b,239.7,
0xbfbfe265904956ed1d8702fb15d8a7c65fcf1354,29.75,
0x917dbed775ec11927a07c06d544c4f8b20f44ec6,29.75,
0x4429f8362093602ad2c3697e901a9f0eeb1cf036,617.1,
0x74d2f432d9bd2bb1ad2be82ede0aa5f70175fe7a,29.75,
0x59671a64413fabc5e11b53804707727dcf083056,29.75,
0x8baf1bb6d6e52b6e81a9d780c2f36fe507dbf6a2,243.95,
0x98b770f8f22c78ac11b58b97cacf121b7497e6b1,11.9,
0x6384fb2d60fa76d8d7586852116119de74333dfe,72.25,
0x8f4b81e0243592263dee151d3c3d6f9c979b1d1d,218.45,
0xb6729a4406df3be0239e3f7def85370c8963403d,80.75,
0xdd7198767b5f44adba1771ee2e8ba651ac663c66,29.75,
0xe246681de312ccc0d2e632f6daa4bc023a2cd410,29.75,
0x25a6528593b52e76789204d24b1b2c07559f2c1b,51,
0x3a3b33561af9bdc95daf0c71f903ec9dcef28460,29.75,
0xb424fde3eb0d0235915832ac4c66e4e55798aac7,82.45,
0xafd55eb54cab90e42aba7886a4f54d9a512c8c55,62.9,
0x933066f725d2d6be37a7ad6d1deb5043a9ba4565,11.9,
0x88a02ce96955891fda16642f7d19ae61ac04c3a3,105.4,
0x874a9c34a39bc0970ff5b5769020f739295a2fc1,29.75,
0x60b403bcebbe51222994d9500d543577ae9b4735,29.75,
0xab1346aaf8cf6fbe0b9c0ac3a87cf57f0e3a32a8,29.75,
0x617453e8f1fdd4d87bc6cb3e3d4bf1ee5859e9cb,11.9,
0x6e4a14dd0e9464d1414e5a1b11ba6daaa7f76381,29.75,
0xd3dae942d5bef46d6984a9cdea19012dd7b8b11f,62.9,
0xd29ca31e881d699e09e4e41c58c32d79b8ba6466,187,
0x3bd39b9b1674e3f0b5e71365d6a01e65897aa973,29.75,
0xf7896d313aee0cf66676d1139b9a1a6f5b356db7,17,
0x9e09f80ce4fc3519d6cc787934498faa234af73c,29.75,
0x4f781456c49dc7d149f554c229039154d3a61406,17,
0xa6f357b981b2b0f8e4dea3bd19297fa269380f32,29.75,
0xae11fb851b5f3c67912f49dd3be024d3cbd71c7c,11.9,
0x4243306a10c6179deb93e7ab909557d283631934,218.45,
0x44271b331ccbc0a38c6a69b68433ab5e2e3bc717,29.75,
0x8fbcb48a55dd9441e5a7589fff0ddbb729006524,29.75,
0xbdd1f11346bbe039ef6b32b30edfba9164a1fbf1,51,
0x02709df42141d7dcb3e63423ef147b494382aeda,566.1,
0x9b4a1989066c0fb4a441121f5c756f7e260de3fd,377.4,
0x509abffc5e8d3149fd9ae3dec849797d6a3bdbe6,407.15,
0xa6584313ead3f31ff4b6189e47aa5b328adae65d,29.75,
0x511ceb2d2e89eb834c99a728e99e4b6b02840030,29.75,
0xc95dd22eb99f812eafab969d9b4b59ddda3f1994,377.4,
0x57f2a465c24676f4d97c5557e047c89fe367dde4,17,
0x7040748e0ea514c8ba1dc5618a4b23b3f8f08b0a,29.75,
0x98077e39fdfb0cdb1347a28058632e85b9a7da8f,29.75,
0x5ba6561ebc70eb3a234a9dab8c0cb5a68f7c713b,29.75,
0x3d179c3fdc279388774279cd91eaf42a8ced7bd8,29.75,
0xb811098b3ae9a639f9c21ce909b24e6239b80f72,29.75,
0x361742b71a4d18285560ce105d131c39ba3cf4c7,188.7,
0x5a40f12b36c83ebee12faf6691709c98760e2ed9,29.75,
0xf6a591a2c96ce9f577b5fd87d1ac1dc4e3a53fe9,510,
0xbcc299d0feb89e6903ff1a7ed5a37427386fc88e,17,
0xe0f9856a45603563fb6816f0d343053aee09530e,94.35,
0x7f20349795be58ae7461df05a6bbd9df91491a2c,80.75,
0x00d06b3d094b0d8c604242167e6045c2cc736db5,34,
0x9974c06764bae11d6bceb5e6a585a807c234c01a,51,
0x8516b9b97a710d1afedb2c8dab1906d513d72c3e,17,
0x1531343b950233db544f9914848c07dd0cbc7d65,29.75,
0x76f6dffe322e1dd689a924acfcebe530ff8b5868,80.75,
0x2be8d101f0b0702352e7ea678fb17e686d8dde2d,17,
0xdb3aba66da08c1bc770b9b764048f7fd9c3dcdba,29.75,
0xdf8c962c1d938ab04a1d7ec9f00255256676e761,17,
0x46c21baddca835f4c6c51fd3a20eef2904f6836b,35.7,
0x87ae9047f7879a229a929ad5ee026a5aada15b3d,80.75,
0x241545a2e94a9890917e88c3ee4c0b3fac0d27f3,131.75,
0x32cb0f8db60389fdd8a3c4d7e4048a6901d5a86f,269.45,
0x33c368fe3f02f3dbbb45a9777741d4955daa33fd,80.75,
0x671b10591ea21e43736ef2a214dc3b0ba60715a7,29.75,
0xd871198d5915388f0c04d74f4130e88fa003e3de,29.75,
0x4a8284dd986c05e5b8654aded156e289c6fc1f65,94.35,
0x8e338a0429d33ec8ced8d87f820a13b20398e20a,29.75,
0xfd3f95b1227f022cb04148ded3801ae95fa23f81,29.75,
0xfbeb21d0746fc92c9a3650eced0a82c540a1ad78,51,
0xe3927162bd747946eae330e6f8db4f0121d379de,188.7,
0x6eedabcc2bcaf6b8e78b692c696762e5fac13e53,29.75,
0x89670b528c97825a3518525435f760b11757f5eb,86.7,
0x9ab1506be3eb4b3d2bb2d8da773f903042c1178d,94.35,
0x35803bf96e67b7b176b709f126310fabcfe90280,29.75,
0x17bf34a8ec5d087480de409986b95277b3f1ebe7,566.1,
0x52698cd3b9adef6f2f7c049182ab04f5d0aa8074,29.75,
0x1097bf58178b1fa7d59fb5a24e61461ea0026624,29.75,
0xac24ca3f6efebe161396a02c8aca576b38a12f54,80.75,
0x365a3ec18ea9e4591dbd2e7687cb14f472f4b559,34,
0xa7b6be460630320d46f23ae1236c7e7b28725cbb,29.75,
0x1071648dbc9cff436c9b0414abcd3df6a95a0758,29.75,
0x4a537bbed95286355fd470eeb27d8e5d29f76896,29.75,
0xd82cdde0e186e41d92ab6c81840e4c2694467c21,29.75,
0x9c512e0d721a444d2c0f36a5c6757a97a497436a,29.75,
0x0dcccb2c1db9754d7c39a83f7857d5052540a3d8,29.75,
0x67beeacd64b07c9dcc5ef0ce8eb0b0cdcf69404a,29.75,
0x130a83c42afca2a39e478dfa9ec74ff2f73e1b74,34,
0xf3eefb6fef8163a3099b2293b6959c6f18d914dd,65.45,
0xe04ab56804e451461ed56d80e117c4cb3501fdea,155.55,
0x52f6542085d27f6beec09d751d9011ed8c4bf747,218.45,
0x498559b0d953d52c658d9f91c96e921b2153d29f,566.1,
0x127c52fc779925bd45a3e8d16aeaf6c62490ff7e,29.75,
0x1c05a3fa690e9e048a54d09b9012f11650279146,29.75,
0x461f7597e7f878a6e478906911c12b11d1837021,29.75,
0xfdc0949846946bc4ff37a5248860081a4317c6c6,29.75,
0x7897252c354ae79f9ae162e8edc0cc345070c02d,29.75,
0xd193466c05aae45f1c341447e8ee95bdbea8297e,96.9,
0xd1ecbb89b300fdf707a8ae6a1c14364b687f3882,29.75,
0x5a4a5a5fb1ee97e28dbe6b1fe0bfd31c9cf0f8d0,29.75,
0x5f039e9f522ce69df8af59f0f47bf4102caa0ee9,29.75,
0xb3b42df9d41694fb97eaf34d7d70a4c3055e4dea,29.75,
0x5100dc55918ecf23bd57807c86fb24020af5bbc6,29.75,
0x0a02aba940df956d18035daf4e0e8dd24b4dc1ec,29.75,
0xe64ecd95f7efc6b9219e7b0e3b8318d927984096,23.8,
0xc196eff244441c01c625e4fe20e8d1be363e42d5,29.75,
0x189fefb1796bf53cca4f909c3e90a8c5eb0af379,11.9,
0x5d3aeabe7ba4abb9e4d1c24f015a7719f35fa961,29.75,
0xce60b7bd3d7ecc1eb37a4997bf018a816cfe86e1,102,
0x2a523f5d2f94cd7b99e609ae0c060e52643ee319,29.75,
0x3404265353c31e724002f4d19b84bcb310f1fd5f,29.75,
0x1b0b02097251fc6de784b7aaa012a7a0dfdfa208,29.75,
0x8cf47b6e1284c80c3399aea794f4478e2eb7b48f,29.75,
0xaf49f24794428bf9a889d7c4a6393b7bbed0bc7e,29.75,
0x0a3842f72ca38b575fbd857c3dffe230fd8f1073,29.75,
0x4dfa4da19ca8da388976b4eb24f761428d191782,29.75,
0x83b61db559d75bf0f2ab1ab40f59074b4391562d,29.75,
0xe5c387543c88fcb06e4514e457dde5490fb04ade,29.75,
0xeac53e4b6e6187ff077863e8dc0df89e55b11152,94.35,
0xea407239885a632fc8f5fdc9f4ad1b044e13814c,31.45,
0xf881a8778d518849d3bd6b4461de16530f088a7d,29.75,
0x8f41072c2ea652ec36138621cdbbd53003b14bb9,94.35,
0x9b7231e97fb06c36b7c62d358d731066fd8ca854,29.75,
0x9f5cfdb271da1100df86caa10243f3120ba4c6d9,125.8,
0xf63120d1f587b5ff28a63acf2c89041bdd86221d,116.45,
0xb687e75958b907f968f0674b1d10a5d2ed946a86,17,
0xcfad591ff4b9f2c6e10376128eda7028c6e6535a,473.45,
0x110ae93934bf9c0ba3e3cce99c8861dd4130954e,29.75,
0x98e285c641ae0626d41ce2f0f8368475a6d6bce8,281.35,
0x1e05b60e7bdf8d583b3a6a9cd613056552bd7b1b,29.75,
0x1e62e20006fb6dbe2ff816db0850de1ca1ee1707,29.75,
0xf64e334a0e2a5d2a6f82b878292c4f3ccc0ef56d,149.6,
0x7fc0effd013d84dceb6639691ae520b7427e5398,17,
0xfbede12ee9f4f58ac0d47ec2fab53d8771c9c71a,269.45,
0x34c74a41797ea7935ccb2e9e05f5757e5d9c9c99,29.75,
0xb2c92bc929c28e6812e7e74da3dda6b529bfbcfc,80.75,
0x49f79097e5079b3ef37eec1b91e62441a7a0cf53,31.45,
0xb72c705753bd9bd3fd6b511aa29f515762b1be0f,184.45,
0xd1781dc1ef5b6a2e7aae11843325cb88d4ecd822,29.75,
0x3c0a2ddc8da83f5b52a7688a2881215535881f14,29.75,
0x540e7b74ff66550af2109dd2875e86df75b7da40,29.75,
0x7a9d97acd1e43096a04d235678454e56b65cc7c2,407.15,
0xe40878b2268297282e83fccdbd70e4e23afd3dd0,46.75,
0x07c4ac56a217f1e351048878bd2612861b3332b3,29.75,
0xaf815ca9e4cb2f2dba2894c142e3409cf8aea4fb,29.75,
0x9a8bc9c6d9698471e284bfe2fdaed484d16bee5b,80.75,
0xd679cdd3ce9d724a748f649b9456e6466026211c,29.75,
0x8014336f09e02a0f5bc488cb9be5b20a08797db8,369.75,
0x258f4f87e0cd07e0a853a110dd4a0aaf85e9e17a,29.75,
0x4f47d1f69842fdcef6a1891fb22ea8a0bc20d4cb,29.75,
0xb90e4d6c3d7ff4e0b0b222f43dfe94905731d422,82.45,
0x6fba89936d3b7a0c785ad5a7616e47d24151cd75,51,
0x9d5427b0effe0f4a0b711cf2ff9e753e8a364845,29.75,
0x8d74093eed5ccced5415f20bf78a3d6f7675ca0b,17,
0x161534160aa26a05a3d7d12b80a37b036d9b48c0,51,
0xb88bce9b6590ee19c6185ace40ab24857f516a44,29.75,
0x5b3b01e21c9cbe8c6574365a2445668b5eccb45e,377.4,
0x1db01626210c100f460e372b2f9bbf303dbbe5b5,80.75,
0x41598a075b62e96e380939d6e938aca2668e74ad,52.25,
0x9bdaa5a0b99634dda08b18bccd03ad55009313c7,29.75,
0xd368727942a6b0c5aca4c37de985a29115d51e2b,29.75,
0x36247316ab014ad2b364b4463d5fa91d51230b84,29.75,
0xc4c3d65a580b80c9256154c37064cb1b39f0f85a,29.75,
0xfa0ba8efa28731522fc44da1759cbf3e63982a02,51,
0xa5a251ae6a06899973d40eacf777f950c7e4236c,29.75,
0xced8dc977c2ff06e0a11c3234f8b6a3463994a97,45.9,
0x6fe93fa847aeafdcbe4b7066a50382405b4f47a3,29.75,
0x261320fc5aa9ee640a4fe8abf8b0eebd659afd62,29.75,
0xad556931a5274f0c5596786aeadd3b88517655db,94.35,
0xd6fc557061bb8bd633d64128f059d2c9da2e1033,29.75,
0x24506719d70801d3c57806bf8934538a963c65b2,340,
0x946a1d0a7a80f8badcf9706b96b6698b95706d49,29.75,
0x1736a6acba76c1990afd339d70c17b9ea0bb0569,111.15,
0xa40669340c2be92d89b04fae326db8d13e9eb1a7,23.8,
0xf5d9707e4ba66d6b44f4cfb75637d54e5cc2e1fe,29.75,
0x15a10143fc70bc82fa2f9c7a55a00aa52fa825e2,29.75,
0x6a199f2c0bc8296cba13449641089d1a7b420202,29.75,
0x11e8cf2af7f30f31a33f84be57f90144533980aa,158.1,
0x3Fc524159926EfE9B6af5c287214eF75E61ac929,29.75,
0x15c3c2b63b098a31a4a50e27ace26dbc0f9fe3f4,269.45,
0x9033ac5cc09720d50099e53b986d13d6a5de3495,29.75,
0x57cd39d09fcfc70a51d18806127c0aefbfeee875,29.75,
0x4bd2ffc16a557502953538260cc139a7938bb008,29.75,
0x2d911f3d63d04fe2fbe5ea6f0ee199700a05efd8,29.75,
0x667c5DEF22003b28fD1F172097e7ebbAE4080753,377.4,
0xd36a5064e9ff309bf62f8b9aaae39510923fe162,29.75,
0x6c33137bc0b28b3bb54bbc9c9e704ceeeccba201,29.75,
0x696481cd239f284774b212d964983222bd20babd,29.75,
0x85ca4d5dd1e41e1335d78b362fff9391e9038167,29.75,
0xf4d6250f20f7c510f104aa50fbe0bb7eba3ee35c,510,
0x900447d6acabd0d13171cb6b80e28f5859efb145,94.35,
0x4a78f58d703ef5b34edd7d5a8d1f0a0913145caa,45.9,
0x5a5ab07b1740aecdc45aeafef7f1d48ed2ab3b4f,35.7,
0x59bdb555a17ac2baad2709b0fb513fd19539115b,29.75,
0xe37e187347465d37963db4c9b4026ec9a3e0a8f1,189.55,
0x463e39661f2f1cde5d094c5a8d55a00128e2c71a,377.4,
0x765e4dba22cb8f459e36d7863bdacc3e7355b00a,29.75,
0xeec1ce2f6ff426500d696093c55e0b9f96bd9297,29.75,
0xca714976fd5b1a90b8eb55f874ba29d4290385f0,29.75,
0x8b6fe75b4733e43d76677ce40930883414e7c428,29.75,
0xf5ccf13be5054e5c98f6ef2b9c1c04d2420a784b,29.75,
0x8025ce2efe37e68b1496cb08a2cc49db36e57ecd,57.8,
0x62a0e33e67470b7c22bece90a42cb80c6fcd59a4,17,
0xc1fdbf3378c70a6bc3e26bd97df5abdabb6a4038,29.75,
0xb93138a86aa82431774956eace1e973eac21c0f8,29.75,
0x00ce77a0f3db8d7217df1d02c6f8dcea42785199,29.75,
0x4b18c84d2e1d184d90b6e4ea24c6a4625bfaf298,11.9,
0x7d833b42e361db6b9b2312b2fa4834a6a928d1d5,29.75,
0x65a4df0ccb1e51a53c981bd5461e56e504becedd,29.75,
0xc3eea9253afbebd1ce5ba07b77860bc0104a157f,29.75,
0xe3e19d4050d27a55414e04bf2bd493963c402efb,29.75,
0xc20bdbd8e0e6a12a218b1959df0d1cc8c6225c25,29.75,
0x990050bf1c94ceb00cfdd0237181bb1a87456d76,1219.75,
0x495fe349ac8a10b6fc48cac70da44eb1b12967c9,29.75,
0x4592299abe9e02286d31d09f7c5b9bc99ba3d095,51,
0x03d279c1b95725562fca79a6562afc5904aef9d3,290.7,
0x99f16b7302d0c5e56fa6452267088647b9fc2bf9,35.7,
0xa42a317e1d9ad2a29ef0047b5dc307ee5988b0a8,269.45,
0xab8afced22c403e35df4367727d5b031e28165d8,29.75,
0xa111042fd5e195af91ef6da34ee5ef69b46a5905,29.75,
0x2b120d512ffce169a7c80a6a77fcd37c281ec5df,63.75,
0xd9d6d07e6d3ebf5f7806f3598db0f2c2ffc7a81a,29.75,
0x92b12c72ada95f23c1d8a10f72ba51238e442676,96.9,
0xc243e97872e15ac30f7202bc1493c3a34d1ed42e,62.9,
0x0b9c8b62e2025d22a752c7cd85a885a35115128a,29.75,
0xc03815b70cd64f73fc986e70d4663ed3e5ddcd98,188.7,
0x60de9293faee42508abecbc6b9c7d07d082383b5,29.75,
0x60f72206377869128210f7e9883fd3d88b81161f,29.75,
0x64e03b7efabeeed22230a74f3cec8b6dca919e86,29.75,
0x18f25bcbba8f34f77f089a091984d1908e0ba156,188.7,
0x5e660ea40da52dfee987a325dfc01c03e94f2ff2,481.1,
0xb3f1f3d5e94897463a7f631e9d084b67243e8288,600.1,
0x147fa5a933674447e430fa73e37d239cda91a0e9,377.4,
0xc0c2f13e89e2fe3e17df3008a03c6832c8fd27e8,29.75,
0xfb35f7777ce58511842f1399bd05aa09876d4fff,124.1,
0x9dd6e32328db0518369d4092d29691c76771abea,63.75,
0xb1426417dbba0ee7248935d75a5ca85087b7ec3e,29.75,
0xa325ac2d571e4b490bacf13264c285ed6da61a85,125.8,
0x47d21ae4ea12fb49b4c505b7c4933d28507fc4b2,51,
0x2aaac00464207d9c4443521dbdd04723e0cd0324,29.75,
0x14f06d026218270323ad5eeebb1fef0d0c22b6cc,29.75,
0xc0036e8a76accec6f8fec591503f531f2326bf8e,51,
0xcfa8286b0383ef4d3c687ab437b049da8258511c,29.75,
0xd706c7507155c7f1492f6cd84c111f972c8eeaa9,29.75,
0xc987df44f7c0d58d21d284c0f7c8b5ef29ce08c1,28.9,
0x96024648d238eae9c600cbc071a420d722212299,80.75,
0xc0703c6cac7e0083682989886d4e11b01d75aa26,29.75,
0x0b448c913cc7b8f1072215aba22f79233036654e,281.35,
0xb1dd9139e4bd29094cfaea2d4eb4b06dfc856488,79.9,
0x1c9ba78575a468df6e90fc98b263c0cdfad2d430,646.85,
0x2cfb03a27305f4babc5e43fe27a572f41cf8de3d,29.75,
0xb27513c0e26b70ec2cd1f7d9c284f161d3fd7cdc,51,
0x54c281c0d8433e4a50fa104b6b0a6aaa3c143e79,29.75,
0xce611c32ea6c93e68b67f7b22692b51cbb2085e3,33.25,
0xfc84feb2e3e1c6cfb90d9d00166b60ed03a4c7e0,29.75,
0x0d6d5d3c93d8bbeb7699ff0387d19a205a990e99,29.75,
0x4156f804a6869c4382ec14b9e60f634319b2839b,125.8,
0xf88e5b0304e9a9989e5ba60569c6b79897481684,188.7,
0xd89e35b5040bf8b0e7c8596962d9b6c2a9db9bdc,29.75,
0xd063b0f127d44ba15cb8c3f1df469daa99555fe0,29.75,
0x2d375a25a80747de74ae9aae665b2d647cfa4884,34,
0x5a939f64b743dfc2eb5adbbf22488fea9f2b0303,29.75,
0x8f9105569f04b74b5ce52d0942d96a340b5e2526,239.7,
0x091ef59d8d3bc256dc7d548c3311dedffbe7a044,62.9,
0x57ac67d639cddaa91afc03bad1e6e2705386c389,188.7,
0xa8a764f8dc891316ef737f490b72700315369189,29.75,
0x58e81116fcb89af7f87af7805d175ad7a79e1367,188.7,
0xefc34eb83aa5cfa7849404a35d2f246d7f1d3493,29.75,
0xcefb6d3824ae14bbe7ecf5774222785706b46a40,145.35,
0x7a0d0efdbfe13f1217ca6bfeb73de7d4ef03a199,29.75,
0xb7a68d7242dcc96724a2c4dc4e2d70fb02320e8d,29.75,
0x1ffb462478dc0c2d416be77911a1be9ac696cf37,62.9,
0xee997109196a66c3a1bc0342d049b2c5dc608991,29.75,
0x6cb6e7db112c1f53ecabe2d3dbd289dd9cba4988,29.75,
0x3acb4f5f532a0caaf496b939c4eda5ec7c047d09,29.75,
0x734ad9a35c1b4034affa11f5cd957975533501d9,29.75,
0xd8ced545b19997ee2c78c2750d53d7a29ec506bb,29.75,
0x593eba88b2fe0fb33279f19f3a3e5164b4b0715b,29.75,
0xc5eea7c26bb394319111a928ba2b5f06b9dbbbf7,29.75,
0x0fb96584ac65a23dbf9236599a9cdefa87aa8722,188.7,
0xf33ea5b3f0ab05e39d1656d42f475b5a87ed21c6,158.1,
0xee8df27f46fdad4213c156ff3a6119eb44ae0c0d,29.75,
0x679186d7e07023908f70947d8c96592b28e246a6,243.1,
0x12cdfe796f4331a5a30cd768fbbf99f22d8f0060,269.45,
0x85c1c147bf2c2c6939d5b67cbe43c4a7e06c787e,29.75,
0x3a7cde6a0ed938ce4ee25f580560d347108e4b06,29.75,
0xdc5ca6059a11ecf6e5759485848daf94f15c05be,63.75,
0xb9b2b97a7b4e93e3a912b5dbcb45f426fe4fa6c0,29.75,
0x1e36b8c18b3efb9f178a2ce294096ab01daf2f46,29.75,
0x8b3d33ad0c003fe9b3c423c2302bee013a1e9385,29.75,
0xcc8b05699d868c646bf780d835f4959db0d56956,29.75,
0x164ab5c0c28611b97173026bdfbd7eb47de3fdb7,617.1,
0x14b51dbaeb36bab0465fb45cfca569eb41802735,209.1,
0x15f76862162f4824e7620d9b258822390e13447f,113.9,
0x5c6b49a1ee8640f1a67b1b8f36677dc75b23fd6a,23.8,
0x2c068d142adfce1a17f862c7e0de93975b2d76c3,188.7,
0x069d69940665c8a680370ad75e0e2e907bd3cf18,29.75,
0x0fe461bffd5c344277071666f976afb20b00392c,29.75,
0xa0f5d6e0358d228870a98866580d8694c49530f9,19,
0xadc3dee8b63d0e56fc740c74b30cc8f106dfaa02,94.35,
0x5a546601bbbaf3c899eea647f201c20f03c93155,29.75,
0x547df9113f65140af37ea1d61095c6124e7b0c85,35.7,
0x565abb22bbce2c07d646d58ea1086931710f4ebe,29.75,
0xf7291c1e9b4ca414a23abe9efc2b412fec59971e,23.8,
0x1c3f57fb063595f5c4a631dbb8f604aef8ed45e5,11.9,
0xe189de9ba3c9184f2a4a3b461873d9d52eeb578d,99.45,
0xd239236adc7a0c8a073ccac627b8861f28eedf43,62.9,
0xfc263ac5fa8b0333b99923596283860cefb8a4a5,29.75,
0x3060654bbd14b4e6c86bdd09945a6a1b83c7cd51,28.9,
0x58dc347e960eb2ea2cf9d7ef865ad655121c8930,125.8,
0x58ef023773b320d54deae405e99103b3c9cd748c,85,
0x57c1e94ec10573b9da09ecfd9287a87acb179705,377.4,
0xb20e83d5ef951fef711ecf0b7d15dd84dd0cc21f,8.5,
0xb34b751355f7706de652ee77083fb5058ccf7f5f,206.55,
0x7824fde3befa88fd45ebae434301c6d92e85de3d,25.5,
0x603646bacf5f38691e8c2e8aa07e93d695ff102d,29.75,
0xa9aad34949febeeb997f9b0da84e8e076332979a,391,
0x79671f051b63544a650274955dc6f4c0ed8f9fcf,29.75,
0x83272588225b466cd2aba44bb55e2d0975cd0786,159.6,
0x6ea35bb7b426a1bb4788c4d73d3c8b73adf0b9d3,80.75,
0xfddc2f2128e507a1b9c18b93689c3c950ed19509,29.75,
0x4317fb87e83ec81792059e1bb6000341bbc41cf9,29.75,
0x047f33433e01655667b8779659b77cf88ed34ef6,29.75,
0x518ed434ce9b108c579510ce6fe389994f725498,239.7,
0xf6ab67297f2a593d01e51bd72b5781a5fee96e1b,80.75,
0xe71d61986a95d992b1b659ff9b74e9c892313d07,29.75,
0xc5fb618477f101a1eb125b696462dcc36a10ac2e,94.35,
0xa970c50976c2687cee51caa52e99c1b9ac8d0bdd,407.15,
0x8715235d27af0259516428abc13fe90630430012,94.35,
0x8716d420e1eb68d3c7e87e07cdc87342b8908c58,29.75,
0xed62002bb7697c12d1f7fb6c7d98dd2fd995b618,29.75,
0xd0ff20bcb48598eb2152d72368bd879ed2c605de,284.75,
0xb84b3850eabf40264c45ff1a5b5ee3bd64f9983b,113.9,
0xf5e7e762ef967f7be3f36d6db186b870e5f1e497,227.8,
0x89edf22df2672b4ac72276c00ccf54e73516dcf1,62.9,
0x70e65c8130b26059e74dc72d5db243935099b387,62.9,
0x81170c6aa73936395c3733dc125b41d788b0c285,17,
0x2c3f38f18ef634f7a8e6478259189a543373352a,29.75,
0x24b4e4dc337f6604c5c667653cfad4b401ef3986,29.75,
0x9791e3a1216351cc56bd1f50fb25bd53f2dea62f,37.4,
0x3164f60c608e30ad8bc8d0179eaa3a8289145740,232.9,
0x173a85bb181ec518b98d64594e543a877e7a5d82,170,
0x736caa824db991cf6154c86434f372e4c8c84f73,11.9,
0x0c08bafda58f784275988c40adde72bd43eac01d,29.75,
0xaee29e68980a5bc124685dd0dd631b6dca634462,29.75,
0x39b0e2f883605326005106f14a2d03ed386e99ac,188.7,
0xdb31384b7a653c6ef3c2c941cde7bfcefb6dc6ec,29.75,
0x834cbd994ea9178a7b045b38f525f8b52f281533,29.75,
0xbd3fe5d5cf1ea2f3b87cea80e6e6ce751ea8ef45,29.75,
0x50e76fbf9fbc27563afb51e2340539de69972dc6,29.75,
0x7bfb8707d92fb1ee4573f756f325cffa2d6b9b67,29.75,
0x13ee822e5d2bb509f85da118fb132e156e29c563,34,
0xa6d8f58057ae05b843e9b6549d5a7e5155fe1575,539.75,
0x84666a6ddd5a78b6b99e2277ec3d8d651dd52df4,29.75,
0x544574a7feedb4669f080cb9fea1a4b3d133f821,29.75,
0xa68c69974460f5bdcdf60f23103762e81a8889a4,29.75,
0x2205222844b1cde8c325ad7c5d23b1eead889066,624.75,
0x85df2ed8296a60867c5a6604d3c41d20fe9fb905,646.85,
0x3399afe196417429028a116dc1730482dacc88ed,63.75,
0x65aa70fc515578410598f3812a18e02c88ba6aa7,188.7,
0x0234f4d05041e1416ae5fff8dd64061df5238bcb,29.75,
0xd0cd01ee78accd17598627ab548e667f1f4bb98c,17,
0x342da5d7777e5828497b9b304839d57546ba424e,29.75,
0x66d354ef46de2eb4a95867e0c5650498b67b29bf,62.9,
0x63e465ba73e9c986c8ec731f92fc0d6473251bd9,29.75,
0xaaae96ec2e99336ab4c24ab21831882bb24b460d,62.9,
0xb29a7297089b60214173c4b07b54073fa5d5129e,94.35,
0x69db833c2a884569fe89615c4203c4e955f7526b,29.75,
0xd517b2add2d2b1922a47d98a415f343ffabc96c1,23.8,
0x3119ac799b80d7c4a663039c62c6f64c63c7aa8a,29.75,
0x3812f734253ff7f0409c739f9ff88f64a71a3908,29.75,
0x9d301dc98eb58499cbc2f300e017cabcc48d70ec,29.75,
0x15e09502fa87915c78c28fb974cfc678d4957c24,377.4,
0x0c3d502b7a4c7130bdbb410509c6c6ace9780eb4,29.75,
0xe4c16f56a69c9fdea268dded65fcadda2404204d,29.75,
0xc41abe3c28b91ea572a05ce4738eba1b4099166b,34,
0xd8684e33dfe121936737428f8284dfa3401d911f,29.75,
0x4a793ba8f449a4c6a44746a06abcd9785f436632,29.75,
0xc436e84ee21247fbf5b3c181749d7b1b54c92d0e,29.75,
0xde7fb34d93f672a5d587dc0f8a416b13eed8547d,1933.25,
0xab868ac6da9172531df31afd181c9623de5831b4,112.2,
0x2e08b882bfd183fe1dbcde709c8b7812a9a18fe0,51,
0x4cdff5e800c89a2eff2ad28e9f503a77bb9906fc,29.75,
0x3a31d9d9120013a2f1f55ce45068ed9ce4795e9f,86.7,
0xc4eae7050f71ab4a3d3ce4768c3a66fc7bf33e0b,51,
0xbee95b56607128259fe8b7d6503ea9ea8004cadb,510,
0xeb45079d37c11c55b8250e0c8e5c1fce53edb42e,29.75,
0xad0b0585c79a83091e6f6a9726c21e21286baa15,34,
0xae0bc183ff3dfd2022142c2e914cd55d56eda438,566.1,
0x9da918ddfdf72b26dc05189ceebfcbaee7795cb8,29.75,
0xeef93be38791d70766985418a73dab773dceda78,95.2,
0x8b1eecc57a8ab5fbc027e2434f8184cff6dc8f08,29.75,
0xfc9ea392abd49cb1437e2a1bc2e1700feb40961f,17,
0xd016738da53803756cc9f94e224d19114b9f0ef6,46.75,
0x7c36823bf44debb0ae96073aa47ba88f0bb16cbf,29.75,
0xa874e5b6fa88085fca1414b80d517c6c7b64d767,17,
0x1f0ca6295b58dd6dfe7b9220eeb57988cf9390cd,595.85,
0xf411fe23c2a8d631187a0825dcf8d99b86319bc1,46.75,
0xde58e5d0686e0d5341186c6a9a7898932e3c5d73,29.75,
0x1d6844a988aa156850c20a1aa32bc0099c9a925b,25.5,
0x2aabec1dbedc85dc66b5fa144be9deb52c1f5699,25.5,
0xfa055e85b0d8338dbd3693e752460db91be02b80,29.75,
0xbe3187c9e29fa6d77072b91f410d85dd3c766a0c,29.75,
0xde13bc4f13142649fcc6d94f2ecbf5af14cd66d6,17,
0x08d2cd1ce328580f2abe6957cba8a68bf9cb00cc,66.3,
0x41f58409ae9924d88ce1a5fdea9504522591dff1,55.25,
0x39ba40496c42ee48446f3ab943e7b2b50549436a,29.75,
0x7f0e2eb318b8a7ba583bca038a96dbe0ab0d0f07,29.75,
0x0b3181786fe6ee88f2d27ee3a9ebd51c1318abfa,222.7,
0xab18d75ca49a282c2fb18ae6d48209f39f2165d8,51,
0x210383a9ae02a188bee0fbfff53824f625b9488c,29.75,
0x83079fbab34d68d2970e4e66225012b19d407977,170,
0x0cee101ff738a4d6244be06fff228e3956ebe08d,29.75,
0x4246c39c01492927c4962c81d2e1c473718ec276,29.75,
0x2ecaa3162e5c06d6994201daadd0a9ff5c3eacda,94.35,
0x0cea67067768a6d908626322f0e0cf10e43a314d,239.7,
0x1102ad535f27462663e2652e6c42254ddd5dc26e,29.75,
0x23d020104df75f9f14f48401e7193f4721782d5d,29.75,
0x4da2e0717546a68ccd2fd2855e988aec2ce70b20,218.45,
0x385a1644c68944bba8e9ae866f510137b5360451,92.65,
0x6da8e2a4f09d920ab5404d5ee1c55a8577abbeaa,175.1,
0x935db4f617617e548189f63db8514a2ad8752f86,29.75,
0xe9d99deea6a4da5c7e32cab1495f58139b70f8c3,269.45,
0xab2b5308521364af5b71101374c72dff34f1fccd,46.75,
0x902c7a697b3c0aa3089952af3de6e905ee46b248,29.75,
0xe07d437ae840fa225437185e1ae0811828222c0e,11.9,
0x8212426ef424ccaf7113f78301e2e9c07172f63d,41.65,
0x14a1393c0b049c5efe156acf6948690881b6e9b7,29.75,
0x6abf339ebd0f06a825e47c97d9e22e852bd53744,34,
0x42417c2b4be3315eeab7be627e3592000eee808e,29.75,
0x46241047bc86a7139877fcdfc994083f45498c57,51,
0x07b790eebeb9c932924c4732c17fbe451bee4440,29.75,
0x15b9a097e5bfd6a75e9d04f3b5eadf6cd6abb622,51,
0xac1b2469d1b46b6290dcad11b7f0d57bca55e18c,176.8,
0xcf9b18f82840436ff7305e8dff0f76b5ee039526,17,
0x774e2f5c083830e9b6c56fd10396e8b5f8bd5ebc,34,
0x37b8ef2da4964886f16c6b14fc87a5c8c9ac4038,566.1,
0x7f343e5a782fef3e603e8eb34da8a67c74d32b6b,29.75,
0xd3a55cacfa1641b78dac8f653ac482bc33080a7c,11.9,
0x7fa992dda178b01701048c302273b484a4b4cb3d,23.8,
0xd2dd514853e115df9fb4a1bf58d181f09fbc318f,29.75,
0x0827c55d1f5585c781332432d691d56e0320e911,29.75,
0x86aa07965b08a0d1c7a633c808d4461be956e1bc,29.75,
0x2f2bf91b3e93d8fa7cc84be799c5b30f8dd014ac,80.75,
0x9f8cc9eca1749ee7638ebafb9fdcdd3831dc4301,29.75,
0xe963a35c70cef28b848bbbe5112c9b78e86f56f2,29.75,
0xa47c75310994ffb2824c8d0fec11f584ec3e42a3,29.75,
0xe5172ccac67ec6d9110b9fc0aafd6985904e56f9,29.75,
0x7d28e6ac56d6c20837a58269ee8d9c806242a96c,125.8,
0xe997e11534697cbd56cc697289950d0379b4a9c2,29.75,
0x2f11ab0502207b4bb694ce3bfc1b222946b39fa9,29.75,
0x26a9db44a197180d4c0fca91070efd2477087edd,29.75,
0xab9c72bb4c9e7c6b6b14fb7d8654bfb0f0eade2b,29.75,
0xcff5366392ed44d7e8a8889d8f92a32a1a766901,17,
0x97316c9aa1cd8214282c64f5ba08e4eaaee4a769,29.75,
0xf35fa1880cbba1462e21a4a4e081ae8fa5c5e5c3,51,
0xe16078e85c3745ec0e2a774d0b1ccd16e9adc33e,29.75,
0x26b4e82365e1250fd4b46d78cd8e2971f5db1a3c,29.75,
0xe200457c638c99d002ef4cf5d7dae1dd4553a240,29.75,
0xdb0be14f6695bc690af2667338eba32c403420e1,29.75,
0xa942a884fef879e758d832e0eb99c2283faf5476,29.75,
0x5348a1ad89f3c0abfda082a088e46841ebb2efe1,29.75,
0xfd97778fa40592378dd58a0c1ffec2c544fbe200,29.75,
0xeab615ba9e4ee5f219846d67a8e3771fbbda4a4f,188.7,
0x913b1d78f53243d0e2654f17c88868ca2d596ea1,269.45,
0x24354ef7ca981643076adc7a89f4e3adedff9d28,218.45,
0x323e2e4f0340f65b602c26982eea7a38a1cba5ac,65.45,
0x36aabc3abf6f4374a44bdcb9990b620a899bbbd6,51,
0xc2a7e936975637e0d45f03ea7bdf2441cc19c73c,29.75,
0x4710222d066581b6e23576db0e32c4b33edde19d,29.75,
0xfac4f8bc040c0349e7b65c9175580aea85406d4a,51,
0xd00acdb17e5c5ab2096dcb8a3789ed0607ccbcac,29.75,
0xfccf566a6495d6e78e71250f51d902324aeffaec,35.7,
0x002e38015846bfe01d9c98654569ca08ad4a07f4,29.75,
0x5cbd1e0a7441f93589eb89630892fe0e5c6a631a,23.8,
0x06f8e6f35c98bc4e8b10fca1b17669ce3f409f7a,80.75,
0xe756c039205546857c72abf37915430d4530ac36,29.75,
0x1acabc53186e43d74ff3c83ebe71d295be3deb28,211.65,
0x0bfd7b485dee1137579bdffda8661d8e27c14918,31.45,
0xe7e07f085fd876d3619af686dcb3a295778bb01d,65.45,
0xb3c4fde0130fd3029ba6cf93ad4bb78386710e13,29.75,
0x65ee9c547d8b988f53a1cb9cfba3eee947002fa6,29.75,
0x5803d62c06c301a22401d60ae790d7f4efe58619,94.35,
0xa40763d27d7d0897e9d49a7c2da2c5d8eb8052f2,29.75,
0x53d3b926bba22f37d27082a9b56a4b6d7f2cc8ae,119,
0x6d5707848609b59d656b7805e4697f25371b2ee0,34,
0x32b757621a286104fa0b045ebf2ebd34b495a5be,175.1,
0x4817e02efc9131a8d01f4745721d1e5048b9eb45,377.4,
0x8003219e26805d7e2f23fdbeac4288263d0ff6d8,79.9,
0x1b8ffe2a327e2f13be095f0a0ae361ba84217b14,92.65,
0x6837c02a5f566560354c8b7463706f29ba7797d3,29.75,
0xb2f637d25cfe5a52f326cc98448dd5612954dca3,29.75,
0x2322c4ab59be46fe98d96d981b34e823d42c28f0,29.75,
0xb3fb825c7ffb5cbad945122576053d98172dfc9f,29.75,
0xd01efdb35c56413f26aff1be140edbdb4aa3123a,29.75,
0xda93835568cf7092ff6e6b1732853fe277848d06,29.75,
0x19304e28932a456d5e6c1fa89afbdb24b7a5ab65,29.75,
0xd22c1859b470570ef6e9d2be62854f588e5b2da1,29.75,
0xe9f5d098e48ad897207973bd8e8eb5ae68965ad8,29.75,
0x376296316a8cc6d5d62dbeaa39787fe9acd6e891,269.45,
0xc427603116eeeca5f96294a8587cdaf343ce921c,29.75,
0xe4123f89c79dc32d1ed698c060f99b9e3d29eec1,62.9,
0x521905d31bd460b4543a24cab151e90f3bd916b2,566.1,
0x047afe01ffc618ba4f89ae973e1c6ed53dd7b633,29.75,
0xccca6d1c60841242e040689a43b9d0f5da62e51d,62.9,
0x23e015c60b98df74ce55b9883a1e02bc8b0533ff,39.1,
0xbe3c99f39b4632f406966a75341e38cc57bb122d,29.75,
0x7cea6612d62d82f9558355133e9a648f09234d1c,260.95,
0xb80cded01504b937f024a4bc8746d96506c38ed7,170,
0xfb28017bdf9ad77d077aab0bac19af117f9efde3,29.75,
0xa03bb69f2a9bad04e028d2d4ab62c5fcb520cb36,188.7,
0x13e19b14b4d06790f259b19beb470d7a53860392,29.75,
0x0dc99e4a17ab2154503c11ac9d8f58e672103009,17,
0x86f84f893fe22910c7f22cefa4cbfcab5a00915c,337.45,
0x9b448cf7dc9e69509cf9e7066cd97060568c68dd,458.15,
0xce87dfd63d27231e78001b099b050a6c7ca9636c,29.75,
0xcf32e15499fdd5bb4b32c2846054fe0ed621d13f,29.75,
0x100169f3524f13defb298e3afcd742f3f2987095,1215.5,
0x517e9c8199d3fd22c34a27ccce97630b0962d20f,29.75,
0x9fc1d534cf40c65bafbc5cb6e13e484bdbc18be1,29.75,
0x17311c96fdb117743e5b0ea04a8b8c9feaf9530b,17,
0x4820ce2caebd82b54a6017a8e705af4151954a73,34,
0xc592517ec3703e3aeec042588b5da202f60b2ac2,62.9,
0x9371ce55875c7b855bf4d479b419c6d7fd9d7845,62.9,
0xe7615b0b2680d2842b11c22c11d48635ef62bd0b,251.6,
0xcc0c7be8e1f9266158553c7f096e637ae03df53c,29.75,
0x27253b38e2a86897b6501d1984a0f190e1e6a4c5,17,
0xc87a7aa4fd0b06b9aea2fe96bc93a0ed89639bf8,17,
0x9f2eafaad26804af467165058926cbf756c73580,82.45,
0x7bc49f90a2226fbea713864529eb15437d8be9c7,46.75,
0x55b25c90922c6f0a364fdb1327f089d1aa7412d5,29.75,
0xdda2e5a23bdade6c9fe4fba3b19512db2939b41b,29.75,
0x53b0b71c1303ef5639c4669f888b670f86929680,125.8,
0xe55205ff1d17b903a87bf5ab0fd5a2acae13b2fa,125.8,
0xac7e9974fbba25ccbbc29de8d541684814a00b7d,29.75,
0xe6c41b9c199fb01ff09239c25e0e99b13648f94e,29.75,
0x4fef2a576965aa81a4c4e07139b2f6afced55f05,377.4,
0x5a6ece86c242dafba382e2b249b5cea937f30401,29.75,
0xac24b97d788699695a8bfc7e1b1a7228803d78d5,29.75,
0x164cb2b4f4013ab58f7f03498f46197ba2d7db4e,29.75,
0x69bedfada2f9c0d7490dc15250bf60bbf7b46f44,29.75,
0x6bb0c6741693a21de01e253e70745ae3f5cf8661,29.75,
0x44e890bf6eb2a59ca2ae38242361ead256e382b2,188.7,
0x87716cab3fcc7b5c5a8d0aff06cdae0a716f4e7c,377.4,
0x50a9af0465b4e08536fa00f128fdf129df40c2e4,29.75,
0x9042396d6feaec95ec9dada7dfb9b2c8615f9e72,17,
0x595971b2b7ba20b149c16b234e28902308544c05,29.75,
0xe5bb93b27d9df970e65a4b80fb3c2e31946ebaea,29.75,
0x4a3b760addd5675185adc96643ec648b4d6008e2,188.7,
0x332d6c661cb59dcd7e447227cd6c87ab960b6285,29.75,
0xc7dd7e84e786bbd45697f3c9735fa6a22fcfa607,51,
0x4588cf32aa0a5f1ec7c308822827535a22dc00d6,29.75,
0x35aeb419dc266c138043eb4aaa482ead5da5c1d0,29.75,
0x9cd0b88bc8dc41c53dac2c5f5b7cfc4737ea9686,29.75,
0x7dde9e96539308215242edc7fa490162bd5fe337,92.65,
0x0b46727a870a86c6ebb34a814389f5da8bfed665,206.55,
0x52cb0ddfeef3009fb15fca7ed16ff4b7e1e43167,94.35,
0x7c839fdb4018eb7cbc81b370a18114acd419fd5d,29.75,
0x1761b38c6b338a3d931576c80c6f272f8eb08387,29.75,
0xfaf34daa827d4213d7a7eb76699faaeaedfdba9e,17,
0x53e6442cf7c8de9eec8b956a9513fa5ea2f5bc03,29.75,
0x9f7af5df28ccafb9768c0a6e2ec31fc36b539cfd,29.75,
0x3a663169d2f7fdb3594e8faa1afca38047abc262,148.75,
0xce8c2b93f511af49d30b857a700d41e3bc16d1cc,188.7,
0x71070f336bf45a0193137a8a501914b4fd54230c,188.7,
0x3a4aa2089d9bf4c39f33bcd44f049a90f2eab182,188.7,
0x6939b00687677eadbd5de4ef4bedeee29ebd04c7,23.8,
0xa0d7b7253289fe5d8d8d00d97a8477a0ec046718,377.4,
0xe8f5cb2b0ac1383b4bad46316da83cf61bdb9c06,29.75,
0x0f64871099d9177537dc4f7cc98ebaa4e014bf2d,8.5,
0x3f06f7d1fc5080a771c5d62f6d6742c3ed7e1b03,29.75,
0x311380c6873be3bb725f668f47becf24fb6e1466,29.75,
0xd41f9385f716bd78700525ac9bc6f60bc7e21d2d,29.75,
0x8b190a162e643760d91a02fb35dcec858c4e51dc,181.9,
0x6169ae7075c96a59533318c91b67009450e4a7f8,428.4,
0xa53b8b7217c30a5b5e588c01766899df8cc250f1,29.75,
0x62a1d1c6917f7758990e9a77c23228f821c2efbf,80.75,
0xf73da1bc4582e21204d14ed904e80e2d01b7f71c,23.8,
0x51bff6f116cd1d9bffb0248a669bbd86635d92f8,51,
0x5205ae8b803d737e1574d4a95b6e37e524fe7553,34,
0x1cf973d7e6b9dbab8b92268ac8e6a8847de83efe,29.75,
0xffd6db3f20d511b1074d7d1d78bc0afb9a0887b3,34,
0xc4c89304cbc3b4e56947534c32b625e186cedc66,17,
0xb2a92b4898be5ecae0d62d3792574d327ed7c873,82.45,
0x0bd1f42a96e4732f32d36069f29209c4206cc4a4,170,
0x90f17fe6ca1c61b77adb9810b4823f8fecca5a64,23.8,
0xaf2d1d9527f8d9d428160b41b8e1ea0e7cc2570d,90.25,
0x02e3d25310d9b069b3efc47a44ccf2373a26d8b2,29.75,
0x3fcb3018cbd53e0a6c93048eb5c7199487d7b7fe,29.75,
0xa1b685ed352edeb23ba92b14612c7b56accc548b,35.7,
0xbb3ed2a0eb60eee8c0dbf6d1b74e8b0a21fab056,193.8,
0x04bdfe9f6dd77131b8d9a749ac645f2d1e6e226a,29.75,
0xaa2b3d738f449f6bee121edc90a0838cd53a5dc8,29.75,
0x4353f8be56b4a3562cb3bfeb636006d545c34bbe,29.75,
0xd6c2f55aeeb3d5f31d90250dd9a95171399efadd,29.75,
0x498fb96f2e4e43703c42a44438c5f82b55e34094,188.7,
0xad9ea7e246b5df4775d3439202157dac1fd425d0,29.75,
0xe2720fb9f58364381369e443cd538da2da0bdc56,29.75,
0x8e653feb5b6d1c72ca69f6b6c79219c71dd80ec2,218.45,
0x860c31f2c6fcb573f4d14c73d4b624b5e6cf2b7f,29.75,
0xbae3f1ed8425e943b6fb257b2c306ab198098a70,29.75,
0x77c782774d5cda6e72bbd385db94aad7c8edcdb4,29.75,
0x55a16e1cda9ad73a74c31d6b3643ee20cdebdc1f,114.75,
0x717fdb68633898d4318a74e9243f5fa69e662389,53.55,
0xf6e4137de49007c31443e201a1c5ee4882c2dd25,29.75,
0xf26a2786b3d4ac6ddc6ad11f7314c5d0704af7fb,29.75,
0x390c6a2157358890377066da91804a3774cb2fcd,566.1,
0x554fb6cb2b4385d3986b303bedd0e950330b763c,31.45,
0x1b1e1b1b88663db034ad8e1a79cde298f91bde23,29.75,
0xa59f3d676c03429494f652bb51d9d546272c3976,272,
0xdb28eedf4924dd6099dd4a2e65da5ecb2ae6890a,34,
0x46de338d5a9a5d83327e6f37a7a03d7df0afe86e,29.75,
0xcad266fe95dfbfacc71e1a8cd90cc0423770cb8d,29.75,
0x55cd987a00536fae8e1f3effc2a6ce874393e6e1,159.8,
0x60591dd67a26c9039ad955e9173408517693510f,29.75,
0xaf71fbb0c52ca5687eaab139a70fed3e44b35fd0,377.4,
0x87f94e1fda93758a4523f53e76f04117500e4464,458.15,
0xc83031adf80a961ba946206a3cd40ab690be2803,29.75,
0xd15af2057453ab6238cebd6c0c792087151f1d97,17,
0x001836a838c31c089200f062669af9806b8ab038,170,
0x3296dd59163732ee3be9a63af566bad41837d52f,29.75,
0x8307bdd87540ba4ba3265fb7779e839569b6d9ec,46.75,
0xe9cc7db7b419742f35678f39f07e3b28afd70a87,269.45,
0x4b1ec19beac9c7542d0055a1527c3bb9c276ecd2,62.9,
0x92a4729d4ecb32c14344d68cc977761c5ab5773c,29.75,
0xb6ad21a93b0eaef00af1899a910997e09a3e001f,51,
0x08d4ea15a8d5f96dddc67c28d2ba1da9ca912c3c,31.45,
0x2d543a088d99ed4908bbbe10e0810f8fb650e75b,29.75,
0xd33bad42e85cceff0d17dfea41b58b96553792d0,29.75,
0x98d18e23f3b387fe5cbeb6b241e2c29dc17e8cd6,29.75,
0x20f4f39c4ff844b67d8bf319f81eb738870d81f3,29.75,
0x5e5156da4ad84676c45a810e8c84ee06d58f69c9,148.75,
0xcedd817e52b46ef2be2541b82852460313bfa229,29.75,
0x33d472ad80efdb11aece45fd146839a3d79bd7d8,148.75,
0x3744baa47228b390c79a8a06df241e48308dd680,458.15,
0xa3df17cdba56fdf70b6b855e26beff7914feb1fa,29.75,
0x7b234f98ababd152aec3bcadfd5c005997917a1e,29.75,
0x5dfd582104493312ff961f03113612b9a7dea67b,29.75,
0xca818fff663e3623033cfb0c4d2fa47869bd7c2e,17,
0xe3b9490a0ce9c740c7d3155130383a1c6ead4431,29.75,
0xd6a1575e3f1f271e06115efd33dadbd01d07ff1f,29.75,
0x2aacd59b6721c6873129976a2b45aa32b161bbdd,231.2,
0x263c7d9c00b1c98ec991958691badd38e1d73436,170,
0x1cc33bea90acffab0c104065002bc43aaa02e627,29.75,
0x54b054d80b7caa4ad5a2731e41351d58e77e4925,29.75,
0x2d79b193877391ef4856c0c7cecc7dd54435c44e,473.45,
0x6bae45e600572c29751becc6c56bd315de2f5b78,51,
0xea46a6beb7cda737dc49204424406ce6046297a6,51,
0x753066094386c62e705c3fa7c1bf99572dcf0b4d,79.9,
0x51e4aae33514af854591bc68d0052b670ad54698,82.45,
0x821e915b13e21181434029cc0ca253d4803edf92,17,
0x46d31d5b4989c2f04d80da66fde32fd1e60998d0,29.75,
0x55691ea8737db5682dd97c6cec47b570ddfcb8d9,29.75,
0x25309658af77868ea0e97ca22bcf33d8c4eeeb7b,29.75,
0x52b6548d581bf9d0765008bae70fad3ffeb9ca14,48.45,
0x7b11897546936824ce912cc6002129c8137f1b43,29.75,
0x522161fc2070c425c4253a5cd1f4dcc5da57f0d9,146.3,
0x6b30d0cce5eb647a98f09e955c497c7efbd46c82,29.75,
0x218765d8e195f455c120b9d572b23c415351b314,92.65,
0x5286cf16fe6cf2a229b7b094c7cd2e19c5f92db9,29.75,
0xc70fdce789d59d3edba8c3efb5da283ff2f54eaf,377.4,
0x8baf23cb33b18eb0d5fed8f6ab97498aa7e763b3,113.9,
0x00543804e1d4491d6c190abb7a2f3072d5f0719a,29.75,
0x8082c9798a89dd0d71c7cd0a80d0b1abacf2f3c2,29.75,
0xc05ef673dfbb15b0e02f58971b2dd9088b43fe99,125.8,
0xf393da239d8bcd9ee132e113ef4753cbfa411c11,874.95,
0xd3142c9c1d077b9c6834ca7df95875efe8587420,29.75,
0x9b80f360ecd1f2871d792ad0dd0d8ca7a972b222,51,
0xc0b8cea5a31f73ad4bf5b4949d42c1a69353c99c,255,
0x95d9d318db28ab20e2f06d05878cdf00b3dd9523,79.9,
0xdf65d5d0e5b91d1c56d3ee57c9d2d6de5601f4cf,175.1,
0x82894eee7964cbb7f7233180c668d9886d7252ab,80.75,
0x6b44877699536f3df10a727d1791bfe0c487a655,218.45,
0x2625dcb81b3154ef116c4e85c7d523d3978b8439,29.75,
0x30e534b4c5ff7b23047daad91bab403ef41d4266,29.75,
0xd07f900e995a01f519309f69aad87a4bac1a5117,51,
0xbf747c64fbe3f23e66704a0a89300ff3220822ff,145.35,
0x57b1f8bb6e2b5353cb42868436920c63094e6929,62.9,
0x404b6598a30f2a064249c92a0401196e02c1ebfa,29.75,
0x97f37bb1203941fe72fb6f5abbebaacc30b47d76,29.75,
0x9f729294b308f79243285348a7be3f58ae5ed31a,31.45,
0x7b84f3d5339210f7f1986f8fbe0ddce1059d369e,29.75,
0x2559bd9abf583fda8f205d947f1eb30e3b5a0de2,80.75,
0xd21e23fa5a8239203a2ddfeca5ccaa66229e4a36,29.75,
0x3bd568cfbd2d4e16017570fac8816da10a31fc79,477.7,
0x561bbbbfc0fb061ee03507334fc178ecdb478d31,428.4,
0xfc0fffdd6bcb0980e545c3969050ff0c294cca40,29.75,
0x7b273bf1d16c7b8990f776b7c1ccf29fb338d750,29.75,
0x031bbc9aa2a26002cadb05bbf53f40cbc3142fab,62.9,
0x82e18e93b4c3d2694ab2a40b501e6f87012b337e,29.75,
0x99f311340b73154afe5e66316eeaea1ff40115e7,29.75,
0x900e1a1916eddc2a4985b5515518dfb797a6534a,92.82,
0xf8181d33be0e673b5d5eb22911a771730724ae6a,62.9,
0x9aa5074f7577ea13890c1e809f303d621d4fc153,29.75,
0x0e37496ade08e6f00cb3f0989e44cac0d420534c,29.75,
0x55f1fbd3a5e8aed38be94f11c6fbbe7e4dc5939b,29.75,
0xd91a7784002752825d441c10a974347d5ca0d605,205.7,
0x24272b08bd2b0ae947daa8714ef6dc7a75021ade,29.75,
0x3805a8aacd25c3c1be3cbd7aa5a7e14933905404,29.75,
0xed43f83901539747659dbdbc09f3b34547f405fb,29.75,
0xcee7c0b5e5f7091d981aa5afd59fcd4f85953206,29.75,
0x7f13ebc2890ea3999e7f2b17c23bf009dc6a94ad,29.75,
0x7f13ebc2890ea3999e7f2b17c23bf009dc6a94ad,2635,
0x7e6f0db6d9b78873a7f619e014f317cd997d75f7,29.75,
0xbae22d724fe9c86b933dca794e11af3ee299bbef,29.75,
0x9d63f30bb00e482de75b1d5eed18a89bdc34a694,510,
0xe41295b7fc46fd3dfc4b16e0846db63dd290a962,377.4,
0x68e9496f98652a2fcfca5a81b44a03d177567844,428.4,
0x677029e369dfb8fc1474810f20fffc43c49fabf5,53.55,
0x53a4b55a06c9b2be317a55062b54ec7d489c3c90,17,
0x2dd879b865d6a26bd4be9bdb0c5778315becf3ac,29.75,
0xfc14453db3aa682b1694bd5e8621e0cd5e950abe,29.75,
0x6bc10296153a7e7160d5ff14a33a5dfae68c12ab,155.55,
0x31e056d79185d7cca5f97634ae96347d0572c991,125.8,
0x3cefba6180f7b9a4ec3b5569312ad293a772fe2c,29.75,
0x453e5137b7cf03c821d05f508f2904e65f24c3eb,29.75,
0x920c7225a23166e7404593325269195e7b1dad6a,29.75,
0xec16a5f3ec15e1cc63170f376d2d05cae6692db8,29.75,
0xb09e5fec2dfe5e1873ea70a37a6d0990858f8453,29.75,
0x2202bcce2ee3c8b2c34db7e9bb38eb7df3d619ed,1330,
0xa5254e3e5c3dec8ee1e3fc983716b17139b3cf55,62.9,
0x33c64c81d4a77c99bed16767bb70499d5d6e58df,29.75,
0x438803eb5d199c283aadab6d0db8cd3968fbf6ad,80.75,
0x4342ef23e8fdf667a33d6aa84cfb9f27ff80def0,29.75,
0xae5834a4c1f623f1e7210d742e2cf243232d30e6,29.75,
0x008350f04cf3515922195ac6521f6f001d4e9600,29.75,
0x87dc3bf074659ba59ad9b102732c55cabf459849,29.75,
0x7e16e3922dac13aa3b66418d47b32f0fb2345b8b,29.75,
0x193e8b55832946a51fd6dac748bfb1e44dc38e4a,29.75,
0x9c92ada83f63f87b46fd8bdf73231f7818abb62e,29.75,
0x494f205fd1a250888c714d99b48db56bde9881ab,251.6,
0x67f18c0628313fa8c8ddfdd22fb696af7f6de105,29.75,
0x2f1a2754aeb6e579ef230478ebf59d5fc5bbfb42,29.75,
0xbab94b6d8c69a637b0e294a8f714d4b91fae8194,29.75,
0x7173feb4217bf46e8bdd486af92bbc7b8aa17849,29.75,
0xae7685562b7e7f334a27ccf956fc8661acbe875e,29.75,
0x08bc0f1ac9bbd2d2028961532ffb5acc2f774b4d,29.75,
0xca200e5b842e9b6728f1811446275b9e80dd4da0,29.75,
0xb8504632dd9442bacd5fd243b132ef10aa9114d4,29.75,
0x2b0a322a36fbaf552b3781cdd18a89d8bbaa0ed2,29.75,
0x168ead474cec5b6088cd3223de397c010a58c6a6,35.7,
0xd7d5fd51f8e93824ed6c9c1f62419729a4c65cfd,34,
0xed8f88bfbf74ae60e8a87f7eb169b54425f7a3ba,29.75,
0x5965281dfa04454cc12a0bf1f8195f789156dc58,29.75,
0x43048c9bb11b065892041325dcac2cc7c318830f,29.75,
0x0273cfe2c0416217037f98193c7acda9e0a20428,29.75,
0xe0e595076b064298b880930b95b34cd1b66e2627,29.75,
0x24aaf3a6d56915931f6c1d16b9d6340b37a8d986,80.75,
0xc7979b08a97241b80c1c638ffc5dc522ef5dc171,29.75,
0x12ff7cbfea29a644cef51a669dd400f0b53e56e5,62.9,
0x2390507ce0ee6d75a063221315cb1a83a6799f70,239.7,
0x221ee03231e86eae56545c2f85beb8633f9b8d81,29.75,
0x7aefc950e5db9f4f741fec4d19539e19e8757661,29.75,
0xc086124e6421759a3b71281667e5476f2e2bd630,29.75,
0xf9807851dac1e41524c8723db47c78954d6d84f7,29.75,
0xa997f72d7432dfd96305faff9f61f5f0de7a513a,29.75,
0x8717e32e2bdafd91c0f1821bae3869ca79ae9dc9,125.8,
0x079c8c038096e246c5c94a400ddcdb613a5f5f14,94.35,
0x82e322b9fe13e7341bd3e28c2c25036a37d6eaab,29.75,
0x4ecf5f80f3df25a1abdbbd5bc557b69a3ee57178,29.75,
0xdfceb2e15f10b3b808a453b212692c2b6cc5b453,29.75,
0x3fbba58e43db9e06f3d5a8e5436179e69b297fe1,29.75,
0x2428e5ae455bff97ffd3d04f9f5aeb4eb504c2eb,17,
0xe7c93f8624c92cba2b3536e8b7a968376bc8c2c5,29.75,
0xb764113ac0c2d8e1a99bb2a69149503d9bf4f614,29.75,
0x3901847557f5b3889d655e2a51a75e8e2cb1e98e,94.35,
0xf1c7f0766a3061b61e048db25334821ac67d7dd5,29.75,
0xe2d505152a5f01c8f257303b17a40f7bca7b61a4,29.75,
0xd759c3555a2601f61935cf891a946d3b79d97697,29.75,
0xb4a9c2b74e3336956ff1fabf60e6dff20585e17b,34,
0x8485a204bf352cbd5a3942e335c2b7dc78ecd204,29.75,
0x4cc1a64b4e1e106a4855d0ce1a2e779f211cbf55,29.75,
0x202e42056493e23bd7b6558a97417036a281c261,29.75,
0xfdc3bb0f588a6b7a14dd1f15080135026a65e988,29.75,
0x39d6ff19b6bd9aecd70ba19e8e9779b9fe6fa6b8,29.75,
0xdac1cf9297125413358b6e58e82ea966ec1549fb,92.65,
0x1d0ef5158ea4914ebf909b53dceacd3dde8476c1,632.4,
0x75373cbd0dd4d5945afc90cdf6084d012f125e10,29.75,
0xf69bc2ad486fa8651f3542a0404ac7c4a6623ccf,29.75,
0xcdc30095bf507e6b3a8b3afbcfe1782e2ce84552,119,
0xf8435b090c83e0d7bd8a644737d7d084a96d29f6,29.75,
0xba64c1f6cd525ed0f32f27ebc59855e65bb0818b,29.75,
0x7bfad460a9579e67ca0a6c371014088fa27179f5,29.75,
0x29cc6b690dded3b7a52353b5a9b9096e6ab9c54b,29.75,
0xdae5dc17ad8c9f2987782bf7d816561aa8170562,29.75,
0x131567ddc45caf9a1cfb3bf32d4016a536736c11,29.75,
0xc5afa6a17fb1650256efb8d75bcd02b8f10aa26c,109.65,
0xa50482f0a7bda371b3f3e887cd5d35d6c20b82c0,80.75,
0x57da77b01e75e2dd5ab96d496a6479579db1a52b,29.75,
0xc940e09841d685809f18b0cc8b7ebf5eb1904dd4,29.75,
0x64d250765a1ba87d9e61351173fcde9182fbceca,51,
0x8074e04eef7af704bfd5ae4ae741abad565fe13f,29.75,
0x7cd4d7f0caefcf7259ba7bf1c09e9d948221905e,29.75,
0xc2febbc3e3dfef2509a84de79c8087cef49539ed,29.75,
0xbb529f3ef2a625fbe5da424ad4f2f15100f97b34,29.75,
0x460dac5250a1ced557d699ddf49b13dfce613d22,29.75,
0x92975ffee36b48785cfa9a4a876af5b64b1d01cd,29.75,
0xd27c855be090e331b8ebe50197d54ea7b615f413,29.75,
0x7019007366dc13f125c35a1b82f6540682ed5d71,29.75,
0xd70f35578f1626a7223db53547aacd31f57381fd,29.75,
0x95ff598317304caad1a179710d28c5f92456268a,62.9,
0x3aaa9202831fe463bff78fb414ff854fab912e9b,29.75,
0x302809f7d6cd34d737df352c798e24699d2048be,73.15,
0x730f7a255b88e1622bfbd3a947e801286b279a94,29.75,
0x16afedd42303cf5c7860e5a2130936878c429977,29.75,
0x942d2091b67a83c85fac86fd8669f3ea4ea29b17,34,
0x000000f1200ef39380131ea8e801896407a1f0db,377.4,
0x7d33d403fea03505a76f1e06ec9b36e36ca390bf,269.45,
0x6d4793ecab20bc68e13f776fa2add2f0dc69d8c1,411.4,
0x192513387b1bc31597ebf9f858e19bcb410ead6b,1629.45,
0x75ac906e74ed81cde877edd9bbbf4053f404f9b2,29.75,
0xD21f0a24D69bbD3907715D9efD2e5d981bAC36CB,188.7,
0x20f67deb74c65efd1d9bf3e760e5a14efcf39cd5,34,
0xe7ae9834f1a506a9ed3b627e5ed515756a45614f,188.7,
0xd94bb4cfa65ac8d1545167f0a4e620c79a6bf20d,29.75,
0x690db1b828eea1147eb962f0c8fa8d6d5d725c4f,29.75,
0x531826b270327ac70dc58b6a88c22d98f3a02b99,37.4,
0x557cd2178a8a03db2c941ae08ca462bb5f77ae8e,29.75,
0x1527e1044b2df280f089f42969cbf763318fd518,114.75,
0x3090b15078ae316befedd304bd38413e26cb6d88,125.8,
0x486f50eca138f77dcbf4376e52945ae801a9bf67,29.75,
0xbffa83b3698bf17e44f38e3a2bf1fd33b3ed4ec3,11.9,
0x43d9b55fa7a0b2451ce7c52f14507e3ad73f453a,94.35,
0xdecc7e21721e454c77e6d2fcc98bce478696bb99,29.75,
0x08769c2ad7912a3b5e16bdbd877da977df0cc95e,80.75,
0x0b36256143261f6cc826ab9578e0c510c602987a,80.75,
0xc9f1bdc7419db872b971cba05e78a753d34411a6,17,
0xc89a7a3c17e618a0ee65fbba313100a72472a199,29.75,
0x0caa11412d363a502d14fafdb480eca457c15f38,51,
0x612e1db4434c111319bc44707029240900c547de,29.75,
0xc46547ec383b5f348956068ff06a6d23dc52afc9,74.8,
0xa0c6a0d696c01bc38048d1275228c353136014c3,29.75,
0xbb7b09299a97f285ac861be3382b800ce29949e3,35.7,
0x875f580a53ba4ce0928e9abd5adff7a5cb797e55,512.05,
0xf3b7f0a242cd53cf26d3715e5743b15cc46faad9,29.75,
0x37b060dbfdc297335f01c166df972800439d58bb,29.75,
0x7d6b8819851ef3cef84c1c2945880610ee68c078,51,
0x401f541c344faca22dab24bddddfb9d5dc951170,29.75,
0x235459272603282667d29d85461db52825e8d19b,125.8,
0x44d7fd3d7496ac4bb9447947a10c33358519c988,29.75,
0x0afcf280f9cbdab8ff7db488b969b2cba311d4a4,29.75,
0xf00cf6461d1b4b714c5c52be2262e428ea1e4fe6,29.75,
0x6a8ba907725743d298ed148e9c5f008e3fae070a,428.4,
0xd907d10c79cfee4caf60602ee75cdd23eabc0df9,510,
0x6f7bd83b22caabd554c65ec775ebd0f3c85bde5a,29.75,
0xa07fc395b70de16a66837d562963b9723a198f98,29.75,
0x3e872e7decbfe9cda508a09c458d99a574c9236a,34,
0xb998baf2b43d43bce6d9fc54cd4fe290dbd51dd2,29.75,
0x7ef1c3fe77a815b3ef9204bee036ec9a76fd2f9e,29.75,
0x2c11464dca0149a64516dc1986d1c4a2058782e5,252.45,
0x7a9fe248454bade2d6638497bf7e0a7de2362df1,170,
0xbc9c3ebd19249225587e1ea005d13870038408be,11.9,
0xa3452652bf020e9ecb615ce6dcd73defbba84794,29.75,
0x5393556883e7a0779b0b97bca74d30ad244c7970,29.75,
0xce091a4d706c333bc6651b20a3cae1686890cde8,96.9,
0x854b1d424f47c60f523d2131a3d9056667304fa3,29.75,
0xb67d81bd489a1974b0010d48c81e47a7d7e4db0c,377.4,
0x241f9af50647a32e0bcb40c98546d0f3a3f0ea39,29.75,
0x10e3f7b71b479110244a153b2b2955b8346d9515,29.75,
0xa98c5db84ea736a5582ebce01c8640b49707f7cf,29.75,
0x8d1fb11edfb0910604f9d45b17bf96af1532401a,92.65,
0x4980d65c09c783a3c595e1196893a52f4383e4fe,29.75,
0x823553147b9871cc5fd8e82981f7a18d9d1a873e,29.75,
0x5f2dc447616e7264a11df5aabe6c15b428b995f5,29.75,
0xa62d2d66ecda0dade13bdddbe407ee76441595f0,29.75,
0xe4fdfbed1fd241883fb2a19f65aa0fddecab8702,80.75,
0x593cfe59274c588d0f1e6e9768631eb274d35801,80.75,
0x2872c53de37f76b8438b0db855f45f9aecc90a6d,210.9,
0xbe4fdd895f74017204f5bf90c469056fb3bd97be,646.85,
0xf069a32b27ca2c446b92a8c28a6b2955e8b335c0,65.45,
0x951d01848fee362b45b1e9f0fbc9c85f73663d3c,29.75,
0x9277da3bb9bed73096783a520302eb5250070c63,29.75,
0xa70daea5c2cbdd9b14a85a707e2c74ccca6896fd,377.4,
0x0033847c47f8692a47f7c9c067b5de7b8ab04e3c,29.75,
0x67993b3bffb1b922e45d0610377d3148ca315bd7,125.8,
0x5c123556dbb48c4f57ece9b1a929760bc3d7d979,29.75,
0x3de816e2f6fa28ab7fad2b28fd8c649ab5c0bdec,29.75,
0xcedcd777d5f2d02800a8bd825ff778e8de699401,29.75,
0x9677968b74a6d8c574229d8342210b48cc068cbc,23.8,
0x0e6a94b0a580a66eeed949beba5138a103abaebd,29.75,
0x9d0e02a4398a0a30cf71802c5fdc6dee88cc062a,29.75,
0x44c3a4f8dd64af9eb0b4cb2ee8df16bdf9ab7bff,51,
0x3c1402d5a55f55b60f7947cf0f1d8865b0cd12b7,29.75,
0x8168cdbeb26874b668cc73a15294868ccf6a8d02,28.9,
0x3e0fe97b98fc02be7344e3753d3d75ab278ffef0,29.75,
0xc1b0ef510c84f0b749143ad4a565d4c2823bc2d1,52.25,
0x9ad6a4d4655c393e592d5bb81ff0beab54ef74dd,222.7,
0xfe7a95fdf8d93adac46da0e16f4f6b76bee8cbc1,80.75,
0xd8d51428c5ca62b04ac3fab313cb50d6cfe10132,29.75,
0x74c668d20c8fc9f2c2a617f7f9965876625b0795,29.75,
0x3f144e586bb0ccac440a533b7bb8dd102aee6113,17,
0x78b033d78091775a802345b7b301dad45fc37de7,80.75,
0xc6f59a4865b0a9aa0068afe9eda9e04ff19e18d9,239.7,
0x468a6cd5df486424b7577dc5615b748232d13738,29.75,
0xdc81f78c4cb90a8b0caed4536a3f4c65d3aef1f9,31.45,
0x73d547e4255249677ecaad24dcdf93e0f9d09214,29.75,
0x84386804bb2b369afdc65e608e63114bbedb6f98,109.65,
0x6e9da8bb41c0cb662802aeef9d0e79bdf54424fb,94.35,
0xe0f47838c72468a310a6a12c3ddbba19dc3c17f2,29.75,
0xaaea87ea5841e72058c37033febbaa105b694d29,29.75,
0x27ec81fb3fc2aabd4a2f507af201587c970fd9d4,29.75,
0x9d85bee747b8af99477814a4a1040c2f2f4a86b4,29.75,
0xf923df7b96d39fd79ccfd42a2415f29ac8c8cbad,29.75,
0x641969459523a2d2235182df953179c42a79d475,94.35,
0x907adad7da7d18076bcbb1c43c3eed7d59b6fe5a,29.75,
0x1497f11c348878623a2be37d1f425a6a4d14bdff,29.75,
0x387de8e419f276c0273415d49721b46c1fe33884,29.75,
0xe5f0357a5d873255ed1c6bb01fba109a02769af4,29.75,
0xf57167f509c64e85d5d986574181840937f1f63c,29.75,
0x6e14d05f9650f2a0311a5ee8c7458a7a1daeb3ea,29.75,
0x1121855f99b6498b607ac963829f4ee9a6b59a23,94.35,BANNED
0xaa02f9f3f4fa15c71a25a24d525b4ee80b727ede,29.75,
0x3407f9efea3adfb2264816903fbaee346ad1609b,29.75,
0x814d13591391ae8294acf3b161e9586347c3d04c,17,
0x1d3b4e8a4209f7a3245f7f3f1ed3bde48cab121d,62.9,
0x6584181d16d4b038730c26541949446e7432b2ba,29.75,
0xb64e59915cd52f21a5a591c2ee920f52c20e2235,29.75,
0xc31e1cd4a2865b2ba07cede22a358a9bbc5c9d64,29.75,
0x656e3755f8ec52e35dabc2f60594b00f8e1d7624,31.45,
0x88b8135796bdc2d807f034e0633222da17f6b151,51,
0x59b53cc87248defb36b600a0895372dd7908813b,38,
0x13182ad6d3be1b03fbeb8ec1500bbe16383392d5,29.75,
0xd9ccb46e59d9c9dd44fffbb7188817e15ebde543,496.4,
0xa6d748885b57cd841a8cf9cbf00144954bcbbd35,52.7,
0x05d239668a833ff4098947b3ce8b11d6c4adddb8,29.75,
0xd0c6d9136ae9be83a526b4f9b6f93b4c8ef7449d,119,
0x8c67d1e6fdda4b572b82a2aef6c37ffcaa27c168,119,
0xb4d8441a3ea61059165eb3e6e25e9508927cbc0d,29.75,
0x07562cead846ad5968ed0021cb2898d1098c6563,28.9,
0xd9c882b6596e541e1df414b813717e552038f3ad,29.75,
0x137ceb7e3e8b719a55c73cde4d4048613c81e587,195.7,
0x83b1556667e1a776db4eb9e9373c5ea1f3308a24,11.9,
0xcd34fe2493650ca6fd695c2f67a44d2a381d3f66,29.75,
0xfa4e7035b34294407e5df1603215983d65e5a773,458.15,
0x9dd55bb2b6869f14e6c8fd40463ff0b8f8fa5a19,57,
0xcd2ba98fa75b629302b3e919a49ef744eb639d59,80.75,
0xd5dd6d2df6a2107f6d2729b858c2a07b450b0791,51,
0x33823986a5c7892298bd794d4cee5f77e7676b38,566.1,
0x0f9740fe0b437d06e0ba46cd8835c9e00ee8e412,188.7,
0xb219cfe2c438c33c77a99ac9abfe06a1eb4ee3f6,17,
0x9c466971a65fef5d088316af0cbea456869e153c,29.75,
0x31af146650feedb8dce8f1968a16e5f7535bebe6,51,
0x5214a92a7a9f5d92a33e7f8b7ddcd8f09554ea1a,51,
0x986372dc5c1205083dd10501e22a48c246157c15,2380,
0x19bdd4def406ba1cb69da24a6a166fa9cfba126d,407.15,
0x57c6a8c6a171420a176e580da6a5cb10c458a3d3,17,
0xbe996e9cd5886add200861f4b57ae955a6a47636,239.7,
0x7ecc22821930e2d552df4eca5aee25b1320c44c4,29.75,
0xeb319f877a1f5a70ab273aad63d0a9da8c36491d,428.4,
0x3296dd59163732ee3be9a63af566bad41837d52f,1842.75,
0x4246c39c01492927c4962c81d2e1c473718ec276,1842.75,