0x5547e93858325b7F1635187246761Df3FB7c5cA6,64
0x7be7dfd82EB18Ae6faBE79fE7164abf1f998f777,19
0xd05D24EfE9B9bA97a2b03A017D2c034eB6f63d62,18
0x522A57A9267b6A54ddE2f9a89863304CD0391827,100
0x78659d49Ec5a08BEEcff7304F818Da68C7b50C90,99
0xAfdf0d2Db709ca94d876284654843e862A7B003c,14
0xa981E5dA41492aFA1A22151ab19789C310cDAe21,26
0x26DBd303F4B3CedF7D979989277d4C87FC112974,74
0x62935cAba5D9227570af60712B4b50aFC71B9907,9
0x7c5DccAEE1e2f103585acfBF72dE8E19592c091C,100
0xfD828Dacb35ACb9DD1d3D96Db17835fCDC733B81,9
0x8957f062f6C9aE4E04CA0304dAda0B683DB4F0AC,44
0x184923a184108680EFE7Ef3cF3a9b4892F141E18,49
0x2D812F34B6a421e9aC8fB75b5132FbA9db65351c,100
0x35700c4a7BD65048f01D6675F09d15771c0fAcd5,29
0x048054f6e13BB29c6453a12337999faAf8ebD72F,64
0x0d0B7d8396AcA528D51A9aD85a5aE0E2903f1c94,100
0x4296afE4799f62f83Ef00dB325d4B18b0AC182bF,47
0xd938b623Ba89DdB2e17D8C673ea48939ad7Dd7dE,59
0x363c3116D796ED45871f2855111cAfA44788ba0B,100
0x753b6384Ef3Cd4295Eb3e915919aA5f06b5b3FD8,24
0x4Bcf75211f31be86AA1a8C5Daf41c009fEae9303,59
0xC2933176a9be2116721A2681e042111Ad22F8266,84
0x250027FeFEcBAA1d0a77D9a8ec934cbED9012690,44
0xDC922b6B33Ce36B02C44f3B09cf7EA6b613Ac939,29
0xe204F2Fc6f5aA2BB968f1ecE326F59be4b514B0F,9
0x66ED1E05513f9a85500e1A58bce9b9157DfC85B6,70
0xa65cA562FE9Ee1467d68e2A7e8641C0e069B909d,10
0xC58D3876a94DdF168A9D5E470dE3C34d79B5Af09,100
0xBe3259a615284a34271de569c43540AFe8D8a731,9
0x5769CB1ED566d63530c10637Db1f2f5C8017C982,14
0x8aE7AE32F0B4075265306917D22Fbb0eB053Ca8a,70
0x9a849A108764a5cE2Ab4CD3208071B304a9Ac99A,19
0x85c3cced3e5841ef197796e8f505c4f59df46bdd,29
0xDE32B2932F2Eb6C2126D4434352FE14Df083b5af,100
0xd025f432F3694C54036EED5C7D5B4a22210dF4fc,10
0xAD8EAE37db38b716be099fD74556E9C61C9699c9,63
0x5d6970e910255D89c1AaF51737A958595dC2d360,100
0x09C2dAf764D124E4154c61d350CC9a5E841584db,82
0xF68CD0FaF47d562a762Cd65F6A72CF1da1cc1C1E,100
0x37ef79efaeb515efc1fecca00d998ded73092141,100
0xef4491E9047c039eBA2C82D1389e14a184352B78,38
0x6A0aCa3aAa33D5D3f91245c1f6Dc218A7E70737f,9
0x67D03E55F3057dc0917CAA986BEffEce0B79E9AF,74
0x449F8C1E777C7feDC4f5Fd26ED8AC515aBD3f855,23
0xb380dd81c3abd4b570b29fe728f985266bee751c,31
0xF71754DAAaf2d74291362a101Cc0ff5B53bFaeDC,53
0xb3F158B4335882c5A45cDD687431a5ab3da68ec7,100
0x460AfEA78A398F78476593D0bE4E95faD3795FbE,100
0x68a4Cd0F8e9134951109355DD5481Cb9C1012Aa9,9
0xC04Df29424eE49395E962858eB0babd29b2C14e9,100
0xc5eda879Df93e0dBe671b1e4Db8f503Def7bA06C,12
0xd84cD30cCEeA61e6D14D97BdAf22E0a8C55fcF1A,18
0xD7fcC0189fC541948e0F9E736be73599dE9589D4,9
0x7d1A89E6f558B479Cb6310EA565B3E0baDdf233D,23
0x254B5542cAEFF82D327be784787b4B8EF2ED1388,68
0x7049d10d42847397b0E52408F8F8c6C23f619b47,39
0x8B9B0d1Bc97c7b9101Af27150FA43268C109DAb1,39
0x441eED97B5d7D21294267787D9b75343EF394135,9
0x6a80c5b68d4d058218EB26d33c454828aa4e3766,19
0xa5442966dA959820058b0c1952B0B5746B65d318,14
0xF964B013C1E96061AE29A601472A45bFE46FCb39,13
0x635fcFcf8CCB8099CA6E3A4d57692c2000043bb5,100
0xbF41f099936EB002Da2D615031fb62ea887270C9,100
0x9C8e57B23654B1903ac7253c9deFc219dB31f64F,99
0x00782B9084814FB09FadB146EBacec319D59066A,100
0x51e2fB3638661e5b2d6146481A469E1BCad2Ff89,48
0xd2374dD3Ec4287907Df11E293796cfED8C5a066a,15
0x979ec4ffa550f15ca9e75B5100c907c28190cB74,5
0xC00Cee5D4243bc67edc9779bC787b4dfBe70B9E5,10
0xfFd2FF7dea17afEc98BbeBe5f853a2d91bC0337e,100
0x49936f86152164bf3e97B4f2ce377A8f2C64280a,6
0x652A1b4cD22B5218972A228c1e1F2684a361D059,100
0xBBCD2921E31295F2A6e191440697064A67D8953B,15
0xEA7c1aADCE0fC411562dD219f1D12ee062cB376B,13
0xaE9fe253ba3A5B6a416E478e0cEE7c4416d0c963,69
0x1fd462D09D3027849324e344652Eca4F9188B127,100
0x77c779345F3CE2035F096118c005a2B74A834108,100
0xDb835EADD288d27A3baE307Ada0Da44506D62783,100
0x8BaF1Bb6D6E52B6E81a9d780C2F36FE507DbF6a2,19
0xB0AFD03957F209E039eB8293B40fDFafC5bE3A84,100
0xd576b29870a145dDe8B2B39A4531626B8d76F42F,96
0x8A00563E2659c49C51Fe696CcF242ab593F9870e,23
0x63876585a9f36b1D30551aE457463cDcb4c05AF9,18
0x153E83d38c8bDa401254Bde703Be3ee79CbF4396,29
0x6da832A56df09726aC5E98541109cE6C9c31D4Bd,100
0xED17D4F0d0a75dA9069Af6ba5986b9203E655560,100
0xfC8F0f1A2c6B1F82d6132e2B324Baa1fa1319B54,100
0x4e470bEdFB9543D67cA40Da62795a6179A375595,32
0x28708B352dD5e083D2e694305E985F9abe89dFff,69
0xcf7BE6fd41f1E6cbD1EcD39c1F2eA442320e4EF3,68
0x475Bb623442D19d6b1Cb62Faad773cF326A23914,54
0xda4B119F9e338D1d360BFD380Cd715Ae43F73D92,100
0xF49545D736a8bD0C2856C1d7F523F1C24b849AcC,9
0x86AABcD459587bC1A347aE1E2d15223856354EC9,100
0xD6Ca3Ad3dB09cdB740c710F9358212Be61C90950,100
0xa92693944DD5E64e7048bA93d3b2F94952b2bD02,100
0x0D41E7B084ed930Bb7508d20A427F0b8d7169519,100
0x08779176da2f4567C6Afa3d8dfE753b3f8A4fb3A,100
0x9AB4056B1D71Afb7b8595c74B5C366b377BE473d,64
0xC11f759117046995A7D4B37A0AcfD9c3725a2055,83
0x788d246033801bABd91033Eea09152bcE117f426,100
0xc39A66d503FE0E9955521A3aCF6a7dD67Cc5906a,49
0x36C72DD9437e09254965da3458470efd2cd750f3,100
0xA998C5eda52697e70F357b4af30ECCC377AAF139,65
0x65119216DB990266535E3fC61409e31Fc536D865,100
0xD68cBeb75eA5b710ecB8358d608E9C147bff7AA5,74
0xFc37970791b2213D2D5ADeC89CfF9295F3526450,14
0xf29db4e00C57ceF5e79e80575a79417880e2A605,100
0xB5F0851F68B1Ab9ec8701Cc86a7b9E2f2461ac48,100
0x6bFfea65431a73a4cC9b5f85AC9e5Fd28D38AbDd,53
0x694f01944514e9D598BA5b8E636f8e02Dd4B88c8,100
0x2e31635D2646718AD64ff1F454b2c6F2335DF656,20
0x532610395522e19C39c1F4717A9d9f69be920c18,100
0x9ec4B42208280f28f823C7DA207618D7b9652348,100
0x44B4ff31de998b51d1d0006c3428157Ff461D514,100
0xe89f1f194e84AB557F7e52a8983f59Cff0af4AF4,188
0xaAB0224011fAa96E4E6fB888B6A954Ca8962c431,30
0x69E8D95932Fe794c757760D163BB7FE4291E66Cf,5
0xe589DfB5D6C782eB1781B372dE8957F5595aD462,100
0x0D1D965aC5B78d36Ce0c490Af9D2514D7107D0bb,8
0xb3b2a519cb2a66e2263fe5f78c5f3890b104cd0f,8
0xEAB615ba9e4ee5f219846d67A8E3771FbbDA4a4f,100
0xF766EF522b52d2f24fCBF15Dfb39f9dbf84eF7c0,9
0xF78E198188C10C666cc71A6456e0D7d26cdfb29B,100
0x5c06181645941012fc42C3BA662f77c195eEF0e5,69
0xdF35063Dc18dbD558AfC307dA8655e05E43bE83d,9
0x1edfD497938925BF307380E2826A27b7e1Ba12A4,69
0xEF3a57D1447Cb771Be276c7b2D09bAca599179e8,100
0xA71B8D641D7feF18C547FAC0299d20fb41E52752,100
0x73087FB371b3EB80547C22E012b0c22894b25FDB,100
0x4fef2a576965aa81A4c4e07139B2f6AFCEd55f05,64
0x2C67aC8d745D61900A6f72BC15F21f96Eb3C7014,100
0xa0204536Df63524882D16c6EB1519687EBEBd0C4,59
0xADe7E113Cd57B8A34F9F9fAc24e6FE8eAd718A7e,79
0xc0d009C69768F3d6583d60eA7B6eE9F2a76361e0,27
0x2dae190bdAdcFB1c5C68f2001Cd756B0f00795fC,59
0x1748662af545ccd6c614d244913c33b35f87f2d5,99
0x73D923358C8deF832E4f7D5BC9FdDB1Ed5920b6a,12
0xD21D5DBB89F47ae2fAECaA1cBd9368177B309BCa,98
0x87f94E1fda93758a4523f53e76F04117500e4464,53
0x12f19301C5428DCA12CbAf7508c661F7c5660AC9,100
0xC2098c8342Af9f605Aa5a3B52CFC77903E78eD6A,100
0xe338BBF4a7C01715f1a1Fc8F816dBA5a065ca93d,72
0xebaf22EaAA7D24685AFB821d1972605265e31323,100
0xbda12563a964a731B306B1BfD947F6b30271Fe11,21
0x5028F9f2f132E9385fDd033FC671b8A7b2e6d033,100
0xe2b368371012D069198c76727Bbc877F80B3D363,49
0xEAB4b7A41FEdAf05Ae29C6CE8b3ccB8122295E70,22
0xF393da239d8bCd9Ee132e113EF4753cBFA411c11,34
0x09529c3CeFa3d8539641d78170C339d757C9906D,8
0x0d61CA6C13D90D714D45E44C6E48D65ddf549AF7,98
0xd9060437a2c9828f1f49551acbb83CC5B91827ad,100
0x3a550BFCE7ec1C5e688F5255424dA6F7407DeDeE,29
0x9b85ee94C25294D5e2BF9c9B9b5fA5b58602FAd3,100
0x5A0F4eAaC17C09bf59454f241d69282Ac1a35E2c,100
0x3bA17bB92522b0f2d1Ea7dbf413745EFafe9632E,100
0x391A97C97EAd4461a298802349Bb9d43a877807F,59
0x7F5f050d45a8EA62eCFA6bD595ec18a75644d3c9,100
0x1B7376e2a05f187dF562Fc91eeb3B78998849C6d,100
0x4aC4c98e98a6eC7FD43581B66283dEca85AF7c19,100
0x0Aff7E9c5f4AA52cF34425BF89C82DB0419b5eDF,100
0x57BAEBEaB86f3279522F2e343bbF86540eB3EFd9,14
0x76E8A41D7E2c68ea77f8c1C3Be9A30c2Eb42269C,19
0x9AD6a4d4655C393e592D5bB81Ff0BeAB54ef74DD,23
0xc28f691E485a5626ba2f453B76FbDF1E024BAFF5,32
0x7aa62Bb8fBb9cAfEcF20c9982C248F0CB392A585,63
0x88B8135796bDc2D807f034e0633222DA17f6B151,9
0x708370bfBBb8426eB440B11840030732dD4Ef19a,12
0x19BDD4def406bA1CB69da24A6A166Fa9cfba126D,63
0x6647dCCCc1cDe997429C07C8D617347153B4B1A9,206