address,amount
0x7e3b70879b490f6f0f39b237d8f9fdd248539973,200
0x2b8d0b811415b307ee3daadfca654d39127f40ed,20
0xc411161a8b24eddc670a0064faf2d88a64d73d91,350
0x898c393b9d634d606ba491fdc4c923593e763142,20
0xace100a90e8b7a0be9fbf4fe3713ebbb015dc18c,20
0x6f6b9a91a78c2e23ea086e45a53111ffa61195ad,20
0xeea498052a14a38cebf107d0f0f0ef30cc674f7b,20
0xe937471c9024cd5627d1777ca18b65ea1a32cd78,20
0xaa6d995fe028fae955133b7416fb8ba22c8e6018,20
0x06001c77a65b861249d4d6a2bfcea6dc8325376c,370
0x4998828209c6eeb5991e2664c8007a765d0ecbb7,20
0xa0ed53f726f9374275287e57144317764eafef54,20
0x5c10c47b2d848e06a5dffa45b3bc10860797cdad,500
0xd05d24efe9b9ba97a2b03a017d2c034eb6f63d62,200
0x954ca028b02f2e13f1a75333cb1967ea7eaaeaeb,200
0xb7892ce888bf14f3259b0d9627abe7ffea158c7e,20
0x32b1dc6a72eb673c539cea9d0c029d92a6344d7a,20
0xbba7a6413a5c323b867bf8e91faf47df06ae95de,300
0x70b02d35d731bb8db768053e1f40c3036afdfaba,1520
0xc20c9688e2334796c420cfe9fb6297eb0b9ac80d,20
0x332bf9a3cfe7d67da15cc774e69697b71d01fa66,20
0x8d203aa15ac7ff8950b4cadc7c91fc1ea9fd1c60,20
0x8ed479b0f19763b5006515c9cd405c8401d9ec05,350
0xecd54be30cda9ca1f2dbd18e1ffb2331cd534e92,20
0x2d5d79e54986dcaccaa1e79c0f9a37e78e8c7dbd,20
0x2c3d7ed55979077a046666cb846e7435ec7d49d2,20
0x82a3529f832acb41e51f27a0e9e109e42e243aa4,720
0xb4c91ab467c137e9d7c18e2a349b2f8555e95754,220
0x491cf7629a2397eb738a120fb13fa44bdbdc0e44,175
0xe7adaab00320ac43e035160f7b125f8619fe0e00,720
0x590cb961aff1c2fa489467e81af2bb08b802a402,350
0x52d0fc347560cc997f87984200f4a9344ecdc597,20
0xfa65e65a6321c37486972d71b3f50400bd43f974,20
0xc0331edfe6f139d3fb36ec25a62c64c5394c77e7,20
0xc0ac4e63b86c0bd484e652ea7fd6d6a4953e2fc0,20
0xd99369b63c02c3e6021aeb5ca657d3e05d13ea9c,350
0x1ffe0843adc04bb0fd17d42e91e244c85fc09edc,20
0x92d24484df40bdd14b9743aa49360a858f144345,200
0xf527e4fc7d90dd8266d980d9acc8b3f0d712911a,220
0xd6c37b8abeeccc43d866588daee293b9ae90d7d5,20
0x3ba654f6324b972ca042d785eb66997355411785,500
0x123b6dc3708dd7027149a29a6315f17f048e9444,20
0x523f996c1f845608c84e630c46f4d8b088050123,350
0xeb6cb17d2a560c5ebbcdae74dcde117e97bcbea4,350
0x00bebdaee03b3f4cb6a324e51add42a1c9601269,20
0xcd66d03a9a769599f22e811ac8cafc4ab08961ec,20
0xdd6f6b8fcf31ad777d4546e8940daa22c14a64f1,20
0x8062e69af89430d0749697cede9614cda80325e0,20
0xfaee18fee79d7a7ec81ecd367fb999e5481afe66,1500
0x0d0b7d8396aca528d51a9ad85a5ae0e2903f1c94,200
0x1d9df24553dde4c8fc0baa59d96d6b036dee7bbf,20
0x615d5ba85aa09c408501e1519bf18a0e72092c86,20
0x8eefae59353a1787a62e8db7c9679d974ebddf14,20
0x20c3b2cee7368f32924276590b82174527f2521c,175
0xe06ed6e02edb39161a72fa00ea984d219d589008,20
0x9cdb491354086ab189dbb17360c33970b7298d3f,350
0x066fb187404feee6ee7f6cde21697cea1a89ec23,20
0xffd6334c0a068a752cb62798fecad141ed56e3fa,20
0xca70f8da989c70388298ccfa37aeba380c7ef583,20
0x2c2f838f0dac3f4915f4a57f3cb63abcd806ee40,200
0x6bae68188d83f01ad5e2e5b4744a2ebb4f68db2f,20
0xc0e31e9712024fa2205e414b94d2846a27116f40,20
0x4a04ee323e9e4e4b485d840ec38b7ec5cacc1ca4,20
0x363c3116d796ed45871f2855111cafa44788ba0b,220
0xcc858d2a4c300aafeeca15308f3a1b066b68e2cb,1500
0xaa4e9ca01011ea77a70560633dc8a10b147367ca,20
0x29fca5052da9b93b2b25809135022ec367355995,350
0xdc67de8277d966bb26d8f5465006ba7cbf7b52a1,870
0x7219738d11ba72c0d3343753e7a7884ae5f45f33,20
0x0b98a5dc716c9a41a0e8cd9b1e5bbec607018493,20
0x9d5f70daa4ac96ad2c9c3ebcd65a1a550c93689b,20
0x75fb57291d1c90398ed85d37de829f06aacc7587,20
0xf7d05c5113f3d54f295d6db139a71d618e3a48b5,20
0x4bcf75211f31be86aa1a8c5daf41c009feae9303,20
0xc2933176a9be2116721a2681e042111ad22f8266,1700
0x3780634b2fa723edda37e5dd672a6437c857710c,20
0xfe4961ae99a557deca2fd041a600210b2cd6feca,20
0xb7c2fc9d44db04ff888037037aadfd10d7564d95,20
0x9ac2f04fcdbfc8033cfae0abfeda793995959a07,20
0xf9f2d4643d1dd151fa71a88bb41241b588e7ce5e,20
0x250027fefecbaa1d0a77d9a8ec934cbed9012690,20
0xdc922b6b33ce36b02c44f3b09cf7ea6b613ac939,20
0x313fda29134cfbba6682dfeba13778a871aa588a,370
0x7b370171964beb5a97dd8a24bf35e46287daaef2,20
0xa2b4be559db08800b988932b88b27d026bb8aa30,370
0xe204f2fc6f5aa2bb968f1ece326f59be4b514b0f,370
0x698c5668434ac2c24fe9ab5470fb904cc308d5d6,20
0xb6f5c43db66dab7d561bc37cba03712419874152,20
0x8caac1cd3de19fd5b1acaa79e5b157df30f7fc0d,20
0x737e5f0fbbafa9b98eb0251e9293c51221bb97c7,20
0x97a9ce4d13c9974ef485c4d0ffe96e12eff9b27e,20
0x11975e743c096eb71abc425c8fffd65509b36fda,20
0xb3ac6493fc3e9e404be189b8f65dcf8bb22dfd1f,500
0xf78ed7acd14b54c36d6849f5ddcf9f044f7606c0,20
0xced952e0dbecef7e0b75713e9872de76b93f098f,20
0xcca0c9077072ec919be9b1bd37e06437fa8ceb2b,1250
0xc9f07f1ce72c938626d0c45ade4ea31abb76f738,100
0xc58d3876a94ddf168a9d5e470de3c34d79b5af09,20
0x47fe1d33cc44133b48709ce5b5dfe87c381a4cd4,20
0x25977da0749df96370178bbec55b1fa57acd491c,20
0xebc69508b0ff631852e64c42ec21c1095d9ae1af,370
0x5769cb1ed566d63530c10637db1f2f5c8017c982,200
0x8ae7ae32f0b4075265306917d22fbb0eb053ca8a,220
0xb9bea0554b3ca76660712d6b525cbfbc101fec1d,20
0x4e2c3ef488a49d973c15e5bc4bbacea896fcd747,5500
0xa7f559350b376428711cbcec7c7f4a557be46335,20
0x80f3c0ababdb3e1100cb79539c41c86578437f7d,20
0x6406d4ac5d86612f53014fd46243d2442ccc2093,20
0xb4b15741a2152d1c8135bd947996b613a8cb584b,20
0x97317bc70d2a744cd38cffad6a7e3aee3961fa5c,20
0x8c9fb695c3336ed9507d738d7b229c34c29a84ff,20
0x7dc1b3fc20a5160fbd9a3e5ef399f45cac4e1334,20
0xf15d7a48df5395eba4b274124b50b34d57b96d3e,520
0x1461b1e13ac15b849b8fa54dcfa93b3961992642,20
0x598b13dc1d5feeac4dd55d55aa8bbdec23a2816e,20
0x8f3a3c4046f3eda540f76dd5f7b825e394c16842,20
0x6ef22caa22d08d09082ffaffa3cd051296a78a17,2307
0x85488513dcc04565b30e711bbb876f9ef9152e82,20
0x03bbd77bb122959007a5133c13f41d87d319bde2,20
0xab31fa20460b3d20f69444c398bd80ef3e21a844,20
0xf00ac43bb131767c6cd5cff236273ce53b0d81fe,20
0x80d1c0b8ea4999a750239123b5b198cecadf1fa7,220
0x48d2b77582a04690581e22a8eaa6c02fe5c27676,20
0x36d10badd98b60119c2c240aca947535ef489c4f,20
0x66a8872ef451120c4a693f5a8e9ac520abcc4551,20
0x5e4ec9238c2bc79c139e21c926cc424aa1caac80,20
0x1e58f9f9296b934d1012cd6cb81c08bae83457d0,2120
0xe500dda06570bd9cd6fee326a5ee820561d041b2,500
0x3eb4b506a839b33a4e5d8719a4150e478083d550,20
0x005c1ed2e9512a07bc83e0122c86d599f2384b8d,20
0xdf7d8e7f0556820593aba352fa860fe8711f0c9f,20
0x902a559e7512a541b5137f447dd7a43857c40695,120
0x61baf136e34d80b48eec37e17066846cb485c3f4,20
0x13bac47f0f4fbfbc418e9bd33cc02ee47e50bcac,370
0x5a398d52f412d97ac5852fa327ccd425737d3633,20
0x5511385e4d273e597652340f8291e240b6091ccf,20
0xd025f432f3694c54036eed5c7d5b4a22210df4fc,500
0x4912957ea0bb4acf8de7d1f31602412c74cf6995,100
0x1a5d8eaaef4515c50e9c98243f9578086b2fd8cd,20
0xb1520ef8a58cea5ec7b88dbe6e05e84477a291ff,350
0xa58b3210b6f9626dfedb9ea232e8efc965873559,20
0x699cd19b47c1dd51da37c5c001136d65af008e91,20
0xc61a5372666267eef5a2d59789c9b1eb1a0565a6,20
0x09c2daf764d124e4154c61d350cc9a5e841584db,350
0xd58cc002f17dcd3926d73ed7575284ee1c6d5d01,1000
0x4fda2569ea0ef094b3a43ef553a8e1c3c1a15252,20
0x9a7032e4518d12b296d8ab1efb6b44098de890f6,200
0xbb0868dd2909b450612cc2b64986bd868d018749,4370
0x53651887259a01dd92381c9a2963696392ba0ddf,20
0x113d4e608475b910b4e87feef51741fbd75176b0,20
0x248994471594c56f844335907f46f9a03e5df54e,8000
0xa5e77f0f89d6f5b3b8d6b65f5b0e9401c6bace21,20
0x5f16121dc89ffa0fbdd8b1313daaf46415f0687c,350
0x54299e19477d005c907a363ee08e878b2a41d7d1,20
0xd520d01a6d2820464d8b2a19f54011b05237d44a,1850
0x3169f86536e378110a8583e9f3834ef08e458ebc,3220
0xa8a71d5fb2d5fbc8f31799c5cdd8ae67722885a5,20
0x061125184d535691b87a9560db30902b12989370,20
0x970be7fcce186bfaed2aad0da213ad587840587d,220
0xd39ec0556b27bea894718c981470a15724278585,20
0x20f666e259a51c38c5deb44aabb628f4fed2e2dc,20
0x461337d4f089adf16455acb785415f6437da0c24,195
0xb3397a6feedff2b9fce9ca1086cb1bdd617c16bf,20
0x1724c35003d1edebd6633be3ad61e9984096e70d,20
0x2df54acb106a358d38d38428b85bb00c676e2b92,1000
0x76dd2f01e1629fb3624f1c32954daae0fcdd46a1,20
0x401e32cf7249f999c47d8fc393c06d904eb1bd3d,20
0xeda594892e13e133921cb0b9618d85eefd7b3e56,20
0xd68561fab1e913e128edcfddac8b45337e0821a8,20
0xfa859717a1324590cc7676b4d627bf8bac2af8b7,20
0x16305f0e02e5111bf736adf7c7f25b3f78d89639,20
0xceccde1c3e7517bc66fc9518b0e5e939520ddcd1,520
0xed9886045ea7604993b47e4d5f9ec4ef8ea1fe79,20
0xea937ae28bef0ceebbeed5ab37ab8aecb6de5309,250
0x40c9caf4bbb3ffdac6492da01c94758edeb8bf3c,20
0x08f6bd7d188c2fe35d90319187407eea0568d334,20
0x247366d165cfc042358657290b20585934009b60,270
0x460afea78a398f78476593d0be4e95fad3795fbe,4900
0xa373197faf926d3e4259ef446962104f984d0535,20
0x9d282f4b19eceae4f7e461cc882d4e374cc85b89,20
0xd84cd30cceea61e6d14d97bdaf22e0a8c55fcf1a,1850
0x179d9b41b4b70616831a288398822e584d5e2d5b,20
0xff55cd6f28973387d24351da1edf32a9388d416e,20
0x9002466da0a690ac4118262fd9f7bf096177c03c,20
0xb780d96cb5ad587da875b67c0dfbc47934d81177,320
0x61e78141c2a54cd8c7acb5e6bee385464390a085,20
0xccefa6cc02eef6334ade9439d539eee9997a9c37,20
0xe7b7f5622c00fe6856b618f693c8eee261e7fa9f,20
0xe4aea151a40cc8251118e74e1efdcb474ec4bada,20
0x06dc0cbf44eed256c5975210095be703504a4541,520
0x2ffb1b6c38a74990ea2e2fb084446efb33fbef63,20
0x6edd48a255aeec62fa83c3d0922cc90ab9c46d7d,20
0x37dbeaf8a6732af9a690bad1984113b0d5e08a92,20
0xc38e638025e22a046c7fce29e56f628906f9d040,20
0x7049d10d42847397b0e52408f8f8c6c23f619b47,820
0xe0b6db19e4f844aa6d88dac7d77c37b213cda550,20
0xbb3bc930fa631f3c194d02c7ac1175e1d9674f34,20
0x8acd65afacd8f326f65479515f7e015dfa04d904,1500
0x8b9b0d1bc97c7b9101af27150fa43268c109dab1,195
0x37f0d35a0bcdd7e484c9a1705f0f25e342c751ab,20
0xbfd3715c1e0a307914b7f12133d48bb3df455aa1,350
0x562b29a342b7bc75887f7fdfecef0ee528dc4111,8000
0x3d1bd90c96529d7198fb44dcb6772892d12f7f63,20
0xb18d3b20b96d946dfe2879ebc263e4c57b77dce0,4820
0x0841e10d57e16ba6cb8ad950b1e3a922d618a0fd,20
0x26a74e056eb4e3607792dcd87070e468878d14e9,700
0xfaab9425366cf3137c19967a7446860d2b5034b4,20
0x63609515ebdf51128e6e76d50efa8530da0408cf,20
0x771b9369627034a39d5bd9dad99989660063bfc9,20
0xd810da166a356c64262576c506a9b4329c657d1c,20
0xba11d713bf99be96bfb95c07514d6a567e9bd842,20
0xe1b8f05cb08f23f8143eff88a980249fe1d8ed86,1350
0x0ffacc6bda2b191f003243ba6158f96cd862bc4b,370
0xa1d085ec8e4eea7615644a4e46cfe1095c2bf5c8,1920
0xb2770db3baf1097f6a273c48a5a2ff5701fe17be,370
0xebb2204b0f92d51d00ded27f00030f52a7378834,1520
0x6aa6a776bffb55adf6e05f205de8923b639da173,300
0xce9a4aafea9957c96921c2cd946c2ac48b25768a,20
0x970b359b647b311e22733a0abca43a4299dc7c8c,200
0x48dca944b4d536831e2339699f9e320590236566,20
0x7eb469a51f2caeeed92029aefa9ac0549fc92611,20
0xbf04eee190ae3a3c5629cdb13971ae7abe560e4d,20
0x6880215cf42e148783a6eaf93fdf24d617d6b16c,20
0xafe176b47658201142bcee46c05e314942112739,20
0xe3723878b14e269953f67e84e64cebe1b2603c11,20
0x891185a2e42d3e8ff8992eb3420ee7716c68f6c5,120
0xca12a0ac716c0414efe3e770584dc79ccf35a347,20
0xf428ab54aa479f82bdb938fbcf43e019099b0912,2720
0x9d7a25bcfcd7fd24fe8e69c2f6f103ab7a3e53d4,20
0x59e73c1e04ef1a5bff96968cf98c02768f2a5f6c,20
0xf3e6f86beb14875ee52838d55a6a9c685f546ca4,220
0x9c8e57b23654b1903ac7253c9defc219db31f64f,200
0x8f5acc92c5b55cf48ea80bdce7255d7d08fa5035,20
0xeecb77d6912da2dfb729e646aae6f0e8964e6c22,20
0x638f8e3a5301be6e6f8fb0d251f620411c0c243d,20
0xcab1e42a27a0c1ab16c7e2d366b572f31e3adc9c,120
0xef5333cdbd10b6781c314f324aac37af63f67cb0,4020
0x3bfdeafcc713ea8c9e4da63a00dab713d247acb2,350
0x709b52863b976352170ee4489d33c08d25f6f0b1,20
0xee12e6e0342f569d5da85d9efc6f8fab4f369257,20
0xb1e302b3a3b0de2173c1a1c2de19d2868b7c446d,20
0xdf7deabfb7bdbc5b71e42e3ebbdd7cf2b07c273d,370
0x1ff67ced24baecf9025f98206747736e2f69fd20,200
0x76aefa3fb1b4776df2da053563bbd241e06a7305,220
0xdb99ac9f7ebf0c96498e94a782dfbe089011ce24,20
0x25350120c181d24f995f007de7d2d15d87262d62,20
0xfc346690666b1f3e0b8fa729f94cce64969ed074,20
0x50abe2d71e15a16fc8bde8ef435db06e389d0320,20
0x1316fb4d258e6e9db929144f2c05fe80d7fd6368,20
0x6671219099ea6ccc75eb3f4f4200d46a97b09a19,2870
0xee0b6b7047fd4aaf23e66cffd5261f3a7fb4ab29,220
0x9537fc48687f5912ccf29f424aab43e20bb942d0,20
0xd261e1b1bc6a2003246358ca6697cd956b1b6762,20
0x86c7c99faa1516e459732fe9f8beb2a75640bef0,250
0x6ab9679316430260cc717b551246dbda59c6c02d,20
0x821101f0704cedf3a32194fddd1a9c401495d59b,200
0x8b4c31f0f123725f89700ca5bf4c8fa00453514b,2020
0xdb67e8227f518bdc13220615a38de5e326f07288,20
0x45f6d3bf3c5207ff824c3925b0dadf5f174af2ab,20
0xd32b3f6b78229eeab6b97d14d3e241e633270939,20
0xf7d31f6098297a9cdc4cd3008aca721d4a386901,370
0xc00cee5d4243bc67edc9779bc787b4dfbe70b9e5,1500
0x2eaa93f62af2b2e27270d5199f8987fd0dca925f,20
0x98f38dc6ff990e58426c1127bf4fe3669875bc40,350
0xb1d1e2ca111550ee7b5261e47092ce094edd2986,200
0x8f92e674a4dbc7fa49a30623c6a0abb3b1ae0f65,20
0xb90b3edeaff3cca73b531a091aea4653469f0b3e,20
0x9ca084551680164f583b5edc0eb519d5b02c4163,20
0x7c04c95514f58b29531ac09e78d86ee998106e55,20
0x6896f22f1ee38acdf9b2d4c5338860dd6f017697,20
0x889a32b20e4416a13f104f3afb237d2e2528c6b9,200
0xc6a265dfde65d5cab98375e75c5881354cd6566f,220
0x6c11a71d1c4d5ac70181185f9babcb99ffd2e2a0,500
0x67e3701715dab137e9ef9c64dd4bff7beccfb728,20
0x89a0c44b7f113e4cf8d6d7153a126ce3eb025a4a,20
0x03e67cfaf0c107844a02fa4233052afad4bd9272,370
0xc427bedfc9278c04fa4a4fe406c8382dd271fa89,20
0x435baaaee9a310ec92a58cbca371a4cdea56f6d8,20
0x2ad923de23d9ce58e53d53b180a69f117d6e9aa3,350
0x408c7ca374172ce8283fa501f5d7785475a2b961,20
0xc2f1485677c9805ad1db8d8375cc58daed9073da,620
0xa3a7bdded94ed5fa2f5fedce8e9667b2796536af,350
0xea7c1aadce0fc411562dd219f1d12ee062cb376b,20
0xbc99a6d7d1a0756f85e343092f6df70344400fd9,20
0xae9fe253ba3a5b6a416e478e0cee7c4416d0c963,350
0x04dc948863fe21b097b8752b115a1318a2a1952c,20
0x23448d3577dc4627d60374ac0ca99bea161456cb,600
0xadd5386854e73f45543136730faa9c27fe529d64,20
0xd67bea641952c1e920c122108bde1d36e1c9d388,20
0xbf584386e1455d430223ca80aa4352774947a5d5,20
0x4429f8362093602ad2c3697e901a9f0eeb1cf036,520
0x8baf1bb6d6e52b6e81a9d780c2f36fe507dbf6a2,20
0x966687d8ea07bad239678c8a7ea22e39b5e76a50,20
0x08ae3a3602282b6dc784b3ee9d1c6569b682af6f,20
0x52120cc1db2d69d235556ad0ebafe1dab99a2913,20
0x167589bf67752ccb079151fac71504d8bf8ac196,100
0xe2b17b822ac373ed1ed5a0b6f06ff8fa878ed836,3500
0x177d57053594ebc52a722b631001bb99b84e5c31,20
0xde03f592c28f606eb4b6e90d03276c3856443256,20
0xc95dd22eb99f812eafab969d9b4b59ddda3f1994,350
0x84fba22176403a82c48e53fdc5fffbde8cbe2bf6,20
0x0115d4731238584a143f12046b1191d60daafc82,20
0xf62de5381c78559991ca7f6759bf6e84b4e563df,20
0x5b750b879c57024cc50f8ab9b7fa20e0388ff4bd,20
0xa3dbad89f450056ba5ef5c85529acf944c7b0650,20
0x471f97a4729bba55393487e8e8ad71a3b640483e,500
0x768ac7abb653ac0e919129845dfb0d77e869c826,20
0xeff4f19a3403ce923ed3daeff2aa59212d571f5b,20
0x37cf41a0a641d47d9cc4c45f3b1818903d3510e5,20
0x5fc5ddda591159ceb44394cfd5a68c48eac90336,20
0x404935e6b798f82ef4e4c0c7d435a5e75c4618d6,220
0x2234e52a37704e77021bf90ea3c53e165cb985da,200
0xc96f70172d16326395525e154c7c868f98e00e5c,220
0x3f73561dbed168d1760920e6191fa2aa2b563269,4370
0x87379c15810e77502e436ab8f06794cc662d39a5,20
0xe643905624879b401672802036043ce2c954268a,100
0xd371c5b95a9b731aba614fed4a93edcee60df3ff,370
0xd576b29870a145dde8b2b39a4531626b8d76f42f,220
0xdac2166ea190a0b149299657181bedf6ea9d8284,20
0x34e8812c8f789cb9dbd6993cecb92155a6af62ab,20
0x8523645ab9c41bbd1908e1fc627a8dcafe7023e7,350
0x7f4ffca375ad8c913734d1429ca2ea904f80fc71,350
0x10b50384314a795fe4e5c0b585300a652f74af84,20
0x74d6e9da87d413d579ea61578615e5387f08a572,20
0x2c86b511ab22f9724aa1f71c413758983ca939a4,350
0x82fcec9a80c1e416cbf1acd8fb2ff1d8f6cdae68,20
0x73ddb14abf93ec0fa0e9d55df0f14ed4a7228dbf,220
0x83d99f07d266b4c756e7d96d0a4d2ac41c7c5aae,2600
0xa9334e54f7627332bc581d6dd6fd94ab79b39e55,320
0x9bd5c83e567081541ad521321b3142a8142ac999,20
0x1fa7690c8d71c7885779c4b3ffc6a6533dd089e4,350
0xd79df9dfdaafb194d4a9f1536af5a7a3b37ed8f8,20
0x9879ae1fcdf06912b076d301a301cd5e8da8b629,350
0xa738245f101a3858c868c37bb9207d02dca96348,20
0xc1532b2b6067ec4f8a9008ebbdbaea4048f2f18c,370
0x3ccec0f8982b1d1169e99076cd64d5c25bb47892,20
0x63876585a9f36b1d30551ae457463cdcb4c05af9,370
0x76d30cc09af2b61695acd745b364e1c880032344,20
0x964d105fb02f3da3dbd5f34ab863f831e6c40c4e,20
0xf2a79973f142da5d40a2a0c234324bc8b426ff35,20
0x6902d21d480d79ea65e83efa71afd1bc6b542802,20
0x80cb74e7372b6d82e3742c0a4467c07cf9f13016,20
0xf6566ba61ee4af8a1d379a34ec8e915bfd712a52,20
0x15def34e197eec0bce546ac2941d7cd217187c5c,350
0x8460b752d49de926c8c623b4a836eb7bd402930c,2620
0x59de5036d82e1243ee36258920e646eaa729522f,350
0x749d193d341ffa07da98a81fe9883a90c2a084e4,20
0x77585bd467cea7b76a6b5c2aa0ea44f328342134,200
0xfd9722f7d667e0ca865511becc4491c067c88dde,1000
0x3a21a5316a91a2b1e651bb28a17840ad8c0b64f6,1000
0x0c069cb27c4adceabeb9c72eaa25e834051fb97c,20
0x667c5def22003b28fd1f172097e7ebbae4080753,370
0x969a0d27d156ea094cbd7dcf696b7e654873fd18,20
0x61df9ce83b4a5f2db718e234424000a9174dcef4,20
0xfd871ff8ff0f2d60449fe25e865ec72cad9e0296,200
0xb9040fb42bfbbf0744a6ea244091454ae7c5a0c5,20
0xcdc135d3a50461ae4d1d8fae58f6a5c3b3cf18c4,20
0x8289532de7a0125aa5486cc60a8ee2388859a5fb,350
0x2b4722799cb2319cb3598d4074120a9220a799f6,20
0x89a7172e9a3626c604c1f7435fc737cfff9ea22f,2500
0xd3e86478bf653c77f83737d831d1003ed447958c,200
0xcf7be6fd41f1e6cbd1ecd39c1f2ea442320e4ef3,20
0x66d97833b5125f6886f29b0fcb65a1854819d729,20
0xbf137f59cc5a8a50ba2312a1aa9bddb7703915d2,20
0x475bb623442d19d6b1cb62faad773cf326a23914,500
0xffe1ce2814116b47b5f4d20a208b773dcc1fef20,200
0xc20d2659d25fe0e4d1e6169f19c146aa8d378dbe,20
0xd9fda530ae9188e75586acd7a6eaf5cde82780de,200
0xf49545d736a8bd0c2856c1d7f523f1c24b849acc,20
0x52eb88cab6eb668e38fe520aa60d716a31e6ea30,20
0x39190b7fbdce6ba6657dff589a55abf8ca41120d,20
0xc59d6a51bf82e816c04838a8dad8153a4dcfb68e,520
0xd0d5d98857192b3931c831b7b809d47cd830da32,20
0x2c9aa75080f97bc94728184ed1f331e41259efcc,20
0x9ab4056b1d71afb7b8595c74b5c366b377be473d,175
0xca282670ea0cd596c6788fe124e73021f605dd99,20
0xa325ac2d571e4b490bacf13264c285ed6da61a85,370
0xda294c6d8f4aef01b346991e6519bc68ecea0c71,20
0xc5f4e83296967629e5ce1873caf63213d7d8f07c,8000
0x798e46206358a351a655f13c67685b145655436f,220
0xdb8522de3d2890e7065cd698b13c4e47c5e6eb31,220
0x1ab6099acd4f7d1f53bd08278210d94045561347,20
0x15576a67e9619def9003ff76899f8c895b213c81,20
0x668c12bf2abbabcfd0f0f8ac179fa3d4c05c3080,4000
0xba5e46514edbff5251390805c519e8fa3d7d246e,20
0x2335bd7934eccb595809fcc251ab916d56b3cb2a,20
0xc7db645227d4619defe6fd60597469f499af18fa,20
0xc39a66d503fe0e9955521a3acf6a7dd67cc5906a,2600
0xb5f007fadaa5dae371412f0d7d4b310576db1728,20
0x03ff4e38b08d36eeec6f280106348c37761c520e,20
0xcf160a259f83758c92c710234c1687f44fc4be96,350
0xce7c57b43d4df795eda9e51cd9cac862a6cfd01a,20
0x691fc6581461a5a3f8864187c7c87b6bfab7041e,20
0xe26fc26405c86530e4d64915d5846e903451fc23,20
0xdc5ca6059a11ecf6e5759485848daf94f15c05be,1200
0x80152eb4cb4c13887ef595346eae545986390cfc,20
0x58fa362687270648fbad1cfbc87f1ce5aa02cab2,20
0x3854876c4d2d9a2e695994754a4eb81f94524fc7,175
0xb89bfe33458c2b739e4e7eee87d29db3199cc33d,200
0xaf735ea6d8977b31e6a9b1eecf12ff2888215839,20
0x47dcf1395690c6910d8f013025643e291cafa759,20
0xbe7ceb8d08cf5f10dfccaaee46ec831eb41e54e4,370
0xf91d4be80b4a259e5eb5b7db7d39e09a2f2a90db,20
0xcd07679a857c49b6cc0b1181a57a2f480a8ddf50,20
0xc7d99cad4a6c150084cfdedc7f569045165db3f2,20
0x3c3c3b531fa8a77f74c1ee92e3ea255f8c17edc7,350
0xcf7796f3aa6b65b3f5bc956242468a779bd9c85f,20
0x559e923d928d556e87674a7c879c6ab79e13d8d4,20
0x41ec354dbc75f56f130006c604c64ff0e7d8a736,20
0xb37717356189a93d362d95a01dc6399e86164006,350
0xd0ff20bcb48598eb2152d72368bd879ed2c605de,20
0x9952350cceb40a9729e51c20554667c53413d353,195
0x6bffea65431a73a4cc9b5f85ac9e5fd28d38abdd,350
0xb84b3850eabf40264c45ff1a5b5ee3bd64f9983b,2195
0xad306c6746be31c0bc9fa003113a1017da021d00,20
0xd1178b33de2bae52c4f203aee4e08ea04e3c0c83,20
0x2c3f38f18ef634f7a8e6478259189a543373352a,20
0x9569798f004a8867beecb3e2ea776d3b99840ac9,300
0xc67cdb31060869542ebed211f9ae9d4829e697c0,20
0x65f926e9b4c54f0379ad0bdd292500087579fe16,20
0x3eae14289901f5c3a8eab20473135cd1873c7540,350
0xff59a768a60061ab93cd7367454411b14a92831e,20
0x7c47a233ea876931d4f95fcc767e2ba9d69be5a9,220
0xb66fd42a47bb1cf5f8d3ac3ff6b22e272107393a,520
0x5738ebd3ad251bbd5eff7e2237eb166b53937402,20
0xf2933e8ea86dd52fd171ba959325515da727f5da,20
0x6a9d00e862492cb0463cd5cbd6da08cd1dec88c3,20
0x701913af0dd92904da5f9c58ebb21d7bc1653448,20
0x01e55ed7e3f1cb651289c6b6faf7f89f26981e91,1520
0x1dafa0fd15a8548207b3b4d994108603394a0f1b,20
0x6ff4544def199f895976b52f8e7305ea1fb85fe0,20
0x88f2f3da12306cbd6931bc6884ccfa660c738cb2,350
0x7440ec12457fb1ede7fc5e28a86e4dfb10134487,2000
0xa12bcf1159aa01c739269391ae2d0be4037259f3,3220
0xb991a2e15421429d3c1f00114399aeb3cfa8f095,20
0x400e2b1817d020094d090feaff754fc49058b173,350
0x0062ac6d0906fac009752a6c802b88d20dcab4e5,200
0xb9c972697b9ac28008397c6234d1b771609416fa,20
0xfd1d2b015feb2bb54a8d24cc5adfea877cf72733,20
0xaff90e35703328845acb90d17f64dd1bd3acaf57,220
0x6b86331437444af25eb6b1e490f51c812084739a,20
0xc0289f6ec85438b15d83c5fbd8c07493a6138893,20
0xd2c7d4ff4f01d93d43a8f7a94f248974d5096816,20
0x774e2f5c083830e9b6c56fd10396e8b5f8bd5ebc,20
0x465c203c8b964f8ef56d9e13e3f91919fafebe21,20
0x9026cd9d317b29962953e566dcf04a4c80f31288,20
0xaa0427121c2d61981dc88ead06b5eaaf5820f2b5,200
0xebeda0aee4bdbd99cb76a6c040932d73ed1dc38d,20
0xba4d8a11c7d71469c013fe72f4284acecfb88cb6,20
0xc78a13fe213b2a0a75cd4ff83cdf1b083efd052b,20
0x2f2bf91b3e93d8fa7cc84be799c5b30f8dd014ac,220
0x96fcbaf4e70ff4dd147592c8711e7cdd36b9b669,20
0x24c83af43a09f1b6f9c3be07ce60388bef9d303c,20
0xc23a42cb86e3a260b7bf119faf914730bedacbaf,6595
0xd5c0f7be7f2cffb0ee4aede079339faa081a8f6e,2500
0x114b569cfb6fb2970d1c391444a35d33826ae99b,20
0xeab615ba9e4ee5f219846d67a8e3771fbbda4a4f,200
0x681a2990448afc906aa2519663bc09708362b5a1,370
0xdca2d508061d770fe8d4351907b84ea7fd000eff,20
0xf7f74918779453cf14260c94ef253edf77a9d2de,20
0x22e3ff0e425069bbfb2760f1a6ab1182269e14c8,20
0x05b580942037e6262f47a17d412778d56467ddab,20
0x1694077e29b5d32d62298f9b7baac7c5892830d0,220
0x144ad71641e1e0ee4fe67ffefa0893e5b4c06d96,200
0x754977450ac73349c04c72422d996b100ec34d20,120
0xd86de36cf35f02634fc52da58af36aa77fa16e3c,20
0x4bf6c3180c9bde642e20b07a1c4104038b173f05,20
0xb3fb825c7ffb5cbad945122576053d98172dfc9f,20
0x4ffdbb143d5cfc33d9e10f7497b5048283ec833d,20
0xe0f9439f6972640f392eca664c8f304c1f8f42b4,20
0x772461ae4847ee00492910a20fa971b09b69844a,350
0xbe0849edbdf22590db81f1cf6f574278e05a261d,20
0x5c06181645941012fc42c3ba662f77c195eef0e5,520
0x2f9994ea20ea8fa3a72572d269a7d514b8bc5c5e,20
0xbebed6e92e4f9d1baf7ab0e8a8cf99af466b8c65,20
0xc7557805ccbb50f005f2dfb5e595a7303f0a1f05,350
0xebe69aad2f4a28321df6c0e0fd155354f3896852,20
0x3c708feaacd5e07125af745f433f0d677d30d6f0,20
0xf16df3e94a8642cdc8ab83af3d44ecbe125d9996,20
0x3d22c4bd02922e86cdedc42ca4624c269a9278f8,20
0x5cc768319d0caff51d01ac6d0e4152bd167bf595,20
0x35ecd51334f53a026a39792c3b9fa6ea61b065c1,20
0xcbc283cb8f80d143e57d84669185e3c06bb8e3e2,20
0x6da8ba66bf2996658ef9fa9bf6b05f83fa2351f7,1000
0xf7329d212815eccf44dba461192703916199009d,20
0x40858b289872fa46fc898999a3129fa1ba928a76,20
0xd3acd44a0f920d9331de1269701f50f821f93b34,20
0xc3252ac5bece3ca2a46e14ff15116507e4ee6803,20
0x5768a7efcd49d65cd489bc7bb39122c2e550ca3b,20
0x248a8c0c34605b9b2ac8c22767eae9c3df793efd,195
0xd05a46a902ea29f1cc9d7d331b614084cf645cda,20
0x86006946e4cf7918f85be9849a5cc84522271488,20
0x9847453367077af3fa3e822d83374f08daf12c68,20
0x595971b2b7ba20b149c16b234e28902308544c05,20
0xda6ac37aaf4bd41dde0a84c38b27e4764a3f7793,20
0x3830cd3c351f9c67b2a733b73177484dbd9b8387,20
0xc1644539e1034199b64d1b6c17aee6a8171a7d98,20
0xe9929dc51426db46474775561d1351a58714251a,2020
0x8bf39e8c9aa190c492c9e2da8d7736d34126f2e0,20
0x16939ca5bfebe65fa74f2845ca14d42a3512e236,20
0x19bdafb7e311ef9ec30be820efe3b910b6f41146,20
0x5f5b07e2603561baca001d184c2f8b53c132e210,20
0x8c26fd54c42b06593258b86b9d0f91cc9e5e64e5,20
0xade7e113cd57b8a34f9f9fac24e6fe8ead718a7e,20
0xc7962b984bd27fcc98885a3f937b16ddd0bd3ab7,20
0xd1c6323dabcd0200de0a8041fd234511b6b513d3,20
0x2365218e4d7f1197b306c97ad0ca0a10f24e245d,20
0x168a3d20c057633efcd6ef29abfd4795690fbff0,200
0x4ca8eca1c7d24238d34ba3086c8ff54abbadf3d6,20
0x739219e91a9fd0f011389de4081e3f7f58c36871,200
0x2f8ab4f0e64f2c108fcc0739c6bd8414e03ef32e,500
0xa4f2ea92120ef80b93eb6b587911c38788011c72,20
0x1bc3510482b1045d5c75d9a53a34edfbd2bef3f1,20
0xb2a92b4898be5ecae0d62d3792574d327ed7c873,200
0x3ceb30454f252358c75a244e065432d0f206be24,20
0x303ec0905874c45c2175ab2b5e44e553ebe8777c,370
0x500358db13703566fd2dfaabada174edfb969d43,20
0xbb3ed2a0eb60eee8c0dbf6d1b74e8b0a21fab056,7000
0x2f06b2744e1d89f5bfb5eb4a9208163051aa1313,20
0x77c1d273862b6aa39265debcaae35cd7f9ea1c87,220
0x3faa9ee9af560682ababafb2d6d6f5de916cffa4,20
0xa895db1e379458cf508fc251daa9c829421d5f8a,20
0xd26a27019eafb39cca6f67b90bc3772805fb1ea2,20
0x05c08f86c0e38d617b4edec9126b93995b904937,20
0x74a8fd1959562b2e6d8ea4d56e3e3e399e4a5d7e,20
0xec72ca6af5b6ba8f9d98338aaf1d4e1be23e9c13,500
0x4a7bdac720f6cd44d4534ebedcd8d3d2e74250cb,20
0xc53a56131d16c9bf33e3ee6be29661b21668a80e,20
0x5b0147c0cfb74d43467eb54acc83424929fca34b,20
0x4dc7ef6c4e40ee9faed48b2a3ee137977fa014af,200
0x959094ad756aff3533f1287b14dd12dc89756f89,20
0x0d7156310e772352dc18edeaa173c34be23bf2d0,20
0xabd6693048f96af93d5677ad44e84cf62a41c0e1,20
0xe7c63811f2ea6e23fa2338117fa7388ddefad5ee,500
0xfc7d75b3f49c2655554d1f25317482dc649baf56,200
0x7b11aa6312e2f44739c87281776a46b138a41e66,20
0xb39fa2b32ce06507374a9a663ea0fd98148da5b0,20
0x0a8223852ce225ea5656bec7eb8a071208da866d,520
0x7b11897546936824ce912cc6002129c8137f1b43,500
0xa787d40c1d771edb3a8e58ec19c33ab4cb58c37c,20
0xa480e7011fbb62f46d1976e503025e2916850637,20
0x8eb3b4f6c59b78869633bedd57ca43b5e53900e8,20
0xfb0a47d508d4fa545c987e5a8725091a67992a1f,20
0x2fd1170da0da4fcdd3eba57049eb12ea17323253,20
0x3f2da3f89db799125db9639de72a4209cf1c40ea,20
0xf59febd5eb70a27d65b16a5d4c9be846331fb2f2,20
0x398002fddca19d225f6e25f30e6c52279b3b8500,20
0x5a926b8818833ac31c96d9d0f1dccc49ffbfd6e5,20
0xe2b368371012d069198c76727bbc877f80b3d363,100
0x9488c652e2fc8f90f0c8af54cf7d44a3b4b6f07e,200
0x40beacd1afb6b09f6348f96b1e9baf8ea1645fc0,200
0x089965221664ffbe7f80b5281bc322d6eb4f6c5e,20
0x708c0f5a64844ce1c847c80b4797599846533421,20
0xf393da239d8bcd9ee132e113ef4753cbfa411c11,520
0xc4db30bd7914d7346510cae19186e633a81f6dce,20
0xdf65d5d0e5b91d1c56d3ee57c9d2d6de5601f4cf,20
0x36f7343ed05be4f85895fc193b5b72f3ece3139b,20
0x98b7fa3c3b93121d40b93d1625f6915dc10a6612,20
0x41a6ea29118bbc191f76d5e898ca7ea331de2c34,20
0xafd77adaa6cfd8480dccc9f2428b20323526700c,175
0x9f729294b308f79243285348a7be3f58ae5ed31a,20
0x0d61ca6c13d90d714d45e44c6e48d65ddf549af7,1195
0x3c55c389b58fc7c9bea15bf77ba7961068dfae7e,20
0x561bbbbfc0fb061ee03507334fc178ecdb478d31,500
0x194d4f449465af8d80c1bbb8096fa9dca6afde25,20
0x9b279c012d07880ef58517307b076aac30d305cd,20
0xb974c920234be5c53a6dd863744417e7c9b12f1e,20
0x900e1a1916eddc2a4985b5515518dfb797a6534a,370
0x81a1191d397feb623c314046d5a083fe6576e553,20
0x2ce6520a868009bb2d766c3ab9412a398941ea0d,20
0xa4522901610290eee9a23dc5aeb672a270b94322,175
0xddc63fb14ca939802d9d0dace1e8317a93e694a8,20
0x15e633c3b8dafe59e49ad8f66c903370fcf05064,20
0xa44b1e4834192845f5b406ecd9e86041d9efcfb2,20
0xf7fca9a5a74e2b4ce80272d9a7aebc3889cc38ea,20
0x3435212e11c14d00b097d786247d9ddaf836d928,4020
0x18b0e813f1b4c6dd88fc79ce294fe951c830dc5b,20
0x3ba17bb92522b0f2d1ea7dbf413745efafe9632e,2720
0xf750d297df891090960014c1d5e2214e7a70890f,350
0xeca904a16b8c068e389929e9984a59c9116050ca,10020
0x7a75aff7e20511b733b6bcc970df438516c44d19,195
0x2fb8fbdfda724931525f96cace0d435d8cd9c4a0,350
0x6e7779064e16f4f5d0cd335324c36569b9dada18,20
0xbfd08908e6a9cfd529beb21a3c714a91327d56c8,195
0xc2178a45185f4fc73bab03577be586ff517d4ce0,20
0x3a52a863de3870f5ff22ab9c2f6ad104b5589efa,350
0x3101d6a23f212c64a7a3492d343000e713206791,20
0xfef084b57e5479ec948e2828d8dac51debf78ce5,20
0x9b3fc93051e2ca9a0bff950fbed26a9a6865a027,20
0xee80dea9009394aa63e6659eac08d6fd822ba476,220
0x672f7f43193d83d1de2f13efa1850b62bfa8120f,20
0x291f6f3aba5439f049ae437dee99aaa67ca9b835,20
0x211adaec85b53c0460bc5f8f083f764948588238,220
0xfbfedc9094c94ae7cae3f1543082d38a029abe79,20
0x3aaa9202831fe463bff78fb414ff854fab912e9b,20
0xec759ce3044d4a0f13ccd06e751784f5db968b6c,20
0x192513387b1bc31597ebf9f858e19bcb410ead6b,1720
0xdde5514f4e0042a226921ed03664ef5603cdb04f,350
0x16a2ab0407d74a8fef379ae05de8a3867789c5cf,20
0xdb6628dede56138a28c7382c8a3b213546dbad17,350
0x8ca81dc4327b368f0c913cc29728eed9d779199d,200
0x4cf0476cf2fb3cdddf0ac61d09666f72548bbf8a,200
0xf1835c7f4644db5cb7e77ae9a9822a91464f8b4d,20
0xce5b291c142dee317b38b8266b69359f4e14042d,20
0x5c0ba3700da7edfd56b861ea1244ec4273dfc297,350
0x3c52b157248b5b17b1f3ca4391a9b29ef966ab87,350
0x58fde9484303ad05752520424b29371557e4a4a5,220
0x07930e2ad3ab24166c3b7f7f5e7bf5a02b9230ff,20
0x3a861033ed46aae38c74e2a8e0cddd85f39c59ce,350
0xf2480d7e242d2c35f4b7aa83e33e695f5ca1ae61,20
0x3314f2f7f4e722a6b227472e9f7267134d87985b,1000
0x44d7fd3d7496ac4bb9447947a10c33358519c988,220
0x20ea0d0de5d515ba818efb193620ef2086bcee41,20
0xc1fed8b5f9999909984eb2445a361188982d49a5,20
0x34754820e7c6da7bb0861f074bfe591b26981e8a,350
0x8c36c3a94cef183be4f0d837e8b0c52cf189879a,20
0x3da4881e8950e03d0af78207d94334f4f61dbbf3,20
0x1d73502725bf8e51403500d58368b9efd39383fa,20
0xa0bb293071e07418ecb2fefc073136569ebd1736,20
0x42af94da5eb7e3416e7df3f3fbb6e44351ecfe57,20
0xe76e786aedc3f6b81fb14a1a81a9a89e21c656c2,20
0xbe4fdd895f74017204f5bf90c469056fb3bd97be,350
0x7e147cefe13fbe103421e2f2fd9d58ff3b878e1b,20
0xec9f2dc0c959ceda23a3d0e47395fec60207a783,20
0x08e2bdfeb847f87f975d4f372cd780ff02868336,20
0x983764c3f54bf70c5b0510434c8b7996069c8eb9,20
0xa50fc02c9e785e0f2c7fe3d36d6d9f3a84f017cd,20
0xd56ecc30f1ddee45a3486bbd8c240b16a51a87fe,195
0xe396146a7070472a544d5d71710be9e55e95e98a,20
0x9ad6a4d4655c393e592d5bb81ff0beab54ef74dd,220
0xf1527d48a4c7f6afa7801a8bbff0b8afb31ab456,20
0x68bc4897e6533f28e6acca36df0cf16e1d963de7,1000
0xef738e3305476159f0665393f52b9ccdc74f298f,20
0x834af94c337e5067fb42cd0bd10e6ce8d8cb54d6,20
0xc3c90e9ffc85041e8617a783f737a3466a18f639,20
0xfb7dc25626f7fd4dc61a0ea928e8e9fa40279aa4,20
0x5646cbe5632055c09b370da57d32598d0506d60f,20
0x262bd4856874ae292661e579d53d1d7fc41ab4e1,20
0x3c3ec454c87dd9b3709c2729c45d1b3b929381a1,200
0xc1a14b1cacb774e8b9b2802904e761ea8eb40d79,220
0x7be2b25aedde6ce337aae5858e95dce99dbad1cf,20
0xa925782d418a24762a96f2d54c207b93b61e854b,20
0xa9aef9c4af5b2efbb8fad74a9bc405178f1de72b,20
0x95808d01267589a5be9df38653797c95fe17805c,1200
0x818255104e6453a48816cf81f8e9c8ce5055f7a9,370
0x7a712cfb1d210c1b26f9cfe735e7c014208ee126,200
0x27da4777b9a62598a973c5c4d593accac31718ab,20
0x8d1fb7a259e70f6c653d1427e4a8aa625d5184c8,20
0x51b4db24a408d021c8d0f21612a26c61db434d49,20
0x4395ec5485519084fb6963ab1b558a37b83e4441,350
0xdec2ea8fbf7e05ca2826161962664656cef4e52b,220
0x7c2fe2799117df4356390b6dc8c68b041696b3d5,370
0x9dd55bb2b6869f14e6c8fd40463ff0b8f8fa5a19,20
0xf9f0cab4b70eb1e54a23b0f148f69696de736d1f,20
0x5bd5d826e4275a2180e8c5fa3c80a66ca461a375,200
0x09cb2941c3e2417ea702c13194cfd6d19f72fdba,20
0x9ffa27defdd507f7596d13aeb6352ba06469104a,20
0x6a95a3279ac4edadf1946213e1e4ec6f6b487e07,20
0xbe996e9cd5886add200861f4b57ae955a6a47636,120
0x669105FB922F301869402043BDd79393D010e68E,2287