Wallet,Reward
0x49f356c16365dbdb9729993a2e9b2e84c379f668,382.5
0x1fa432e456515e02492f2208649c33a9120e793b,2550
0x47785c5533f1009c7ae117fe488d5b3d2df6caf0,127.5
0x21c8e3b25c0d9054bbf45a16ad93b454e5e204e4,28.5
0x6fb2aae794c33b1131a6f12d8c84c4fd84327e58,2626.5
0x96e95a1f40cf5a50178053740ade18046815362d,2550
0x9dd9589cdbd822bffcd1b2cf4410a31eba219f99,2635
0x13d2a02530e987f68b9df14aacef417525547410,5880.5
0x1e4c331d8dc510622f997b55520d877349741256,425
0x5c3b0861041855054bbcb7ec17ab5f04b059734a,42.5
0x2b3d820cab9970dcadbbbb667e012b927608d17c,170
0x5c10c47b2d848e06a5dffa45b3bc10860797cdad,1995
0xc334cae02cd1cfa088f04fc74387c3c7d6fb6bfd,1785
0xf4a403cf5867fefbea45e2c308ba45bd84f474a9,2762.5
0xcadeb66b39ceecc12630f85a0739de723bbdb5ab,1827.5
0x954ca028b02f2e13f1a75333cb1967ea7eaaeaeb,7600
0x554c3689d9ff54b2fb53a00720e68816932f381b,4547.5
0x88290a269f8ee26ca6182e2ad42c3d40046e4dac,8032.5
0xa6311ddf73a94780e2b6bb5dfef516719877588c,25.5
0x522a57a9267b6a54dde2f9a89863304cd0391827,997.5
0xa885c5ced05658736659a7e525dce52975a8d62b,3493.5
0xd3e14c4a7f47472271251542bd4a42e62fe2cc19,790.5
0x50deacde18e4dff71956519ce426471cc35a6059,578
0x60f6d449f05d5f54471c90a5331345ca2d0c9ba9,1963.5
0xb7892ce888bf14f3259b0d9627abe7ffea158c7e,5151
0xdc61e516d02204e27509fc8cbb135da2439a3967,170
0x031f5fcebf0ac464ed9d260fd85f12aa0c11fbd3,85
0xe0f977a9328bd6cb23693aac40768f26ac0469b7,3187.5
0xf37f7276c80f3a72c87d65a915aebfc8ab9933f7,25.5
0x2adc97f7609e30ad0e2dc0b829cba026549661a6,127.5
0xb5158273888ea2372ca4b7206c7854e221045ece,255
0x33cb44260a7564d3cac8da5a6d0fffbcacbfcfea,170
0x290ddfe8b67d74d9e787cb2657222b1d61e3155a,85
0xc4baa22875102821bd01f572d63679f5f1cd8046,850
0x9cadc8955d21e0c52af38d67c482acde645d3a3a,25.5
0x13225fe0942ea23d62536dce84bd208fafdce10a,1105
0x590cb961aff1c2fa489467e81af2bb08b802a402,170
0xdf225f0720f23e3c2773915ad3182bfc5346a32e,850
0xcca385be21b94fa1254c8b5d7045cc568a520586,1140
0xa5135394d563e323e83b5c1b097acdd7a053b40c,1757.5
0x52332ec46bbd2d600dc00825583576b9483eaae9,170
0xa88ab9256b1f92b66f7c42b2e25cc39559d3cb14,595
0x038f6259a47b3870e1d9a156836e104117f32e04,42.5
0x18b701e6c2d3cb64025196716e4055ee09033bf8,1742.5
0x63a690a115833cc38451fbc8552d72cf8c5b0461,10200
0xd971ab1bc4396253bc89e0c53ff0c241e9d91f9c,42.5
0x28b460e553ce81ea5ea5407ece30bba3903af23d,950
0xf96d9e4ceb9dd60d9549059e72fb8b2a1628a621,994.5
0x8c582af92d80e7da919f02e2ace7e805d64206e0,76.5
0xbb25c8c400c16c4b7601f175c4b929a1309754d7,255
0x93cf58d7c486898da4538cb9058772d92d43b1aa,1187.5
0x00b6652630e49d741db460e2757bed6d97dd021c,297.5
0x048054f6e13bb29c6453a12337999faaf8ebd72f,950
0x85a1cd429b59da017cc855aea2f72dbd25b1f0b1,5950
0x77671737074ec0371b814058773fe2a75acc495d,170
0x5373a040f376c26b44fd6950374a267d3600d14d,85
0x1647e39548ab5e36aa7749af7c4071b73d2326e4,255
0xb066d4db3b9441a071c58855da76a479b288ef6a,425
0xb8371f766eb9c93e046c349d33cb45a9c5e80c8c,2550
0xd894b25119f39aea58d786329619f0f564a99a5a,6431.5
0x970f6dabee0347a48cb6d3f4ef79d0a75cc5c196,425
0xb6c115ac7e0dc2a766c8bf7d6219c228b0d5f592,510
0x2fe2b21e1fd83947baaef67dd4e8716f6882c93a,42.5
0x7f426a09043d0a12ad0d72a2e2a4510b1d597aa2,11400
0x0d0b7d8396aca528d51a9ad85a5ae0e2903f1c94,850
0x38c271c9fc3a0e244a752b25a31d93a63767d567,1657.5
0xdccc066f51216fb368e1ade4b6e62cb96b624a55,85
0x2d0e55dc481612fc9b352fa09daac9f4f489e2fc,425
0x728e3d647eda829e20d61dda5b7e32b05eacab14,2125
0xb3642c12273dbe50bba5d2df47ead9500c6a0dd2,2550
0x834a39ce3a426ccc8479e334fb122a7bc640f97d,9642.5
0x8e26ff2684e58687f4198242c11e87c99c50378c,680
0x53da49f96ecf3096b1cf72bf7fd8f24cdf943002,170
0xadd7efd88d0833883bb60f4d5ce7274838bd01ab,125.8
0x329f4435e0f22899b733756c71aa12c1004146b1,127.5
0x2211deae839844f79d68b384b01fe03e40c5e655,76.5
0x066fb187404feee6ee7f6cde21697cea1a89ec23,3014.1
0xa2dca4ad21fd58e4ecfb4b507cd25c0b3c71dff4,374
0x09f213953d92f865b949b3e39b9dcfae687d4966,95
0x2434a3896ce832932672e9c0f7c35f0f34e04206,2703
0x02d84a866f6ad6f8db78617e16da76c401e59d37,1785
0xde59dde7c5428ba29c7461338f4a6f45637c792d,133
0xb44d3b0507e69f7fd3683fb4ec3bdbb7cca0ae25,9222.5
0xd938b623ba89ddb2e17d8c673ea48939ad7dd7de,986
0x5d1f6afc5a55779828b6e34c6f268098c81a2e2e,1530
0xadf2d479577dda9a332e14eca095969b143b7c67,595
0x786e4850cd0c961cc28695c872cfe4ba3f74f150,1700
0x3410b04c2362496d0d06a0be58658e7cd5b50e31,297.5
0xc26142ed582efcd2d92b5ee6af662006ce052640,85
0xa458e89dd8d057308283bd9c4a6ebd596e302287,1020
0xa30ff788ebac2878dc36ec379e55deb02c44049a,892.5
0xdd8804e408a21dc344e2a480dd207dea38f325ce,1472.5
0xc879a51507f346782950f1fbf4e7442a5ec0066f,255
0xcf49ab9f2838921530c294c943050cde54ebc016,42.5
0x7a52f357732da1265067120d3de0795be1ee1bc7,2575.5
0x51485fa8d8cc9e23966fd90fc6405ef82a85e246,102
0x0c78c28ff1c7e6940bc81ca10c73a361f68b360b,6077.5
0xffb9de14f1373d60ae5a5939a1e8534a512660ce,1895.5
0xe6ae87ffd560e40817ed53dcaa2b61f7c77626e7,850
0x6dcc1593c9156ed9ca35a852dfda02d7a724b306,25.5
0xbd85a830fa5381e2c80c276f5c258d2e9e59ad93,2375
0xc2933176a9be2116721a2681e042111ad22f8266,7709.5
0xaaba0a49d178e9cb53068f2df10a961b222af43c,42.5
0x0114731dea1bdc4994b8ca845b0ffcaed7d9a4d8,8500
0xd53d7a2a60af71f1b1f44484ce48b98ce3f695f2,85
0x7ba2b0aabe15a69b112b4f47a7eeb3b17a939d91,25.5
0x386fa601a6b8a5b602efddf089fe734bd6a0481e,1275
0xb870f75ecef5dc08da432dde71c4691617f3d7ba,170
0x7aafab99029423c6b687a682ccf2823c1c9d5781,204
0x250027fefecbaa1d0a77d9a8ec934cbed9012690,170
0xe728d9911874adb8e6a56f35e23a3670671a3901,425
0xdddfba98691e31ca04c2d7e0ca44d4118639086a,2890
0x3931b1cf1565601b1359750d4d1bf8857b46b514,467.5
0x6835cb8b14833563d821c1def3c83209828c3d1f,42.5
0x23ea05935b6ed367059cecfe357700b27f649471,42.5
0x8caac1cd3de19fd5b1acaa79e5b157df30f7fc0d,42.5
0x334f03ebaa3b292b4caba803f10e515c5165725b,561
0x10716aaffd2097228c78fb8a7d844eabc85497f5,5225
0x2282ecc111b7acabe470053d4a09472bc07b8d00,1530
0x6886f33bc57019890ef08a6056c966b5b8fc1676,85
0x2479478c31a50de37fda3596f92ed557f28451a0,595
0xcca0c9077072ec919be9b1bd37e06437fa8ceb2b,255
0x3f657d19a7f269f70981d7797fd3865c47b66461,42.5
0xd3c33047c8913dd6179e355e054efed5db89a699,850
0xadaae3a6b440fa6d7cc5992eb11c34e1a1a0264d,850
0x07b85d40e253bf5c6213a3a506e45fcbef44400e,425
0x2b4a83ac1c5d523b4cd9b91a083f6e7252f1fbdb,340
0x727f2ec0e203ed0c223e44ed5ce8c5dc67f47c9f,212.5
0xd54157c473ebc5d22fc351a315d05a56e9f12e8f,1700
0x9404411bbada0c2ddd9d855cb54e4921897c93fc,51
0xa3bf8670428827425421758126e197790781e97d,42.5
0xc23cb9b68fcf2017a98a028f2c451c9f45b95db4,195.5
0x5d5f944b72d48e60fe5f43dce888bffda40da33e,340
0xa8955d4a074ea900da7836b8403096881f8d63d1,255
0xd3ab2eabe167243fb70b8b7241a6cc84dcf9419c,862.75
0x994cf20f5084427d078dbe368ee9c5b6b9ec0755,427.5
0x6080548033d259722ca0e6846bb3fc41a7193a8b,102
0x1461b1e13ac15b849b8fa54dcfa93b3961992642,7862.5
0x63db64c96747a5386b801840a3e3fa4360e0427d,1062.5
0xdcea3416def719024d75a69ed7fc156dabe3738f,255
0x0c8eafa5e8c3a68199604d3fa294826a4040c4b5,3825
0xde29bb2e66f1731b187919bb34f4dd793cebbe86,1700
0x80d1c0b8ea4999a750239123b5b198cecadf1fa7,85
0x23d344a3fe9450753324523425eac8bb6754eb8e,1428
0x7681ed0bbbcd36b55d98d911f97ccc0ad2eb2174,95
0xae1a1cdb13ec86506831531d9e52456b2c0eb625,380
0xe20254111032f19fff333fc59faf2b0d4dd79d41,467.5
0xaadc3dffe020571dcfc10c55ffd76abfbea5bfd8,1140
0x69776e601226eaf07d8a5455eeb53ec63a2db8de,850
0xb16719bc309cbeddd638dc01bbf22dae9be38d2d,850
0xd586faa55f787518b0feeff12788f40ca7d01f74,1657.5
0x4f32c11b890a49ed6e5e8f5ec2ae075034da1895,4250
0xc1ee59265efa7d13f8592cddae514a5be4cdf4a8,2720
0x7d41a1ef0e287e5d0807e0fc4e00f1e9e14a74a6,2635
0x1e58f9f9296b934d1012cd6cb81c08bae83457d0,2550
0x3eb4b506a839b33a4e5d8719a4150e478083d550,171
0x9f77f69848852c1a2fc529d2663b05af30559ad3,1572.5
0x1cc85e5ee3c566232f352c1dba885cafe4e9e015,1912.5
0x278b4f3aafc3d731613db41c9de0e43d57ea0143,1955
0x5a398d52f412d97ac5852fa327ccd425737d3633,4590
0x8bccda800f9a9cf747dee7cdb286dd11ed44f149,5822.5
0xa13a83fc3384d4c694168503541d268b4377931f,2550
0xa9740c509f10bdb4908507345cace1288875a7de,3825
0xc6888cdbfbfa620b4e078933415bdc5d59d2c9cf,850
0x0d61f0a2b168d38292a6e10d85a2f04b34d65a3a,1105
0x5eada99777f4b3df0d5b499c7912a480cf66e7d4,2890
0x1a5d8eaaef4515c50e9c98243f9578086b2fd8cd,2847.5
0x2249c7eed5cf914d391916e2736774bfb5db4905,2635
0xf2f0f4401805f8ad619d20ceb096f61149458abb,765
0xdedb6039f564d50f107d6c27794cd2c283e878d0,5700
0xd5399174196c84c0b4ac6be0785781da80e1a941,1870
0xe33dbd79e98d70ce847160222d96b10cd0c53f31,2550
0x97a9871bf7cc80a01a85b2bdabe9e2534075a238,850
0x0e9004129dadd7b715f288f9fcda79ed755b8271,850
0xb4d16a615fc41496dd27e9cadbbf3340c2bc1203,850
0x58744c370a9732af07dad1152f1cd4fc034e180a,7650
0x71ec5a6269fc86cd994039c5d5b8080d62fbd95c,25.5
0xfb5959e3f9401033273ce1009099df6f0f972030,684
0xabec91ed6ca19a29c5a3153969724a892703331c,42.5
0xb68ce8b4d0c5818703aa188c8f7345f3268ed8f6,1530
0xbc627254fa9e73117cb70e1d4eed610ba0a9de0d,255
0x31ff43d8bde35e98510ab82ce0017f0f5ff2c271,4972.5
0xcace5e30546142711498ed300bf7ac0acadab787,425
0x44c1626309417dbd6a81e91a212897b66f6202c9,4675
0xa25f4884b4fff5a8fe9048b2f1334551acfa6ed9,2167.5
0xcd98c89b9657d3f6576e4ba35600b3852189815e,850
0xf9f7357c3d62e14da35c0f3a98f95b44ea54ece0,5950
0xe4c11beeb836cc6653410e147be97618ee95be4e,42.5
0xe4a2829f4c688996233a933ced1940ba0701d17c,272
0x87352af26805176272dd48a865e0dcd31151aa22,4250
0x0b59ae45ce4a24c3cd643cb5100553c23e3463c6,935
0x86e451e30dbd1a0b2e543158da98f6c67e2cfdbc,1232.5
0xd520d01a6d2820464d8b2a19f54011b05237d44a,1487.5
0xa4ec20c0751d78777274606d0d71304d1c191f96,475
0x48445cb720fa42d164f38075be7cc2586bf698bf,425
0xe9dd8b36c7d843e811601360b836bb73aced82cf,765
0xfda77411e0c12df5224d2c958caa111ea5b45329,42.5
0xc76a7a1bbab227ffe3f1a098c5bd7e62e128fd7d,170
0x7bece4d49f1cec6f8a054a3ffafbcd91c8d1c8db,255
0xf3ea5d2df647e575b55a7e2aa7af907f90e1058d,425
0x98b8e4868d9f5c17f15195bc4ad23a4bdf8dbb0e,42.5
0x2002db5efdc6e30ac611bc0303a5b6e4a3cfb2cc,1700
0x817b2c0d8e0bf218616784385777738c319413d1,5320
0xe1d844df2e79ea2014d8bb6817c98dd01d1a05c8,425
0x348d9548a65fedfca6dc605fcd6fca5b6c22b607,212.5
0xb3397a6feedff2b9fce9ca1086cb1bdd617c16bf,170
0x00a9b763ff87ae5e9c6312779456144a06f6200f,1785
0x04befa0087536e99fb1a9bde00c4a6f9289eb6fb,4250
0xb46fc464d15eadb6d9cdc9decfa17402c0aabfb9,255
0x2c25a6cd94fe71002ca711874a54e9becb786d10,170
0x2fb8ad61136bd6d668f9bff7a9f6066b4ed907d4,7650
0xf3955d548bebc69bb8776f3b650c1cf10de9ade2,617.5
0xc758397c40f8dc4dcc140141368353c8d8fd373c,42.5
0x1330355f5181e5a865b35063427648a5aba9096e,1011.5
0xf43dd86d7a7db7e3e411a9502af52c124243686f,2040
0x54fa062ada4367420418cc9ca133c20b7440eec1,1360
0xbfae365f6d420ea1c86f84489a7dd58402edc8ad,85
0x527e5c08d360f2b2a1c426245297dd2876c53a8b,255
0x0cfc070b28fdf32475476bad4c236ff0c941c607,255
0xba0f56f913640cbc2f00a1e99eebc4d0b7a392b3,935
0xf71754daaaf2d74291362a101cc0ff5b53bfaedc,5270
0xa5ec0fe36ff49727ada0b1b365be8f91a6b9bdfb,2166
0x4d2c52b2c61026e9a3966cc349cca9fcfe27a382,1275
0x4beab2af56bf3734983cd6fec1e16e3e17889d94,760
0x68462009b80f3a50febad68c61890f4927a7d5e0,850
0xf9ba10f989e1d971c2d798c0fe5d3e94c56f030d,425
0x50db6f29c6a70aa6479e7adfc4248d5da900773e,170
0x3ac6bf41fb09ddefdfd910b5bf65a0ba626304b5,1190
0x93d096678afe298839332c5a704e408c25393ecb,705.5
0x46d4987b8bd188cb23425c524c1bc44cdb6b36da,1360
0x222197f6ef2798d319965dbf7a0374f5303e5b34,2975
0x359a4f35926278ab79b1b83d18b84935424301fe,875.5
0xed129c909b4eea628dd1bdb064a4eb5ae20c4a92,425
0x84ab51c230f5f9fdf85e1fea7e8a029a2b387e1a,425
0xc596760503b4b215c82d16dd7929f976a728c271,1275
0xbf3125d7e2fcc290d97d27a84c70fd8ceb7671a9,212.5
0xc04df29424ee49395e962858eb0babd29b2c14e9,1802
0x5a6d489c1f9af9da07f6414b87ee969645419375,85
0x1c452b10df490f2548a1389fb74961f1ed655e7d,765
0x85a0282e76cf7012b15f8d51965f486cd344687b,142.5
0x2da4bb47215ee3bfa3cd08a89cbec87816062124,212.5
0xc8215e044bb4c63c3d6e8dc9d130d50683094e45,2975
0xce99e81912fee351b1058e822b1aa41745aa55f5,127.5
0xbb088b60f8acbd24051cd982584e3af06b58596b,85
0x6a0d36928b9c22024c7601cea83269235cb3bd60,2850
0xadef07f21f632003bd8362280688e099f56423e1,6757.5
0x64ae6414a42207aba882663d57a4d6a45f993d73,10540
0x40546025b9607996cdf7246061f9eb855e40cccb,850
0x5b36e70b17cb5802e3db17cc1f176c0983dfd31d,13205
0x59d24be241ab2a98516f5d13c3f4cc1b6c29c2c9,3442.5
0x67f6a2622770c535ab8a893bb0137db86a29cde0,1275
0x729f6405527fbaa18d73c8c163a20defb2668d9e,850
0x1c2b20c8c7f0c649ee682e1c62a3b681862f7b34,178.5
0x40174a3c92a7ad071ed290df18d732e95411b29d,340
0x04f4b0d4807459725dd461ef09f0cd94ef3f7c0f,425
0xc356ac859538c9f33c750642ed4dda0ae31b17ef,127.5
0x5e914f52c830e817ef4b2b9914c08ee312121d6f,765
0xfc29f146f611c4152fe4762653721788a53b7bc6,42.5
0x3780df04c6d0074f6aac8f1f5acad61c57604496,170
0xf6d1fc47fd46df22eb2dff06851b7c902e123f10,425
0x43e7752f2478b32b1cdbd62aa7ea512668756ba5,1275
0xa9c11abb2b10834a2b2ddb8bf1019557ffb02b81,212.5
0x7049d10d42847397b0e52408f8f8c6c23f619b47,42.5
0x8b9b0d1bc97c7b9101af27150fa43268c109dab1,1700
0x972978353e8054e4cff24dd7348ea2b2ec768d55,13338
0xa5aa079843cf64334cef30c13b9a5fad97c061c5,42.5
0xe056077a5ab960ce67bf31c90bf94f8442bfa425,2337.5
0x14c78df591cc60d8a0b5d5f62593523456ad6c18,2167.5
0x4353cdc9db392ed8e9279bd21cf7b9b917488b3f,850
0x6a80c5b68d4d058218eb26d33c454828aa4e3766,1062.5
0x90bf1d74338e01acb1851dcc1c0d19efa42bf343,510
0xb18d3b20b96d946dfe2879ebc263e4c57b77dce0,3040
0x2efc398b16d4c9515d671a76ce8b4625fdc84644,6630
0xecf9d05a427b0f0e14e79001268afe00821bbe99,4930
0xa5442966da959820058b0c1952b0b5746b65d318,3417
0xe2faa637bc3742f97e98d002044bdb3b35383162,765
0x2f3bf5d151afe2fc5b45da1f71b3e1e6f2f69059,102
0x4873cc334b21d973c0708336db50d3668dd462b3,850
0x0ffacc6bda2b191f003243ba6158f96cd862bc4b,680
0xa1d085ec8e4eea7615644a4e46cfe1095c2bf5c8,5937.5
0x14cf01598ed303240d73365ced552d7fa0314807,2550
0x479b1160a9d5c317148a0eecd15f0bf893d8bca6,756.5
0x13b8c961a6c93cfcba09d8b8717b9fe41d10e71a,127.5
0xb989d5b95a4434b77388ea944427ec82adef319a,297.5
0x79b1f53fac3ed548b0a21a69b60d964ef38a855f,195.5
0x4b17e8da93352301807c8777bf6a65bcd0ec47b0,127.5
0x7ff518e3b208646714f088b18acfcdb9ca497361,42.5
0xf928fa7ffea1b98c055e9e2fc8c35448e4142484,3315
0xc4ac52b3fdf66f17baf995619e942c605de18ef9,42.5
0x0f1107048442f098387870939687778a1fcf937b,127.5
0x0d40fb7648ec5c04a3ea834ff7a010db062eeb93,170
0x51f1a6bb61a6f4df112f20bf2846b6342e530c0f,425
0x9af8c3b741afaac3c94ced58bc936b61e05c056c,42.5
0x8bd4671646582d51796d4f5fc55624011e9c9ddb,42.5
0x7cc804e1ac313ac66a9c77d949e7ac6f2e7d1cf4,4377.5
0x0c4bdfe0aebf69de4975a957a2d4fe72633bbc1a,2550
0xdfd8b10d7882c132fb11a2d0f6eb2e061ff0f587,212.5
0xe6494bac41e5ee1665874331fd2c82215c5b3a45,170
0x891185a2e42d3e8ff8992eb3420ee7716c68f6c5,190
0xa87b52386ad187bc7930d0a9ebfa94043cbbfa9a,8500
0x52c4c3705b0fcb57b9775f0d9a693ab27edd4440,1997.5
0x99f505d35e13be253ddd4d71b05ffc992ead14ab,986
0x442dbf02a37e1a51b11da2d42ea1833e4f5b5662,10200
0x9554bb50725fdb30357ff045843468b70b21880e,1190
0xd6a398abf19691890e6691290a9c92367468c782,2125
0xdfd2144eb8cc1212551d50b00b18a2fefcf6762b,408.5
0x023e2d565b02f851772cc5417700e7b4d30f2907,1140
0xce22221cecb0dc04eea6f1625fb70189e18009ff,2455.75
0x5fbd58baf8a396b5709f115e3b694cb5738f5fce,950
0xa78733d3f8dbd47fb543bdd3847c55af85d03150,2375
0xafcdbf98509f68021b007cb02e3a2f6acbba0b24,11666
0xa30b9fe39d9983df6a94b53c12ef6e44bcf1631c,425
0x4ed7b18310130ed390f7d436ac66be1509e11e07,170
0xedcaa27960bd503ef68651c32922a567e87a3607,127.5
0x7df618c193bffd172b2194a0b66f1c726f069d1e,25.5
0x1a7443b67a6dd5d6ba57e9eb6d3a0d1f4a300747,2337.5
0x551ec9b5d484ec5407edc4731060b980a8839ac7,170
0x6122a451766eaf7def2e113ac2b44c0675f28d10,7480
0x1dc7c58f26150304ab6d385e4950d760d4b1a81a,425
0xfd6df7315530abab39f2c870150c2efdfba57045,1912.5
0x866a87c161a5609f6be9b3f9b9c48174d4d969b9,42.5
0x3fa64e17b1239a7f94691b92ca44117d03fae92b,170
0x1e5a631a2bb4ce071bf24aa1e1dc28b0eda8ed88,901
0xaa46eba78cd3baabc47b971a40235acd067f5164,425
0x54804cbd6db2362656f743e4c4306dd4f98e6580,9680.5
0xa8a56ce8c5dbdd138c4a2177866c5c6266166b1c,170
0xc32f2eff8bbb71c41ec7f64f54832f0bc9821367,170
0xbbb815df7457a703aaff263343423f63c9b1f636,425
0x25350120c181d24f995f007de7d2d15d87262d62,3060
0x4c2ac25737836b9fa1b7a85b0fd63173eb44ce31,1530
0x9a02710019646974d4cd261836090281dddb1e1f,1700
0xf6a6fb9898fc79fa28fa18c96a8efedbd9815edf,42.5
0x52f81e0f6ec7f621dc932bb8ee84a9e02f4ad77f,4590
0x6bd3dd230d56848b7b14b524084b1f3c9bd47f20,850
0x61032578bc015986667301bb05934268e91f26a9,2185
0x1b698bbbf189904716b047b00c0359317d6ff029,42.5
0x92ec8341987e57b5cf3b4d936764fe989d87bf0d,42.5
0xaa11a90b392f56a3b1aec8ffbef2c14d6331c127,170
0xcdffc06adf7c7c0324769560986a075c206ddb3e,42.5
0xa5f025a341fb8def9b4c22af7c212906a3e3a8f6,950
0x821101f0704cedf3a32194fddd1a9c401495d59b,6023
0x401d3b307932a4a96feb2fda9878a9b5eb91a554,1275
0xf06e4b4e5ac5742dee3022b74b36d2e7e61441de,42.5
0x8a15e42672c1161479939ec6c1299ab1e481055f,2677.5
0x733ea12c2ec505ef7decc7bcd8e92eef5c3360b5,2295
0xb09534da21cf6e217611b928b9e99b5d93ad968b,1275
0x7c45a2c8dda60b21eab78b789c5b1371d27a0458,570
0x742a34ceefabed24dd43e8f1226769cc4185fff5,170
0xd2e2fb7b6f8aa7d605b1e8c4b9bfb0e277e9d55a,2167.5
0x41e6b53776992677425fb9aa0b536ac903715386,850
0xd32b3f6b78229eeab6b97d14d3e241e633270939,153
0xf7d31f6098297a9cdc4cd3008aca721d4a386901,4322.5
0x2b2d5b79229606c8bee35a08c63265369fad79db,2550
0x74cc8a3d6e635ed26feaef4e47c3796e4c16d13e,467.5
0xb764ec7beb219d74b463fc26ed72e5273146e702,25.5
0xc89b8dd7e3e137db108575eeae301e52b6c72d9f,1470.5
0x89f499dd5ecaf11201fd7ffabec1a4b0a2bcb99f,5057.5
0xfc8599b0c4e9c4541531fa49ba149812e3f10fe8,42.5
0xcab2c1566dfd7abac9739df94ef603a5b9638c67,1275
0xf58c9ae78fb100b5a9d9f70b51384396858d84bd,85
0x037cd1556a09784f83f8760269f4041f147611c6,8550
0x8b4c795d64a79f355432518b81e3c6544324352c,2612.5
0x3416aff81fb2f230ca7e968f0c61c5287e32a5af,1224
0x34aa402530aedc9b846ca903e7e379313f0d727e,9538
0xc6a265dfde65d5cab98375e75c5881354cd6566f,11238.5
0x3a8959e01af6c0b58d5825252b03e5ee84fd2966,7650
0x83f12ea77eb1424c20722c730afd110192d700b7,382.5
0x098e414537a78c322c7ffbb66068e3411b4b981a,374
0x7c6549a3b7c84c71e8b5829d8704d8ca664c1172,5142.5
0x7f26956e4ed1e0ece8ac8501e1f2b4373aad1a6c,340
0x95ddc55f740e6c7cebab638f7e8748c7826b56c8,935
0x47814C91626B0929c1A786846487eFdbA100846c,51
0x5293d6b249168223e141dfa71d43c84bd0653095,680
0x554dc3bfb0511a17ef022128b726e71206b5fe8d,42.5
0x03e67cfaf0c107844a02fa4233052afad4bd9272,950
0x9f33f80cdcce696629164c5e0bdbc978c46ac951,170
0xfb580003538ecaa8117132132116649e1adfbb32,170
0x0d4f7ecce6eb1319c237d68ba948d4e12a8a9fe1,25.5
0x9c0ff565272cef43253b46ed7d67bb402466a01c,170
0xa3cf34290c106a353e1d72a78307cf08bda4b834,42.5
0xc2f1485677c9805ad1db8d8375cc58daed9073da,127.5
0x726356cf0ed11183a093d5c454deb6f9543831f7,510
0xd7c3f6157c5a52197068ed332d342edabe82ba2e,595
0xf60ce84548134c57a102142e08ee14b36b2a0292,7092.4
0xa136dbddad3bcf0499a13b1c181b45f0290a181f,510
0x64aa9fc88cab3444236b461bd625068706cfdf14,807.5
0xea7c1aadce0fc411562dd219f1d12ee062cb376b,47.5
0xccde74bc42f2b6389177837567c1fb5c2c2257f7,153
0x4334861f8fdcfaa7171443d83f06cab47052145f,425
0xef1c6d6ae70e48030b0a0b0d97346105e94d41f7,4873.5
0xe0bb182db32ca277b60fc79288557d0276a97caa,47.5
0x1ac99bf8e9ae03d7f8dad8153cec12d764baf030,2550
0x8900b443b130b9e84af5ddeb567b080c48b2b769,127.5
0x9ed790b92ed5b7ccea6dc2c99cddfed2a35a2719,765
0xd4d5725f438242654bf95ec089d5f2be1cb2fae0,42.5
0x9f40f0e48f7cbe0ffd11d388c2bd780b42e93066,425
0xab71a525c9a7f0d9c3310654d6b4d59742ea2904,977.5
0x57a901ca3688d505234241d2d6f5a02ab41c0762,1615
0x4c99f7b818a8a8ef54c07c5b29fcd6e07f355f5b,85
0xadd5386854e73f45543136730faa9c27fe529d64,7692.5
0xd67bea641952c1e920c122108bde1d36e1c9d388,1425
0x4429f8362093602ad2c3697e901a9f0eeb1cf036,1164.5
0xb98925ee569a1bdbf7ef74c972a7148642a82118,380
0x8baf1bb6d6e52b6e81a9d780c2f36fe507dbf6a2,1776.5
0xd678077149d7028800c86a36dd677bb292cf618f,42.5
0x6384fb2d60fa76d8d7586852116119de74333dfe,943.5
0xb6729a4406df3be0239e3f7def85370c8963403d,170
0xbb3759ec0699c8e56b75c21d7a26262ca39682e2,680
0xcaa53fa3c33da82bad0ddd0ac56b040700cbcbbe,4037.5
0x8db196e246de3137d5c02bd2018709b1f3b8e123,2850
0x25a6528593b52e76789204d24b1b2c07559f2c1b,187
0xe2b17b822ac373ed1ed5a0b6f06ff8fa878ed836,5100
0xb424fde3eb0d0235915832ac4c66e4e55798aac7,102
0xc5822ba39771c774759ee4cf9010a6084ccc2134,85
0x3fe829d0be55bd7a30f837f90e2eeea1e461d981,850
0xafd55eb54cab90e42aba7886a4f54d9a512c8c55,170
0x88453574485540a80c168bb80930ca40c1627adf,190
0xf52b2b2606f5a8f043f51f796c9be1fd76af980a,2932.5
0x854a3789d2cecf0bcdb5d33c1e7c3e442c206fb0,1275
0x409a1a6d1fe0dfa27a831dbf73bc839436902278,11400
0xd3dae942d5bef46d6984a9cdea19012dd7b8b11f,85
0xd29ca31e881d699e09e4e41c58c32d79b8ba6466,850
0x4c7d7c9845ded3a5dd6256b629d5ecc452545513,340
0x3699e8dcd4e31123aa3ddfb1a4896794d89fc992,425
0xb95408bc17fbb8b4aec4ba4862900d40ada03553,3740
0x4243306a10c6179deb93e7ab909557d283631934,850
0x964c905b602f3dcff74c20525184fa87021c17a9,3825
0xb889403e26b7e72c746704a63bda7725c51a6271,408
0xbdd1f11346bbe039ef6b32b30edfba9164a1fbf1,892.5
0x02709df42141d7dcb3e63423ef147b494382aeda,2550
0x9b4a1989066c0fb4a441121f5c756f7e260de3fd,2295
0x9c2dd4ce6b07452694912546837c017d7e83d80e,425
0x509abffc5e8d3149fd9ae3dec849797d6a3bdbe6,3372.5
0x08cfdef666499047e9b25ae25a7378a7638f86f9,850
0xa73fa2565c18218ac6510c8cd3b220f5794f3b84,95
0xc95dd22eb99f812eafab969d9b4b59ddda3f1994,2612.5
0x4159e9b0f85a4de0ba85ce40b81570d08a1f1aec,425
0x3dfe8d1d6a73957a8ba6d8abd4f84c8c3bc78b95,2975
0xbae2c667f523e6949598bdf3324c3c4853a1e350,760
0x471f97a4729bba55393487e8e8ad71a3b640483e,255
0xf6a591a2c96ce9f577b5fd87d1ac1dc4e3a53fe9,2550
0x3fe8c58ae2a380e132e07486bfec847cfe522797,850
0x7f20349795be58ae7461df05a6bbd9df91491a2c,170
0xc96f70172d16326395525e154c7c868f98e00e5c,2677.5
0x42cb814355089ce45ca93272c2b416e0fd397a61,1275
0x9974c06764bae11d6bceb5e6a585a807c234c01a,161.5
0x76f6dffe322e1dd689a924acfcebe530ff8b5868,170
0xdb3aba66da08c1bc770b9b764048f7fd9c3dcdba,3087.5
0xdf8c962c1d938ab04a1d7ec9f00255256676e761,102
0x713066d6869db24d690917d6da8dee5d24774fed,25.5
0x87ae9047f7879a229a929ad5ee026a5aada15b3d,170
0x241545a2e94a9890917e88c3ee4c0b3fac0d27f3,13395
0x32cb0f8db60389fdd8a3c4d7e4048a6901d5a86f,1402.5
0xc4031b23829fad7ece129dae1f1aa2b75ebe02bb,425
0x33c368fe3f02f3dbbb45a9777741d4955daa33fd,170
0x7faef9b3d2b2177029f8a77b20e9d0028553df84,2550
0x78d92614c8e716c3c72ffb10297d55b3fcd50c0f,2550
0xfbeb21d0746fc92c9a3650eced0a82c540a1ad78,637.5
0xe3927162bd747946eae330e6f8db4f0121d379de,680
0x89670b528c97825a3518525435f760b11757f5eb,331.5
0x9ab1506be3eb4b3d2bb2d8da773f903042c1178d,425
0x17bf34a8ec5d087480de409986b95277b3f1ebe7,1445
0x988384c4fb3bb0f931358bee2282f9377dcd2811,850
0xac24ca3f6efebe161396a02c8aca576b38a12f54,127.5
0xd82cdde0e186e41d92ab6c81840e4c2694467c21,42.5
0x9c512e0d721a444d2c0f36a5c6757a97a497436a,42.5
0x498559b0d953d52c658d9f91c96e921b2153d29f,2550
0xb44d57a251da397bcbe33cfbbef567e9fed151fc,3400
0xd193466c05aae45f1c341447e8ee95bdbea8297e,841.5
0x1a9254bee28428642ae4cc72df953e83439aa928,425
0x19422c3c1494b7a9ca5c3f2a539b7d64131485b4,42.5
0x336f9494c70e42a48d15efe1ad56a33b91f0c9df,42.5
0xd22e7705594bcb21fe7f34e473c0fc75c5247828,1062.5
0x73ddb14abf93ec0fa0e9d55df0f14ed4a7228dbf,1140
0x42455cec1847e2f4ede10751e4a2990d50a9a1d4,42.5
0x9765dd2d1aff54d722f6775a0b30f69041b4834e,3781
0x9c636c1110ba14c55dd6727e4a67d499e247541b,850
0xa9334e54f7627332bc581d6dd6fd94ab79b39e55,1900
0xaf49f24794428bf9a889d7c4a6393b7bbed0bc7e,42.5
0x90051516fc3451d7bf1b5e7d0a4486757fc81c32,850
0xabc8e7baf7a72591ff8d5a2a25102284e8e3f5df,255
0x6a72d88f7e04ba5975e59212801409c0ee6250a9,425
0x9796161f2d453327da460d7a99c06738ec3630e1,76.5
0xf63120d1f587b5ff28a63acf2c89041bdd86221d,285
0xcfad591ff4b9f2c6e10376128eda7028c6e6535a,7362.5
0x1fe37abce524f35a7a90507176ea3c67afa366a1,476
0x98e285c641ae0626d41ce2f0f8368475a6d6bce8,722.5
0x612a806012776e6b0d797372c2fe5a358fddb0fe,5737.5
0x0df415736be40485c5016f21eeb373fb326a7847,1402.5
0xf64e334a0e2a5d2a6f82b878292c4f3ccc0ef56d,807.5
0x63876585a9f36b1d30551ae457463cdcb4c05af9,1360
0x7fc0effd013d84dceb6639691ae520b7427e5398,127.5
0x7eb5c3813a8ff1477e5decb39dc6f8fd9b1fc6cc,850
0xc6e3879bccf181d0c3dc4d925eda6afaf2b1f53a,127.5
0x540e7b74ff66550af2109dd2875e86df75b7da40,42.5
0xf448ae408ed8d6445e3078fea85fdfbc071486a2,850
0x81ab0d477f205bff06b0a683ce1e242ae65ffc58,850
0x5312808e015887baa8193548e32522269ed59481,1530
0x7a9d97acd1e43096a04d235678454e56b65cc7c2,2635
0x9a8bc9c6d9698471e284bfe2fdaed484d16bee5b,127.5
0x91d774685eba2770c22c2bebae2315ddd78587ac,2975
0x23801f6e95ca594746af77204ce090144aeb6fe2,510
0xb90e4d6c3d7ff4e0b0b222f43dfe94905731d422,348.5
0x6fba89936d3b7a0c785ad5a7616e47d24151cd75,323
0xa8c4ae6f73e96c4beea59ae72dc07377a0eb4cf5,850
0x15def34e197eec0bce546ac2941d7cd217187c5c,127.5
0x161534160aa26a05a3d7d12b80a37b036d9b48c0,190
0x7863344237f56dcac525fcc8e63c32e428a62de2,127.5
0x5b3b01e21c9cbe8c6574365a2445668b5eccb45e,1028.5
0xd53233d3244725bbd5a170aeb2c4eb8ebd1746b5,85
0x1db01626210c100f460e372b2f9bbf303dbbe5b5,310.25
0x363f5f7eb2a49430d67c4d370c3d7aea32da5f77,2975
0x5e342d16ad32c6d5111873b826184f3c970dbfa2,255
0x630c8f4791e829a488dc2dba8a9ecba5928a3789,850
0x24506719d70801d3c57806bf8934538a963c65b2,1275
0x1736a6acba76c1990afd339d70c17b9ea0bb0569,1235
0x44eae24c471278e24545927c13afb9d13385b77e,1275
0xe2757630c3ffbbf1abb476953649ecadd8248b5d,850
0x8b127aae3835058fdda3a6095b2cd3f2335e6d12,850
0xb6862da798bd1b24c7c2baea4f51d9547cd29420,238
0x11e8cf2af7f30f31a33f84be57f90144533980aa,391
0xd91a2d9ca4c27a091624c3d7efd4762c2a3d2898,1062.5
0x15c3c2b63b098a31a4a50e27ace26dbc0f9fe3f4,142.5
0x4bd2ffc16a557502953538260cc139a7938bb008,42.5
0x4066d9506E44C660A4B118599D65ec8117c58215,21280
0xfa3cf377c1d762e9908729dc8e1ab9b10901eece,5015
0x900447d6acabd0d13171cb6b80e28f5859efb145,170
0xf5851cec26703be74519e9547b395eb3a8f8a259,850
0x1089cf66319335c739682aebfea2249a398951d9,25.5
0x4fc686b34dd377ec39b98d8fffd84a1a9f998090,850
0xe37e187347465d37963db4c9b4026ec9a3e0a8f1,1102
0x463e39661f2f1cde5d094c5a8d55a00128e2c71a,850
0x66b3cd6d6d5c120f8e70c5ace167790c1f9c7bfc,42.5
0xd94f99dc966099abc3cf9d8e349dd8f68dec274c,1105
0x990050bf1c94ceb00cfdd0237181bb1a87456d76,425
0x519d45571d244b4b5ab8caffeea830aa7db6c9b4,25.5
0x03d279c1b95725562fca79a6562afc5904aef9d3,425
0x473928e250aa769debbe5a8f244be91690e2263b,2550
0xa42a317e1d9ad2a29ef0047b5dc307ee5988b0a8,3144.15
0x26489919a5e45b93399f39eb1c8bd2a1e9e086ed,1870
0x3b14316fd4da78f6b40ea245480bfec8449f2c61,855
0x92b12c72ada95f23c1d8a10f72ba51238e442676,340
0xbfa119e1554e3cb41c67d2ad0cdea0429b608155,2850
0xb796cccb55aa96293c873e06a9631c6bd7b03014,1615
0xc243e97872e15ac30f7202bc1493c3a34d1ed42e,85
0xc03815b70cd64f73fc986e70d4663ed3e5ddcd98,1853
0x60de9293faee42508abecbc6b9c7d07d082383b5,280.5
0xb3f1f3d5e94897463a7f631e9d084b67243e8288,1470.5
0x883ba3ebc63436e908d97c50dcbef51c0f8e3998,850
0x15ff1369fbccf1a041c3fe292ba1c45d1184bac4,2850
0xf1df898304cdae45f69489e6889b763e56c8d577,5312.5
0xfb35f7777ce58511842f1399bd05aa09876d4fff,425
0x62b3347172df8da90ef41cf5cbbb34e1ed5d16f9,127.5
0x3659bfeea1dde2834d3a0186ee9d8de15482ce79,42.5
0xb1426417dbba0ee7248935d75a5ca85087b7ec3e,85
0xa325ac2d571e4b490bacf13264c285ed6da61a85,365.5
0xbf7c754b9d68dcdb8dd82d16928b118dae774295,862.75
0x7035a8595b95937665760ab000b8c83a247bc6ef,2592.5
0x59c680305dc23be2194934b97cc18722bc6e4dbe,127.5
0x5fb8b40e033abe236fb588951b0350d9f3c42b83,6035
0xc0036e8a76accec6f8fec591503f531f2326bf8e,178.5
0x96024648d238eae9c600cbc071a420d722212299,1805
0x0b448c913cc7b8f1072215aba22f79233036654e,1275
0x58fd1e34ab086e1894ffb1e7c87003b14c7cea62,935
0x1c9ba78575a468df6e90fc98b263c0cdfad2d430,2703
0xb27513c0e26b70ec2cd1f7d9c284f161d3fd7cdc,170
0xa6b1173f6341384d5f3ce7a5bf76267168824d53,1275
0x7071b7ce023b8f83df96b11f7508504ed1686522,595
0xc39a66d503fe0e9955521a3acf6a7dd67cc5906a,425
0x2d375a25a80747de74ae9aae665b2d647cfa4884,170
0x091ef59d8d3bc256dc7d548c3311dedffbe7a044,170
0x728542958e67882354a0b11f3359f19745c38714,1275
0xb30c642587150cf88f2d9afd419314fa8f369fa6,850
0x77f684b6e0359210527046cc592a24d60cbd8f5a,1190
0x58e81116fcb89af7f87af7805d175ad7a79e1367,1785
0xd0618ef7caf00ccc4d430efe498e645b894c08b9,850
0xcefb6d3824ae14bbe7ecf5774222785706b46a40,680
0x1ffb462478dc0c2d416be77911a1be9ac696cf37,85
0xf33ea5b3f0ab05e39d1656d42f475b5a87ed21c6,170
0x679186d7e07023908f70947d8c96592b28e246a6,726.75
0x691fc6581461a5a3f8864187c7c87b6bfab7041e,42.5
0x12cdfe796f4331a5a30cd768fbbf99f22d8f0060,1062.5
0x4429128edee19ebad7a8970de248319c9329df4c,3570
0xdc5ca6059a11ecf6e5759485848daf94f15c05be,595
0xb9b2b97a7b4e93e3a912b5dbcb45f426fe4fa6c0,85
0x164ab5c0c28611b97173026bdfbd7eb47de3fdb7,2550
0xf196c894a94c4c2c563dea85a19c95a504f5aeb7,42.5
0x14b51dbaeb36bab0465fb45cfca569eb41802735,340
0x15f76862162f4824e7620d9b258822390e13447f,6077.5
0x2c068d142adfce1a17f862c7e0de93975b2d76c3,6650
0xa2e48872022aeca31a12248188f9c293472323ef,1900
0x6fcee7bc11f7826f88335cd3e1aa396f7c859659,1691
0xb19da4c8718238539c0224e72e12db6907879daf,1147.5
0xdb4ab96d882314a1cdff6a6b1657e38f932a9e67,42.5
0x24d450dfb2d8b84c23879aa107d8da64bd91f21d,178.5
0xf83eb2d3708c6583c432cac685052d2715a612b6,85
0x9ecb4feae7cb33e01e57bfec08afe083710a9e4e,42.5
0x7a1502631616e82801f8cea3fbd141235c385961,51
0xc1cede639c4f5a901800650a19e28c247caa1883,2125
0xfc263ac5fa8b0333b99923596283860cefb8a4a5,255
0x592c3c1e55cea51529221f5f32b287c31a8a0bcb,2550
0x8630ae96db0ddf046080d9c3607144e1986b2442,765
0xb34b751355f7706de652ee77083fb5058ccf7f5f,1567.5
0xa9aad34949febeeb997f9b0da84e8e076332979a,1555.5
0x83272588225b466cd2aba44bb55e2d0975cd0786,285
0x6ea35bb7b426a1bb4788c4d73d3c8b73adf0b9d3,25.5
0xb35b531649c5cdb52db1ed3f0eebfa3b37c76708,8627.5
0x3e420b052b65f72d0a02bb7d87ab5446d4f98f8e,153
0xf6ab67297f2a593d01e51bd72b5781a5fee96e1b,365.5
0xc5fb618477f101a1eb125b696462dcc36a10ac2e,125.8
0xa970c50976c2687cee51caa52e99c1b9ac8d0bdd,2635
0xd0ff20bcb48598eb2152d72368bd879ed2c605de,1425
0xb84b3850eabf40264c45ff1a5b5ee3bd64f9983b,25.5
0x9af8c7f686055bd6a7f99fcd382ed152909e6f42,2040
0xf5e7e762ef967f7be3f36d6db186b870e5f1e497,391
0x24b4e4dc337f6604c5c667653cfad4b401ef3986,42.5
0x3164f60c608e30ad8bc8d0179eaa3a8289145740,3040
0x682f11e8d2b01653f468914859fd33b5fa624522,2550
0x8f6cc5a88770b2121d0a1e672217f52a16c5feaa,42.5
0xc75534ded4fd4796aa215a96e8e89ec58dfcf78e,425
0xa68c69974460f5bdcdf60f23103762e81a8889a4,42.5
0xf80388fc18c8464b1c87ad087d544a33582dd8bc,47.5
0x85df2ed8296a60867c5a6604d3c41d20fe9fb905,2677.5
0x65aa70fc515578410598f3812a18e02c88ba6aa7,1900
0x85a004287520fe5436babaa326ba96e45d1bc480,1530
0x9e4631f7f476e6507be0c410031da91902beb242,977.5
0x66d354ef46de2eb4a95867e0c5650498b67b29bf,510
0x7d4ec06934c5a8b3a2f4996075bee0e3cea8fc1c,142.5
0xaaae96ec2e99336ab4c24ab21831882bb24b460d,76.5
0x5738ebd3ad251bbd5eff7e2237eb166b53937402,2550
0x15e09502fa87915c78c28fb974cfc678d4957c24,2550
0x50bafa6895c9d5d948c0511bc756b44094d97ae2,25.5
0xde7fb34d93f672a5d587dc0f8a416b13eed8547d,522.5
0xab868ac6da9172531df31afd181c9623de5831b4,1953.3
0xc8ae384596028ed07a56d9c1f60e18b638fe0f9b,850
0x37ae2b36f38df73986ddaae326eb70734374b06b,263.5
0x6198fBEDd148812DEfA01a3dbE96e78204Fb2c19,739.5
0x3a31d9d9120013a2f1f55ce45068ed9ce4795e9f,51
0xbee95b56607128259fe8b7d6503ea9ea8004cadb,212.5
0xe1be5135509c66ea6cb9823b77084ea05b769f58,425
0x1802c850a7703d8cd69f8f8cdf948b69034fa699,4930
0x141fa59f55247d82f1f75eed57df2b3ffa715550,2295
0x783ea0facd40dea928ed5bf05b1f5df47ed07e4a,85
0x737753fabdad3ef23568db48e175d73f0254d04f,2125
0xae0bc183ff3dfd2022142c2e914cd55d56eda438,5440
0x7c83dfbd76cfac3915dfabcfcc236562efdef983,127.5
0x0810ea1e9daae64d99423b51fdf1af8775d499fd,782
0xdad5a3572ac6c8bcfa2e59b210678eddcf6c9c5c,850
0x7c96d39b07824fa5726192078510b5aa542907e6,1530
0x66a1c94ee710fcdcf97fddc7b3cd62ac434b7951,2550
0x7440ec12457fb1ede7fc5e28a86e4dfb10134487,3740
0x41f58409ae9924d88ce1a5fdea9504522591dff1,10659.85
0x492c792e035dc96096f6691feeca88104d99f954,340
0x3777811a225ffa19c4beff0a6adb6e4e0daef460,212.5
0xfd4328da6e0b666dfd1642e36725742eb516cbc0,1105
0xc5bb544237feb6801e7c09cd7d7de3b7b8fc0380,2958
0x0b3181786fe6ee88f2d27ee3a9ebd51c1318abfa,2448
0x400e2b1817d020094d090feaff754fc49058b173,2964
0xa398b4742dfefb2b5febd9964462aa2310e25ed8,42.5
0xaebdb3f5c66c1a54e3262eb9e2acc38af063baa1,850
0x0cea67067768a6d908626322f0e0cf10e43a314d,1104.15
0x65c9f263367a9a920ef085f5fd849c9449fde509,425
0xa2e99ea615de2222993ff226724c1110d64f74d2,170
0xb59ecab8b14c173926c649539d3bb2a8d0431653,4420
0xa4a5b3827639fd670cbb320038f901a78090d6f7,5100
0x385a1644c68944bba8e9ae866f510137b5360451,1700
0x6da8e2a4f09d920ab5404d5ee1c55a8577abbeaa,807.5
0xe9d99deea6a4da5c7e32cab1495f58139b70f8c3,1662.5
0xda2f65ea0ed1948576694e44b54637ebeca22576,425
0x8212426ef424ccaf7113f78301e2e9c07172f63d,536.35
0xddbe93624c94179ee63b7bcf9548b3b236d35b14,340
0xac1b2469d1b46b6290dcad11b7f0d57bca55e18c,2831
0xa78f086fb5488f38a05c930f874dc0e194173bcf,255
0x774e2f5c083830e9b6c56fd10396e8b5f8bd5ebc,127.5
0x6e5b8455a7959d07b4bfaa01ad3b2751c120ef9a,425
0x37b8ef2da4964886f16c6b14fc87a5c8c9ac4038,2040
0xe18c04d35e8b37d5d72ae3461e439b0643cd64f0,1275
0x86aa07965b08a0d1c7a633c808d4461be956e1bc,2375
0xd215506a796b506e87996a8f5d815c80d5937e35,42.5
0xe7a88f580605917b9db49b90cd6a45616ed05321,212.5
0x9f8cc9eca1749ee7638ebafb9fdcdd3831dc4301,42.5
0xe685e6cf844438901496115751d18b952944189e,6341
0xaf153c0f58e671e4ad01ae6b089deceebcffb0cb,340
0x273cc9074a4d2be617a00f51d3493ee988e44014,42.5
0x35812394e0fd97a0c26298dc579811cd34b58715,195.5
0xeab615ba9e4ee5f219846d67a8e3771fbbda4a4f,2850
0x913b1d78f53243d0e2654f17c88868ca2d596ea1,7233.5
0x24354ef7ca981643076adc7a89f4e3adedff9d28,850
0x323e2e4f0340f65b602c26982eea7a38a1cba5ac,1215.5
0x36aabc3abf6f4374a44bdcb9990b620a899bbbd6,365.5
0xfac4f8bc040c0349e7b65c9175580aea85406d4a,765
0x81dd61b00484ef2d0ba10f839bb3137ef577fe8d,2897.5
0x1acabc53186e43d74ff3c83ebe71d295be3deb28,705.5
0x63e73058e65ba0fe3f925d2948988782d2617ab2,132
0x0bfd7b485dee1137579bdffda8661d8e27c14918,425
0xe7e07f085fd876d3619af686dcb3a295778bb01d,297.5
0x82b7f5df7448543469536c9edbb1b2d4fd910723,4632.5
0xeb50aa72db4857ed6e4270bab05cc97f08906aed,2550
0x8066bdddcc2daa54dbb8f2b46a8338925d4a6b97,4505
0x701be7f23006a6374fe09aadf6dbf68a7646e001,3372.5
0x81ea76b9286e39b55a3d5fbdd7dec1eca05dc94f,42.5
0xa40763d27d7d0897e9d49a7c2da2c5d8eb8052f2,42.5
0xb886ffaebe5b72055e4cbc39322d16d7fcab6960,850
0x32b757621a286104fa0b045ebf2ebd34b495a5be,994.5
0x4817e02efc9131a8d01f4745721d1e5048b9eb45,1700
0x7c9fbb39702e271fd28c14a7871030fd109f3411,2040
0x5c06181645941012fc42c3ba662f77c195eef0e5,1365
0x376296316a8cc6d5d62dbeaa39787fe9acd6e891,1105
0x7165ad45b19149eeb695cbe3bfb63c005663ae4d,2550
0xe4123f89c79dc32d1ed698c060f99b9e3d29eec1,280.5
0x12935f58f13915a90d9115b3157e549f57fe129d,25.5
0x585341e3516c4ff38fe8ed5da0087384c4a516a8,4250
0x521905d31bd460b4543a24cab151e90f3bd916b2,2550
0x7cea6612d62d82f9558355133e9a648f09234d1c,1487.5
0xa03bb69f2a9bad04e028d2d4ab62c5fcb520cb36,2040
0x86f84f893fe22910c7f22cefa4cbfcab5a00915c,399
0x9b448cf7dc9e69509cf9e7066cd97060568c68dd,1282.5
0xf30431d4e31e6e54d9338eb8f54da5eceadc4cb4,1275
0x100169f3524f13defb298e3afcd742f3f2987095,1317.5
0xb5bf005a9a0e27968fcdcea88ae65b10135b1463,1275
0x4820ce2caebd82b54a6017a8e705af4151954a73,204
0xd5cdf2afa707a13e525ecc394cd7a20216e91873,2550
0xe3407a985f9d8e9a43c8a6a6a4a99072d0ae4b7b,943.5
0xb15c3701eb3e36dfb60880806e6e1f2d9b61701a,85
0x06cb30d5501b9f0ab3b7e5a32f2db5cfcaa23ef8,255
0x462b9d5faa76cdb31979e74e8712befde37c3971,212.5
0xd6964acbee9272f0c76723b0fb4c546e0d27cf6d,25.5
0x723797e556eafcaca938f83f5b3a97358ae418b5,2550
0xe3833cef090b3cdd39c7cdd6a0ebfef39aab9ce0,1402.5
0x1eeba880f0c3e445edf0c9bcda43c4b2d11a13e5,340
0x6291352fd5773c9127cc1997e53252f1a63bb60f,850
0xc87a7aa4fd0b06b9aea2fe96bc93a0ed89639bf8,3731.5
0x9f2eafaad26804af467165058926cbf756c73580,170
0xdda2e5a23bdade6c9fe4fba3b19512db2939b41b,42.5
0xc0efb17e6ae61d43fa1a521fb7add0f503265a86,833
0xe55205ff1d17b903a87bf5ab0fd5a2acae13b2fa,42.5
0x083c12f2b7ec653197936df8d3741573beebbc07,3017.5
0xe6c41b9c199fb01ff09239c25e0e99b13648f94e,42.5
0x4fef2a576965aa81a4c4e07139b2f6afced55f05,255
0x343a5c0d966e3f8ea004efb8939c7d71a60ae795,850
0x79a046a29a60beecfddffd5a90236d3c99612d3b,42.5
0x1144fc4fcf9f528165e7c2b1de9b33c0b00d805c,2295
0x59cb74bf4d08ca18710a193812a62abfcefcfbeb,13204.05
0x9042396d6feaec95ec9dada7dfb9b2c8615f9e72,42.5
0xfdda0edc48dcad9964ad7c3e070979210913390e,170
0x39e319949d6d24f0ca2284222f70860eb4ef8eb1,42.5
0xc434e27ac8385f79156a9798f305484fd821bcca,2975
0x4fa72790ac1db594575a20970ae2e0ac7f278261,340
0x892b9951079f3ff7fe953da7ab0930427c3d62b8,212.5
0x0b46727a870a86c6ebb34a814389f5da8bfed665,4740.5
0x52cb0ddfeef3009fb15fca7ed16ff4b7e1e43167,850
0x33f3356610ffbed55b64469ae351ce8f516476f6,425
0x3a663169d2f7fdb3594e8faa1afca38047abc262,4845
0x71070f336bf45a0193137a8a501914b4fd54230c,467.5
0x3a4aa2089d9bf4c39f33bcd44f049a90f2eab182,340
0xde59756ccd6ced17dba30edc23be70b8d26fa9e6,1020
0x7f5e5f8a5e1509afa5167f5ee024052a62af37d3,42.5
0xa0d7b7253289fe5d8d8d00d97a8477a0ec046718,2550
0x47fd9eaf53fb33f2be06a164bc53d3d3121e058a,850
0xf19384df052c9b5a761eead061e81d4952154569,42.5
0x8b190a162e643760d91a02fb35dcec858c4e51dc,1216
0x6169ae7075c96a59533318c91b67009450e4a7f8,2041.55
0x13511c5d009e0e7a67ce13e3c6d1d5ea074ee3bb,127.5
0xbd4d7e2926fef21709f02256b17600de97b1d46c,2992.5
0x62a1d1c6917f7758990e9a77c23228f821c2efbf,195.5
0x51bff6f116cd1d9bffb0248a669bbd86635d92f8,127.5
0x5205ae8b803d737e1574d4a95b6e37e524fe7553,51
0x3ee7ff5cd8d3d4b27fead92e8f859debbd578e4c,42.5
0x2f8ab4f0e64f2c108fcc0739c6bd8414e03ef32e,2167.5
0x396352b276f11cb3e68b61114c5fe69437fd635a,380
0xf89c600b16c133f02226495b5f981c7bd1ed99c3,680
0x7de6ba39e1b23f97f3ab734ff0f3b64899651946,1275
0xc0f2c6fa7d49599fb5e077b75bc107414001cd23,2550
0xc4c89304cbc3b4e56947534c32b625e186cedc66,76.5
0xb2a92b4898be5ecae0d62d3792574d327ed7c873,2218.5
0x6fdb764f668330cf7eb58a2206bb19fe8f0bda15,255
0xaf2d1d9527f8d9d428160b41b8e1ea0e7cc2570d,285
0x9e8734eadfd21b16f2ef7c970ca139e565ba6b66,1275
0x9eebdf6c00082599bf1b3999584e629c88d3a0ff,127.5
0x949d4dd9288440babe3334923f5aeb60495892a1,2550
0x52c7a71f4692403dca2e3fb7feb06ec0537c13e9,425
0xbb3ed2a0eb60eee8c0dbf6d1b74e8b0a21fab056,2850
0xdfb9983a27b22585e15c802b69c5ffbdd2fe0bbc,42.5
0xd6c2f55aeeb3d5f31d90250dd9a95171399efadd,42.5
0x498fb96f2e4e43703c42a44438c5f82b55e34094,425
0x9b127c353d85d8ae493812290fcccfad0d0adccc,365.5
0xfd5fda2f0367479044f691a0e7c9ef2aa8b0a707,42.5
0x2968a9e909946c79c9d9967dc05d22548d06efef,10450
0x56db32b4cab162aabd057a852ba616b017a79790,476
0x55a16e1cda9ad73a74c31d6b3643ee20cdebdc1f,3657.5
0xe43861dd52c182e6162b10688c0589ed698c1a82,850
0xf26a2786b3d4ac6ddc6ad11f7314c5d0704af7fb,42.5
0x390c6a2157358890377066da91804a3774cb2fcd,255
0xd52e3dfadc762edc526480791434165a0d58ffc6,1275
0x8e71b6da00eeab66641cce0d00339de9db7f5bb7,850
0x55cd987a00536fae8e1f3effc2a6ce874393e6e1,978.5
0x3389135b58f51052a5da4f40e70d3ca106da336e,2147
0x62f702a11b88a6b176dcbf2f28f637d8acacd9bd,467.5
0x466d0ef50918f581d364b1b06ec04d6f1ebfeacf,425
0xaf71fbb0c52ca5687eaab139a70fed3e44b35fd0,1785
0x87f94e1fda93758a4523f53e76f04117500e4464,1657.5
0xb0433a329b2fe3d4a15b933645c01782d923fd42,2550
0x0c44096593e75ad4310d798f6c464c3c1f6b9c29,42.5
0x8307bdd87540ba4ba3265fb7779e839569b6d9ec,671.5
0xe9cc7db7b419742f35678f39f07e3b28afd70a87,1742.5
0x2d543a088d99ed4908bbbe10e0810f8fb650e75b,127.5
0x5e5156da4ad84676c45a810e8c84ee06d58f69c9,204
0x3d2a9b3e8cef6708cc874f8d74b7e0e1f9087b16,42.5
0x3744baa47228b390c79a8a06df241e48308dd680,2354.5
0x2526665dbefe9ea1357899e91744d9b30ab4c475,85
0xa3df17cdba56fdf70b6b855e26beff7914feb1fa,42.5
0x9209a4118c9ad4e6c846156934fd2f9d417cf3e0,212.5
0x0ae72609b7b6269bb1a289761120d490150b04a3,42.5
0x2c72f1361b7c02196a0ea5758c3c44c52c925f02,850
0xd1e7ff1cf68b9935c7e1af2a3936bb5e487b0ff6,425
0x2aacd59b6721c6873129976a2b45aa32b161bbdd,7077.5
0x4040ccf186c49f8f0d06edad1f9ff8cfc6de97c2,765
0x7306d50342f3c957673c06ae33e481285b7a9747,42.5
0x6b6c79d8a4e8da4b0386e26dfa7e4b95a4f3026b,850
0x0a70f98b11ca31ee7d4f7899a7e09b28c9d7fca5,1785
0x2d79b193877391ef4856c0c7cecc7dd54435c44e,1700
0x6bae45e600572c29751becc6c56bd315de2f5b78,255
0x34045c937742c8ad6222a10eb21c7cfff8bf870e,42.5
0xf1381b37bc28e0ef57ba0a262b753293dfc51ff9,5462.5
0xea46a6beb7cda737dc49204424406ce6046297a6,102
0x51e4aae33514af854591bc68d0052b670ad54698,552.5
0x6ef552de4133726e9f2a5a346e0fd81869daabaf,2235.5
0xb68fe3449c9a53f88be07404e0070089f1233774,850
0x7b11897546936824ce912cc6002129c8137f1b43,1472.5
0x522161fc2070c425c4253a5cd1f4dcc5da57f0d9,1919
0xcd42d7d3e644b50c6cd4d2bf81661c3ba4115a89,3087.5
0xd11643b846b7167c98342104c1dd93d7da188cd8,850
0xfbedd70ade069f9fb5867467538194feadeea293,850
0x8baf23cb33b18eb0d5fed8f6ab97498aa7e763b3,1105
0xe2b368371012d069198c76727bbc877f80b3d363,114
0xc05ef673dfbb15b0e02f58971b2dd9088b43fe99,95
0xf393da239d8bcd9ee132e113ef4753cbfa411c11,7980
0x9b80f360ecd1f2871d792ad0dd0d8ca7a972b222,1581
0xc0b8cea5a31f73ad4bf5b4949d42c1a69353c99c,7695
0xdf65d5d0e5b91d1c56d3ee57c9d2d6de5601f4cf,952
0x9870ac8a7ddbab734fc36528506c4a943fad1579,950
0xb7c46d1fd1a0e06fd6d6b87d01f39701e778c3b8,1062.5
0x82894eee7964cbb7f7233180c668d9886d7252ab,170
0x6b44877699536f3df10a727d1791bfe0c487a655,1802
0xd07f900e995a01f519309f69aad87a4bac1a5117,935
0xbf747c64fbe3f23e66704a0a89300ff3220822ff,994.5
0x57b1f8bb6e2b5353cb42868436920c63094e6929,9095
0x2559bd9abf583fda8f205d947f1eb30e3b5a0de2,680
0x561bbbbfc0fb061ee03507334fc178ecdb478d31,1472.5
0xfc0fffdd6bcb0980e545c3969050ff0c294cca40,127.5
0x09c6fc4b85f15b885f8320306c2f77c56a356431,5083
0x99a48763b98f15ecfc38f4288431d9abf236df45,42.5
0x26c6ad0ffd2faf3e1fb8c130e090a9767845541f,42.5
0x900e1a1916eddc2a4985b5515518dfb797a6534a,136.5
0x6f54f652c650cc6a7bed4c355b8ce728c026c23e,7267.5
0x86ff20005772e40b43eb2ab83144cf9636bc8382,2167.5
0xd91a7784002752825d441c10a974347d5ca0d605,603.5
0x3805a8aacd25c3c1be3cbd7aa5a7e14933905404,977.5
0xed43f83901539747659dbdbc09f3b34547f405fb,42.5
0x3a550bfce7ec1c5e688f5255424da6f7407dedee,25.5
0x68e9496f98652a2fcfca5a81b44a03d177567844,3561.5
0x677029e369dfb8fc1474810f20fffc43c49fabf5,382.5
0x31e056d79185d7cca5f97634ae96347d0572c991,285
0x2202bcce2ee3c8b2c34db7e9bb38eb7df3d619ed,237.5
0x76cc93e01a6d810a1c11bbc1054c37cb395f14c8,4037.5
0x438803eb5d199c283aadab6d0db8cd3968fbf6ad,119
0x9c92ada83f63f87b46fd8bdf73231f7818abb62e,42.5
0x29f20b351ac6795fcf5c4a0fdc926a5f43423a3c,42.5
0xc5d12dab347631c7b83a649733d8b2691aa6c43a,255
0x64126117c530da9f916d0bdbe5e29ab7170ec0ae,25.5
0x5c570f0ae11f3eaf350bebc1859f584c97b05edf,1530
0x2fb8fbdfda724931525f96cace0d435d8cd9c4a0,11000
0x24aaf3a6d56915931f6c1d16b9d6340b37a8d986,127.5
0x8e5db21f95cb6fed5657be01ee19f5072befc6e2,3400
0x12ff7cbfea29a644cef51a669dd400f0b53e56e5,1700
0xd6104bf5d9c9a782f6007bfad3ab8a7f9eec02e0,255
0x8b2306978c66de82320bf3c863cb7b4049c6c26a,212.5
0x7aefc950e5db9f4f741fec4d19539e19e8757661,42.5
0xaab5714975da70d168f36d19bb0d0d3253e67ab4,510
0x3685ff77f8e4deec9abe29cea15e33209863d4cd,4896.85
0x3b62017e5cec850a4235636dd704409961d9bfb2,850
0x74950490a5fd294b321b277176edc221e4a89fb1,1700
0x2428e5ae455bff97ffd3d04f9f5aeb4eb504c2eb,4417.5
0xb764113ac0c2d8e1a99bb2a69149503d9bf4f614,722.5
0x79927606f74e730fffcb5373ff2de86479582164,850
0x80148fe0f95d241fed1bcde2eb7bc1c7facce26d,850
0xdac1cf9297125413358b6e58e82ea966ec1549fb,1985.5
0x1593c5a24444b69c3442ae76dbfbd306ec1b6e83,1275
0x6e48dd6729b49ac013c9964b123e4db4e0926cbf,510
0x77f8064071c517018333870ace4fc64acf06007f,4250
0x1d0ef5158ea4914ebf909b53dceacd3dde8476c1,3952.5
0xbbd421bf414100a708b89de3f34aa343ce0542f0,2465
0xcdc30095bf507e6b3a8b3afbcfe1782e2ce84552,637.5
0x6c9f82ceea835c7e24d4b72d2d48b9ddad0deeb4,850
0x5a3545af4e6261d11aa8d356b01f6763104315f6,2592.5
0xc5afa6a17fb1650256efb8d75bcd02b8f10aa26c,42.5
0xa50482f0a7bda371b3f3e887cd5d35d6c20b82c0,170
0x55303fb68bb6fca7c5ff720795c05b5660aeac35,102
0xcd70392bfddea98578a9087a630791e0ed75e114,42.5
0xc940e09841d685809f18b0cc8b7ebf5eb1904dd4,340
0x64d250765a1ba87d9e61351173fcde9182fbceca,153
0x44153029d727a55114e64bb80c140d87385746b8,42.5
0x5a8cf6f5d944b5e55b72b33a55e9a1ae23ea268d,425
0xd27c855be090e331b8ebe50197d54ea7b615f413,595
0x302809f7d6cd34d737df352c798e24699d2048be,551
0x53f5697e52b6c3ad548cf3dca2b40885effe3f24,3145
0xbf0b5b9bfafbb9de87c194ab0b5b1688508c1b5a,255
0xbe2575f59fcb5e631a8b6229a6e180da7ecfa1c7,1900
0x7d33d403fea03505a76f1e06ec9b36e36ca390bf,1824
0xe212ed91564f151b0da47f4858d2dc1fc56b2575,2850
0x40c72eecb1dc6cb25ca613186a88131ea59731fd,1624.5
0x85859cf901ef6045c50fc745d4b651f2d6a13194,3825
0xbabcb47487e92ac2effb6d36b554af31e1658b42,42.5
0x192513387b1bc31597ebf9f858e19bcb410ead6b,8645
0x2ac1f32bbb6efac908ed723fb7d73c9bf913c1a6,1615
0xe7ae9834f1a506a9ed3b627e5ed515756a45614f,1606.5
0x56a1eb79ecc0b3b367c1030435b18baf5ca151a1,5270
0xaab0598af820cd9787c9e7d82cda7758bd05c1ee,425
0xcb67b5cd8603280b4bdcb4dfb2c95d6c25a5398b,1275
0x0b36256143261f6cc826ab9578e0c510c602987a,1085.45
0xb1f0796f6bb898d933d95e6aba82bf13b1cec228,9576
0x9260ea9d9b3b64d665152598a94e87d7ad5dd5bf,425
0x14c20e0caa6fdeb9f5bd3b154b8630260e22ff41,2210
0x0caa11412d363a502d14fafdb480eca457c15f38,153
0x91602968a5f171ef01f33520e79bf077cbcb8071,142.5
0xc46547ec383b5f348956068ff06a6d23dc52afc9,85.5
0xbb7b09299a97f285ac861be3382b800ce29949e3,3833.5
0xe114f8b15b6ede03e3d3b8ec6637be0050eab553,85
0x875f580a53ba4ce0928e9abd5adff7a5cb797e55,1482
0x7b3010a79bf565c98910448aae39d58bb0eb5ccb,212.5
0x58bcbefeca7294c6c3265736f6253119758559e8,1062.5
0x5a071eda081d7eb37b96c3bbbd3c582f47d324e4,680
0x7d6b8819851ef3cef84c1c2945880610ee68c078,125.8
0x78d3f04daf30ccc2015191e2b4cce5e9c2b0e702,2327.5
0x1d1940f8a2604b76211631993b65b4dc840a24e4,212.5
0x235459272603282667d29d85461db52825e8d19b,1190
0xbdac150625849dd9309ce5878869c9de154d43ed,95
0x80c7eb7ece144434b637c572d5aa13979f8d73be,42.5
0xc1dc6395efbed5a2747cb00b72dc71af14df142d,255
0x6a8ba907725743d298ed148e9c5f008e3fae070a,2575.5
0xd907d10c79cfee4caf60602ee75cdd23eabc0df9,4335
0x3e872e7decbfe9cda508a09c458d99a574c9236a,25.5
0x2c11464dca0149a64516dc1986d1c4a2058782e5,552.5
0x220644283403e90109840b548b784f4b6ff398eb,1900
0xce091a4d706c333bc6651b20a3cae1686890cde8,170
0xfeed90a188960a9c8f140d0ddfd8d8012e45b68f,1700
0xb67d81bd489a1974b0010d48c81e47a7d7e4db0c,2550
0x8d1fb11edfb0910604f9d45b17bf96af1532401a,2252.5
0xe4fdfbed1fd241883fb2a19f65aa0fddecab8702,153
0x593cfe59274c588d0f1e6e9768631eb274d35801,25.5
0x2872c53de37f76b8438b0db855f45f9aecc90a6d,589
0xbe4fdd895f74017204f5bf90c469056fb3bd97be,6168.35
0xf069a32b27ca2c446b92a8c28a6b2955e8b335c0,2643.5
0x2a2eac60f657cf295ca97523c49f578ca61183dd,4505
0xca457eac6c181019c445a63f2a7661384b61e1ec,850
0xa70daea5c2cbdd9b14a85a707e2c74ccca6896fd,2592.5
0xd56ecc30f1ddee45a3486bbd8c240b16a51a87fe,1275
0x9ad6a4d4655c393e592d5bb81ff0beab54ef74dd,190
0xfe7a95fdf8d93adac46da0e16f4f6b76bee8cbc1,51
0x78b033d78091775a802345b7b301dad45fc37de7,170
0xc6f59a4865b0a9aa0068afe9eda9e04ff19e18d9,1334.5
0x9d09d934cf88694650dd335879a7e33114d78013,5100
0x9e6b28e53e9a614acf0cb423706f81bbb636ea88,850
0x84386804bb2b369afdc65e608e63114bbedb6f98,2204
0x583ab41a1ec8bd6a4be4b9df9437daad9dfd30e6,1275
0x6e9da8bb41c0cb662802aeef9d0e79bdf54424fb,765
0x9b9977d825bdb0db5e1e31e897d3839a6aeaa5a6,2550
0xca68fdd7b5ab9d9c2bba2f72f6b45e451f15b8e4,3847.5
0x1c603dd7502d103e8edd6600e18512f290fd83bf,340
0x4a0d641b14fd60614ed8b9af2972d0d19da91f1a,85
0x1d3b4e8a4209f7a3245f7f3f1ed3bde48cab121d,212.5
0xdb630687349206932e066b4c9df15c6542add5ac,3782.5
0x18d447df74017a79fc518418438618c2d0923e02,3136.5
0x88b8135796bdc2d807f034e0633222da17f6b151,93.5
0xcea1d597ea3be118f5b100683c58d77a1ce41d18,1530
0x59b53cc87248defb36b600a0895372dd7908813b,598.5
0xd9ccb46e59d9c9dd44fffbb7188817e15ebde543,2261
0x9a6fb1b3819c7b0e8b2a0f40d2508dbfe347c6d7,510
0x85b7f517bb277f6a850c865d47b0a102d0a7f18e,1045.5
0xd0c6d9136ae9be83a526b4f9b6f93b4c8ef7449d,1122
0x8456d75d4a9edfbe57ffd106a031e0df888af6e7,85
0xfea6513dd71c427abdc3e54b3ab4c75c9c1c5ead,42.5
0x8c67d1e6fdda4b572b82a2aef6c37ffcaa27c168,1605.5
0xcdd1b6c8deb6ef581024cf21cf77f6ffae65e761,850
0x07562cead846ad5968ed0021cb2898d1098c6563,42.5
0x137ceb7e3e8b719a55c73cde4d4048613c81e587,1254
0x83b1556667e1a776db4eb9e9373c5ea1f3308a24,348.5
0x6e581ffd659e0d188c9c5ca42a3abf7d822c2bcb,680
0xfa4e7035b34294407e5df1603215983d65e5a773,2465
0x9dd55bb2b6869f14e6c8fd40463ff0b8f8fa5a19,722
0xcd2ba98fa75b629302b3e919a49ef744eb639d59,629
0x33823986a5c7892298bd794d4cee5f77e7676b38,3136.5
0x31af146650feedb8dce8f1968a16e5f7535bebe6,144.5
0x1d3ccbfc3e47387f39f669cdf77275a888f78f31,2550
0x5214a92a7a9f5d92a33e7f8b7ddcd8f09554ea1a,552.5
0x19bdd4def406ba1cb69da24a6a166fa9cfba126d,2592.5
0xdcfc15f46a448c115943329bd7c2c461cb377986,850
0xbe996e9cd5886add200861f4b57ae955a6a47636,342
0xeb319f877a1f5a70ab273aad63d0a9da8c36491d,1827.5
0xA0fA3f998CdF1DE021BF2D813101ba886cB8c54C,37588.4775
0x6eF22CaA22d08D09082fFAFFa3cD051296a78a17,5369.7825
0xb79fd1340b06ad4b1d3b58ed3445490460566f37,2
0x5b36e70b17cb5802e3db17cc1f176c0983dfd31d,71
0x54804cbd6db2362656f743e4c4306dd4f98e6580,55
0xf7d31f6098297a9cdc4cd3008aca721d4a386901,76
0x34aa402530aedc9b846ca903e7e379313f0d727e,32
0xcfad591ff4b9f2c6e10376128eda7028c6e6535a,118
0x4066d9506E44C660A4B118599D65ec8117c58215,23
0x2cbf3adb40c302f7689e9c1e3213227074f0441c,5
0xecd9653829ac3908a73fb43d3a51e0f9b8c27193,92
0xdac1cf9297125413358b6e58e82ea966ec1549fb,20
0x3403f3ab218a8a3a10d8ddba90d6cfeea326fe33,1
0x84ebd583467044f91a7a39ca2ac88897cb6ea537,57