0x821101F0704CEDf3a32194FDdd1a9c401495d59b,211
0xc845C6934f1bE6617eC77E4F1F19D91358879a12,170
0x6A3e3522365924dE4C948Ad64D12466579f28178,80
0x8B4c31f0F123725f89700ca5Bf4c8Fa00453514b,1675
0xF874EC46D583312886a0CFf4f0FAe920483Fd655,5
0x313F986D55b8db81B62735aB7b4a7A4d041f4DC1,125
0x5028C92A61501183BA956E6ccAC2275429f17809,5
0x87310054F3C6Cfb61cBFa2e7A09976f236981868,120
0x7366026ecFd065D53D0fdb74cA05434F8F0abbF6,142
0xC5ef1c754E26f12C81ccB3f02CaEdBA6b4d6e719,5
0x742A34cEeFAbeD24dD43e8F1226769cc4185ffF5,140
0xD32B3F6b78229eEab6b97D14D3e241e633270939,5
0xF7d31f6098297A9cdC4CD3008AcA721d4a386901,737
0xb1D1E2CA111550EE7b5261E47092ce094EDD2986,80
0xb90b3EDEAFF3cCa73b531A091aEA4653469F0B3e,5
0x507DCfcD2D273b73f6236AFed6A03aFb8675A9D3,300
0x6E16da1d6789A5A5006C6bdA99F7859a490659Ed,48
0x7c04c95514f58b29531ac09e78d86ee998106e55,5
0xE3027f0cD8957041c52B3CD1239de9c760164C63,96
0xa4360220d2f9038e416facb4bf66a9b2cb3d752a,5
0xBe8C507750bE550fFfbd6234Cf1B81477933531C,5
0x375657B886F330C8f5538908532B71839C6A2046,16
0xa9eB81933CB1afCEf24432256FeDB445F2736c01,8
0x1642Fa09c327783047d669276d327Ab2E5bF8f95,193
0xFA4937670686c09F180C71a9b93e2FfCC3A79F47,150
0x68AAb7e8AD08ebfB91bB44f66Ec38fDe9602c2cB,5
0x22872c3E3FcA96b6b4306Ac4575BA61aD43de3d8,5
0x9DeBB72CD0eA8Dd5e268B70448e87aE6377e5c8C,5
0x6b5064bbDf496cad5B7E632F6D26e22873320162,5
0x74CDAB8c825898e7a15C9d5F83B93128646946EF,5
0x5956E1053490fb01d34d4a41a58B0c9a792196Bc,5
0xB6067F7F633b1A8a0376789FFe708c800A437991,500
0x03e67cfaf0c107844a02fa4233052afad4bd9272,1339
0xc427BEdFC9278c04Fa4a4fE406C8382DD271FA89,125
0x435bAAaee9a310ec92a58CBca371A4cDEa56F6D8,9
0x2aD923De23D9cE58e53D53B180a69f117d6E9Aa3,16
0x66F195D664327dc3aA20174cd03b3eFF78e2Aa25,165
0x408C7Ca374172CE8283FA501f5d7785475A2B961,5
0xb76f6a447693347453a5f2c45f0b30b15fa343b7,8
0xc2eFD11Fa0491066AA174d25CaFa509fC6d3E5fa,160
0x820E22D6bfA09c270443a58E1A1b4DDC307Bf951,368
0x726356cF0ED11183a093d5c454deb6F9543831f7,252
0xC7e11a0398a8Ba6F944BBF3bbC1630A1C209A7d6,5
0x762300Ad5F5749cc2E835932Fc6364a41c3e0242,5
0xEA7c1aADCE0fC411562dD219f1D12ee062cB376B,226
0xEF1c6d6AE70E48030B0a0b0D97346105e94d41f7,257
0xBc99A6D7d1a0756F85E343092f6DF70344400fd9,980
0x82d68784Ea2BfCAD326Fc7053dF752a74ab41B72,640
0x4C99F7b818A8a8ef54c07c5B29FCd6E07f355f5B,174
0x9C8Cce14B054310420D042059028E2E90a381F22,24
0x6C191895dC58d5e9952A2E205d680BDB6dF6ccC1,392
0x04Dc948863fE21b097b8752b115a1318a2a1952c,300
0x29aD732eb5a07025714038Fa50F5BEe747d5C263,150
0xa309c0889Cd47C2880158894Aa16d1CaC252b4b7,64
0xDdF682497012caDB61E7A09C174926fC4855B3C0,5
0xAdD5386854E73F45543136730faa9C27Fe529D64,5
0x9354a2192b231c5a42d99d59941a75bb20ec2093,35
0x4429f8362093602ad2c3697e901a9f0eeb1cf036,771
0x8BaF1Bb6D6E52B6E81a9d780C2F36FE507DbF6a2,817
0xb6729a4406dF3Be0239E3f7dEF85370c8963403D,135
0x52120CC1db2D69d235556aD0ebaFe1dAB99A2913,5
0x4d2154565E0d44c42503c4CdC1c4dd4E60A02f68,36
0xCAA53FA3C33DA82bAD0dDD0AC56B040700CBCBBe,900
0xeFEd25cC0C720bf88FDFB9413dBE7849739f43eE,5
0xE5EC172B626b5399519058779ab1DE053A661C43,5
0x7A94B8691593A4b58dcd92ECb469c82Ca83901dd,5
0x11223CDaAca042Ec7f355A023056A6F5C6edC31C,5
0x177d57053594EbC52A722B631001bB99b84E5C31,5
0x20706bD8AF5A6b4e4aa0426ab7De38461FF6318F,53
0x09D6972BA03C874aEf39DB5CeC4A6e0A248FAc7c,5
0x6a9c8df44ae3c1b4cdf9243a32e6a8b5661e6489,300
0xedA01024dC5dDF967719124a37194A1474247feb,626
0xBA359c153ad11aa17c3122b05A4DB8B46bb3191B,180
0xDaCA4f6a6b4bBf622B3C6Ccd7d58D72C5F202ef9,5
0x4243306a10C6179dEB93E7aB909557D283631934,4
0x964c905b602f3dcff74c20525184fa87021c17a9,5
0x6f73F56499fA780CcCE4EbF03f75B547d371c279,83
0x7e053A6a2Acea1e971F3cB3E68216e59A3c111b5,5
0x4D0631866Da0f2a7bc3C392d35ca823f60A7876A,5
0xC95DD22eb99f812eaFAb969D9B4B59DDda3f1994,517
0x84Fba22176403A82C48e53fDc5fFfbDe8cbE2BF6,5
0xA3DbAD89f450056ba5EF5C85529Acf944C7B0650,155
0x39881F1CA1FdeD70Ebe69aCeaE933f05e925Ec48,40
Ox768ac7aBb653aCOE919129845DFbOd77e869c826,5
0x37cF41A0a641D47d9Cc4C45f3B1818903d3510e5,125
0x404935E6b798F82eF4e4C0c7d435A5E75C4618d6,695
0xd8d478aFd1069b2f646c94bAeB6FcbDd9D3FA750,5
0x2234e52A37704e77021bF90EA3c53e165CB985da,128
0x7F20349795BE58ae7461Df05A6bbD9Df91491A2C,150
0xC96F70172d16326395525E154c7c868F98E00E5c,640
0x961dcAff6ece747F4E5C7457CbA4A444835556b8,5
0xea5924b2a0b977604c9dd02fd4723cf92767a083,542
0x87379c15810e77502e436ab8f06794cc662d39a5,277
0xd371c5b95a9b731aba614fed4a93edcee60df3ff,542
0xea7ED75188A39f14851BA02331bB77D980625877,120
0xd576b29870a145dDe8B2B39A4531626B8d76F42F,5
0x22F20953Fa3ed04Ec7BBb9C467C24c7932Cd6916,4
0xFaE0166310B0a5322C9913Ec606123D7f6D00ebC,5
0x748565309fc3DD7F1C0Da62782A3F86d3932f26F,5
0x33c368Fe3f02f3Dbbb45A9777741d4955daa33fd,150