0x7E3B70879b490f6f0F39B237d8F9fDd248539973,125
0xbb25DdE2A8C638C2Acb137F604245BE87C3c5c5E,283
0x3dE1424cD901cEc50c5d1E1109b6d2Dd104c2C23,5
0xDFb732c3955D923d522a86cFeE937026a43F63a3,5
0xd7072d03a2706345850be978D618c41502304129,5
0xC411161a8B24EDDC670A0064fAF2d88A64d73d91,304
0x6f6B9A91a78C2e23eA086e45a53111FfA61195aD,5
0xd745573Cdaa82965cBb032EF617Cda3d2803B5af,8
0x6fb2AAE794c33b1131a6F12d8c84C4fD84327e58,144
0xAA6d995fE028FAE955133B7416fb8Ba22C8e6018,5
0x13d2A02530E987F68b9df14AaCeF417525547410,342
0x06001c77A65B861249D4d6A2BFCEa6Dc8325376C,1205
0x2B3D820CaB9970dCaDbbBB667E012B927608D17C,279
0x8331b95e050690240743b53830eb30fc3b2ba647,5
0x5C10C47B2D848e06a5DffA45B3bc10860797cDAd,568
0xCadEB66B39cEeCc12630f85a0739De723bbDB5Ab,300
0x954ca028b02f2e13f1a75333cb1967ea7eaaeaeb,330
0x88290a269F8EE26CA6182e2aD42C3D40046E4DaC,36
0x0A680e6C1F3F91bDD246D54D959664bc0f3DF549,90
0x8aDD70979B2c63fa2d2dD50d84500D394AdE7CF4,251
0xC6AB45541006D53D31E25b41c7d245c5Ad99BF71,5
0xB7892cE888BF14f3259b0d9627aBe7FFEA158c7E,5
0xAfdf0d2Db709ca94d876284654843e862A7B003c,16
0xD236027b21c63c81Ae6Ae6D9507F1c8e192CD5e8,5
0x20e178dadd7bCf14f1C0771Fb0fBa8D12632F8A7,5
0x36E729b3107762e51dDE266E11803DcA28Bef030,5
0xA009D96EFB69bC8e328d43c4d18dd9B6d7422BC8,795
0x031f5fCebF0AC464ed9d260FD85F12Aa0C11fBd3,336
0x99b600be13888f7F0D322D48895E3b078031238c,5
0x70b02D35D731bb8Db768053E1F40c3036aFDFABa,555
0x8f08e3DC88763Be738ADB79B3F32f9570Ff25d31,5
0x332Bf9A3CFe7D67DA15Cc774E69697B71D01Fa66,5
0x8ED479b0f19763B5006515c9cD405C8401D9eC05,432
0xeCd54bE30CDa9ca1F2DBd18E1ffB2331cD534e92,25
0x2d5d79E54986DcAccAa1e79C0F9A37E78E8c7Dbd,5
0xB87783f3f82c126D3daB6873aCe6878d60d15d5c,30
0x2C3D7ed55979077a046666CB846e7435eC7D49D2,5
0x82A3529f832aCB41e51F27a0E9e109E42e243AA4,1548
0xb4c91aB467C137E9D7C18e2a349b2F8555e95754,64
 0x74389Bca806Df4276C0f1927fDA45154E4556922,144
0xc64854f770c2c0a36cb9e4504db3f5e44181e3cd,300
0x491cF7629a2397Eb738A120fB13FA44BDBDc0E44,48
0x9CaDC8955D21E0c52af38d67C482acDe645d3a3A,109
0x3F3816Da3993D0264E5bCeaecDDF786ec160d856,300
0x590Cb961aff1c2FA489467e81AF2Bb08b802A402,700
0xfFbE71FBA4649E93Ce88d2DD6BC15FA253Ea7b33,208
0xa946097618f7825376e55374c37912c70a059faa,5
0x32E1ac4aA6ABf9545862e01F87370c9431762F87,5
0xFA65e65a6321c37486972d71B3f50400bd43F974,5
0xC0331edFE6f139d3FB36eC25a62c64c5394C77E7,305
0xF57d5A187a8bEfB35d6Fd5477523525e9118e2a8,5
0xc0ac4e63b86c0bd484e652ea7fd6d6a4953e2fc0,16
0x5edeC45f90DfD686665B4126E1425758eDf6ea9F,5
0x08B38F7103d12c58dC2Ab0a51C87525B02e4E465,305
0x720451E8611aaCe37d798De72D79D11A5C49009e,160
0x0286Ad0157e12Af7C63680B6F048063133c0628c,80
0x934f85Ed1B05AC32F9B87Bb3d96102a26A47a6ac,5
0x0dcB36165B1BEE2a5b922788917745E8512FE3Ef,5
0x28B460E553cE81eA5ea5407eCe30bBA3903Af23d,636
0x27E12c5F1D315A75337190e23fC85d1590156d30,1036
0x72c2644b668dD68D5e17C1b909EdE7D6983ccB0d,5
0xf7a13589d121aee4a8404a03923d0ba37599928f,112
0xfe423Df83bF7C1B64352a3F586c21895b52C43d2,80
0x2F92c213566c9F308eCEc52cFC8224312106aaB3,500
0x966eDB5CBE2027DABb9E9C19b4c4811df2EA19b0,764
0x5343D6fCF198Ad5aa59E9A471b3415C9b6cf4e94,8
0x93Cf58d7C486898da4538Cb9058772d92D43b1AA,104
0x2D812F34B6a421e9aC8fB75b5132FbA9db65351c,8
0xbADdc83e3c4d7CCFc1d7559696054aFeAa13D7C4,500
0x048054f6e13BB29c6453a12337999faAf8ebD72F,64
0xf1Aee635fb241e9668bE8d32Dd1AffA39Fc4a744,300
0x7Bb048d2ba3432B4e0B79c08175b1007bA299e58,245
0xdd6F6b8fCF31ad777d4546e8940daA22C14A64F1,261
0x48cB83cA304A049f6192873E7782Fe418a167f3f,64
0x0d0B7d8396AcA528D51A9aD85a5aE0E2903f1c94,368
0x05eCF1a4D4D09613423E148237a869E68111943a,5
0x615d5bA85AA09c408501E1519bf18a0e72092C86,5
0xa18335dA847433F67547613bD9B8C23741E2aF8b,102
0x8eeFAe59353a1787a62e8db7C9679D974eBDDF14,5
0x1Bc9B2BD6073b65ed19a49EEf8f4ec50bD584B87,5
0x2b12D1D310c6dF937C8C56B7A1A34ebEa63529AC,49
0xe2A7232370404A87DE41B24E8C68A9D001276094,5
0x9c68Ee251F176F885c8458b551a490e40DDD6Ee8,1000
0x329f4435E0F22899b733756c71AA12C1004146B1,369
0x9cDB491354086AB189Dbb17360C33970B7298d3f,120
0x2211DEaE839844F79d68B384B01FE03E40C5e655,144
0x066fb187404FEeE6EE7f6cde21697cea1A89ec23,81
0xffd6334C0a068A752cB62798FECaD141ed56E3Fa,69
0x59d67122B0120d03a4F9Ca5b54cDA647584DB750,160
0x4124942B468473552C44011655Bb4fA8Ab5E9840,5
0x2434a3896cE832932672e9C0f7c35f0F34e04206,259
0xA8271877cC5f576d6fb81e4Ce6b2013fc403D58C,500
0x814E01213Eea3e30322995746c89e1bfaa3A38Ac,576
0xDd22D108a7D270dA13aa1565Faef5104128Fe78e,5
0xF360ABbDEA1283d342AD9CB3770e10597217d4b2,5
0x7247345A0113da9B22bee90322875C1b3D9b9472,500
0xbcCEfA6245Fa4578a4f706b5681206314D2ab7Ad,133
0x73e775335bdDaac0B95211441Fefb7fCCe13dB08,35
0xA6b8aD1967C9508bB14e08A910275fc0355dd2Da,5
0xc0E31e9712024Fa2205E414B94d2846a27116F40,5
0x363c3116D796ED45871f2855111cAfA44788ba0B,117
0xAA4e9Ca01011Ea77a70560633dc8A10B147367Ca,5
0xdC67de8277d966bB26d8f5465006Ba7cbF7B52a1,1254
0xc303b2AE6360AF9cDce75F87D57eE8F7BA42D717,5
0xC941b4bd79886898f93d679FACf56d5Fe2a43A61,695
0xEAcf4B8C4ea2B829CCb95C413B35cb66b565b5F5,112
0xa30FF788ebAc2878DC36eC379e55DEB02c44049a,1025
0xEF86B07B93CccC6Aa5D230d4F4F47e764e65ECD0,4
0x0b98A5dc716C9A41a0E8CD9B1e5bbeC607018493,45
0xF5a09839349978465860cE8D3aCa53427f7107F5,32
0x75FB57291D1C90398ED85d37De829F06aAcc7587,5
0x437d5b54833Fae1F6b48b185534f941C4750d7b4,5
0x805CD8308385B3594FdedE0eD774d04072D049B2,5
0xC69e3CD404c4Eee62A9BA237a6cE76a49980BF9a,500
0x4Bcf75211f31be86AA1a8C5Daf41c009fEae9303,5
0x7a751f597b0dcbe6025e05f25148fd00391ca7a5,30
0x6fEc8a793CC0AF1Aefe72f2B5827d86706475878,21
0xC2933176a9be2116721A2681e042111Ad22F8266,176
0x82CA3AB63205b404D6A4116e9C2875814E6B0D9f,13
0xb7c2FC9d44db04Ff888037037aaDfD10D7564d95,5
0x7F5730D68ef0a5fa99150610deFF08A29d9B5339,480
0x9AC2f04FcdBfc8033cfAE0abFeDa793995959A07,133
0x04E5f00835eAcEcba7A183D98c84626dEf54091B,48
0xBaF6f2FE0A5450Df724c47e340bB38e9507A9D4e,5
0xcF3Ea771C96E5777483749Bc4aBba3B939C2677f,13
0x250027FeFEcBAA1d0a77D9a8ec934cbED9012690,275
0xbb6Abd89e6c3193C4f85b10b90027106cDB4028b,435
0xDC922b6B33Ce36B02C44f3B09cf7EA6b613Ac939,496
0x313FDA29134Cfbba6682dFEbA13778a871aA588a,737
0x7b370171964BEB5a97Dd8a24Bf35e46287DaaEf2,5
0xf757a0F9Ec7692645d61e1e52787F716FD7cDF5b,950
0xA2b4Be559db08800B988932B88b27D026bb8AA30,255
0xe204F2Fc6f5aA2BB968f1ecE326F59be4b514B0F,21
0x5c216d7f402B3F41eAB91Df35732C8994348536f,5
0x698c5668434ac2c24fe9ab5470fb904cc308d5d6,5
0x7261338f74e42ca6A1254012f2154fb442D9e5c2,45
0x8caac1cD3DE19fD5b1acaa79E5b157DF30F7fC0D,50
0x8A674a2eD0fAda914e3593BcaFCaC5f4074C72EC,12
0x4390626B4667b440eA632F814Ae3B8bCA20E1705,5
0x5b7577cE90D39935204Ec030909c2C0f8e19b866,5
0xc8ffA34F801752fb0d21bF459021FCD111b2DeeF,5
0x1fE71469db264c5d49574D7D90d1E900a0d9F12e,5
0xaBD7d203E1E13388111E7AA55B7D8e2246e7ABf1,16
0x4b3Be748c7e6Eb66E62edC3905522ec63FCf9c67,65
0xD405Eb83F6D43Ec867bbE7fFe41982377BadE653,13
0xcca0C9077072eC919bE9b1BD37e06437fA8CeB2B,1527
0x8C5c066b84343c66338a5301A6A845B90E9c1DBB,561
0x47fe1d33cc44133b48709ce5b5dfe87c381a4cd4,155
0x25977DA0749df96370178BbEC55B1fA57aCd491C,5
0x34Ebd98AeF1881e39CF1d912a1c83C3df910E436,8
0x875F3Ad9365E0b7Eb7C88d89c9CEdC2418E71651,120
0xe038076a4202D0FAd0A103BeB372d1bc974dB55F,300
0xB9BEA0554B3CA76660712D6B525CBFbc101fEC1d,5
0x4E2C3EF488a49d973c15e5bC4BbacEa896FCD747,644
0xaf1F5454e01DFBEb2361618Cb3e845f492082C16,120
0xA3195Dd2a0043a613EFF3c8022C1eE4F80fdAA02,117
0x350a91a809d6ed5a32f006a925a1e4d4d17665a1,110
0x8c9FB695C3336ED9507d738D7B229C34c29a84ff,5
0x2C107f315004D85f9970b384E2bE09A227EebA44,5
0x994Cf20f5084427d078dBE368eE9C5B6b9eC0755,48
0x1461b1E13ac15B849B8fa54DcFa93B3961992642,5
0xFB40932271Fc9Db9DbF048E80697E2Da4AA57250,5
0xD65Cfb2Fa263f10417685C115CD14f8cF0cA1Af1,500
0x774E743554C6A486c47518a0e16078868615ccC8,108
0x3b348b1DbACB8a5BADCb51B8eA36830ECe8DfdC6,50
0x6799c066E1933347f9CfAaA5877b843797C30AcB,89
0x6647dcccc1cde997429c07c8d617347153b4b1a9,5
0x701844ae6e8bce61254a434caac62097ef08505c,120
0xc357f782800e0f2627cC124a81CA86c789DAa48e,16
0x360cC9BcD569348AcC54b2bD84B8EC2dCBC1a0a7,145
0x85488513dcC04565b30E711BBb876f9ef9152E82,5
0x80d1c0B8eA4999A750239123B5B198CecADf1fA7,5
0x0DBddae8bA17F005Eed7bDe70CaeCa5f7194895d,720
0x1cEebEE01e52778B0FBf8C2DeDAc7F940Dc510e7,75
0x033c2D1cBA7f50450b4D6D44feb0F1B753b7FF43,300
0x1a9F17b52E36136d39a8Ef04876090211Ae66D89,5
0xc1ee59265efa7d13f8592cddae514a5be4cdf4a8,108
0x66a8872EF451120c4A693f5a8E9Ac520aBcc4551,5
0x1e58f9F9296B934d1012cD6cb81c08BAe83457d0,112
0xa9c679cb358143766F75c87d68477158E2c14F5d,85
0xE500dDa06570Bd9cD6feE326A5eE820561D041B2,245
0x3eb4B506A839B33a4e5d8719A4150E478083d550,35
0x4f88b13D63040486b572B30D91C2E4BDA77C059a,40
0x005c1ED2E9512a07bC83E0122c86D599f2384b8d,85
0xDB2e2ED32DD80E81b0C3Be0B5b57bC3325322308,96
0x0e719C5de6e2Ef36f41718840B9aA94490907bD7,5
0xDF7d8e7f0556820593aBA352fA860Fe8711f0c9f,48
0x902a559e7512a541b5137f447DD7a43857c40695,5
0x2D60a5714fcA4aee015478b5d3774843b415377c,5
0x61baF136E34D80B48EEC37e17066846cB485C3f4,5
0x13baC47f0f4fbfBC418E9BD33Cc02eE47E50BCAC,421
0xF42B7ec907677a79468e3b8F910Cc8aC9Ba044F3,136
0x278B4f3AaFc3d731613Db41c9dE0e43D57Ea0143,21
0x5A398D52f412d97aC5852fA327cCD425737D3633,344
0x6824761cfc26EdE8C56f56521D61B8b566b3DE5b,5
0xacdE94FEdca89a611eEd822153A3A4360F45097e,120
0x3c7Bb8F3A697C09059EC64140Eb1E341a015F0A2,5
0xDF755c11D3E2D7e429717Df69cE15c241d65396D,320
0xAD8EAE37db38b716be099fD74556E9C61C9699c9,21
0xb86C8C0122c195f1f05921D04808Fa704e8e178E,320
0x1A5d8EAaEF4515C50e9C98243F9578086B2Fd8Cd,133
0x5bF54a3E37eB1974B64e7257241D6a53faaD2354,5
0x8b5cD2232ce2324cA6e729fe4d2f63446A6E9951,36
0xA58b3210B6F9626DFEDB9eA232E8EFc965873559,5
0x699cd19b47C1dd51Da37C5c001136D65af008e91,5
0xd4fb0fa027Df4CcB59f358C2df43f47F3ac09075,183
0xc61A5372666267eeF5a2d59789C9b1eb1a0565A6,5
0x09C2dAf764D124E4154c61d350CC9a5E841584db,205
0xd58cC002F17dcD3926D73eD7575284Ee1C6D5D01,158
0xADe1683F0466C4d748a22CBCd4b5443a504400Cf,796
0x4Fda2569Ea0EF094B3a43EF553A8e1c3C1a15252 ,5
0xf2442c744637C21c7055b1a51CA67c4eE51Af9e4,144
0x73fbD4e112Aabce7d43d86ed4A0284E3BE079e67,52
0x1185e92D82Ba54495baFE5516ddF19d88B6b11E1,300
0x53651887259a01dD92381C9A2963696392BA0DDf,5
0xe9a6b65962eB32e021ce63212f174bFf1c925A1e,32
0xf9F7357c3d62e14dA35c0F3A98F95b44eA54ECe0,112
0x113D4e608475b910b4E87FEef51741fbd75176b0,267
0x4c881a41be79badB12C77c632C914063a1Ad969a,5
0x37ef79efaeb515efc1fecca00d998ded73092141,365
0xDa09b8A13E20849CD0A74040D90f0eC4B1801A80,8
0xa5E77f0f89D6F5b3B8D6B65F5b0e9401c6bacE21,5
0xa4ec20C0751D78777274606d0d71304D1c191f96,950
0x10f04eA206ec0a82A268d4489365BBD02f6ab41C,300
0xA610D1D012deDf904c12DF9a6d4C08637bCe05aE,5
0xa8a71D5fb2d5Fbc8f31799c5Cdd8AE67722885a5,13
0x7E8752e4B4B0D66543FC572d9cAAD5fBF3fb250F,450
0x69B2b005a42eB5815d7Ee625aF55294A584dCED9,5
0xef4491E9047c039eBA2C82D1389e14a184352B78,80
0x061125184d535691B87a9560dB30902b12989370,5
0x2C0365A0BA1a289217fbBa7AD04D8f5C169246b9,8
0xFE3800776f7289C5055A71A0ebD42c2731c162A6,300
0x20F666e259a51C38c5Deb44AABb628F4fEd2e2dC,5
0xb3397A6FeEdff2b9fCe9Ca1086CB1Bdd617c16Bf,5
0x1724c35003D1edEbd6633be3AD61e9984096e70d,85
0x2dF54acb106A358D38D38428B85Bb00c676e2B92,112
0x76dd2f01e1629Fb3624f1C32954dAae0FCdD46A1,242
0x1E194186D3A67F3cdD02f3d3D9BDD801604ABc54,736
0x67D03E55F3057dc0917CAA986BEffEce0B79E9AF,1437
0xBD250C4A15692118e017709b80Ddf5ed037899f6,453
0xd818447C9EC0B5b0CC7CEA7598a79115796776BD,5
0x9cbbC3a2D333ed26d5eDACDf737434A412375e85,300
0xD68561fAb1e913E128eDCfddAC8B45337E0821a8,5
0xdf4703369ecE603a01e049e34e438ff74Cd96D66,5
0xfFB07a20e5E38BF1492651780484620aa868E895,2042
0x76E059C6FF6bf9FFFD5f33AFdf4AB2FD511C9DF4,125
0x2d22e095B05C5c87947f1D8fE258238FC43Bc14c,16
0x95504a6d35a87b23957248173C974B6517127A91,300
0xcECCdE1c3E7517bc66fC9518B0E5E939520ddCD1,1540
0xf8746869BE8be0B045D45030eBc7Bab8c76D0531,135
0xF71754DAAaf2d74291362a101Cc0ff5B53bFaeDC,364
0x3716d795f3f895bbc303ff928e9acd8d3d076a25,5
0xB6C9C406112C1BB7977193DaC83d5B6Fd9d0cA60,120
0xeD9886045Ea7604993b47E4d5F9Ec4EF8ea1Fe79,5
0x7fe7fe8663794cA6Cc3b6BB4680bCE03c026Aa3a,2763
0x40c9CAF4Bbb3FfDaC6492da01c94758eDeb8Bf3C,104
0x94074c9Ba05EB1502FeA549f4840533b8a529D34,300
0x08F6bd7D188C2fE35D90319187407eea0568d334,30
0x3ddB74FD85cFD1d34bdAE9421113C32ACA68cE61,5
0x247366D165cFc042358657290B20585934009b60,529
0x358ED8DbEaC0f5f1f2a028B5e75C0571Ca378D5d,216
0x50db6F29C6A70aA6479E7ADFC4248d5DA900773e,135
0xeC52918c90b67871457Ed2a2389FCCb59BdAC69B,5
0x21e70fee23868b5c84e3cfa093990ccc1eb5d02f,50
0x172E6DC6dB95d221952791f2Cf7bF3c486CBDd8E,60
0x460AfEA78A398F78476593D0bE4E95faD3795FbE,385
0xbDF0C6d0721428Da6ca74a1727C54122497Caf65,224
0x8E4BE781dA50B8586BBd5E2097347028df83c0eB,61
0x359a4F35926278ab79b1b83D18B84935424301fe,300
0x257c919c3C0F5604e50c185F3EC7418E88C5741D,293
0xC596760503B4B215c82D16DD7929f976a728c271,900
0x64eDF4228e9Aae1d3E9BFa9ea3a92a59c8f487Bb,300
0x68a4Cd0F8e9134951109355DD5481Cb9C1012Aa9,5
0x295aca7dda69533ca78410da4fcc5ee2bafd1545,300
0xD23B32C57fdc661a8f2f4C73f5C6F8DcBaD6CBeE,60
0xC04Df29424eE49395E962858eB0babd29b2C14e9,5
0x0aa14A1ccB81E45610091370AB182a842f81Fb28,250
0xd84cD30cCEeA61e6D14D97BdAf22E0a8C55fcF1A,160
0x5abD184CCBDe01d8136AfA4e2aCECF72b3201051,5
0x0727d95d786Ef8C7F03E5F879De5073F4D30D36C,300
0xA515B38061607dE02Da4B6cCD6e36F6520B82F8b,5
0x15cEc2C249f4984Bc31055Ca8407FCE9AD3dA6aD,5
0x9002466DA0A690ac4118262FD9f7bf096177c03c,5
0x81f5d147663DfCEC32B5449749bBE42429BDB8FB,837
0x502917F440700Bc0656b5F07f80595B5B96db10F,300
0x61e78141C2A54cD8C7ACb5E6Bee385464390A085,35
0x3d124B1b7c7835009D3e9AF8Dd80641BAc05c6ba,384
0x099Db3a3f7911e1Af83ABA1572Ec50A1394Ce40c,150
0x1fd9e491A921a99646cE4b71f3dC98dC5a4ea5E1,5
0x656Aa8109CC0135D2d6F46cadD499BA9C6610DE8,5
0xD7fcC0189fC541948e0F9E736be73599dE9589D4,5
0x2D8C465842D8d218ad6A795EC16FD9cE7c3ca486,5
0x5B36E70B17Cb5802e3Db17Cc1f176c0983dfD31D,628
0xe4aeA151a40Cc8251118e74E1efdcB474ec4BadA,5
0xCB8c97649640D7a45aE45767A64D1dcCa6dC0948,32
0xc72a745bAf55E559f18c5EDd8C8Eb6a9a7b19080,5
0x8Ddd33574Def9A358eC174d1FBCfb9b19c515876,28
0x06Dc0CBF44EED256C5975210095be703504a4541,2142
0x79bd7d5599b4c8483606c11c66599d2F04253D39,81
0x2fFb1b6c38a74990EA2e2Fb084446EFB33fbEF63,5
0x6eDD48A255AEec62Fa83c3D0922cC90AB9C46d7d,5
0x25F2eDef138dB6e687880cb8373E2715a738A396,165
0x261Ba726668e15B002271ed672548EF1b9dD96ee,125
0x37dbEaf8a6732Af9a690bAD1984113B0D5e08A92,5
0xC38e638025e22A046c7FCe29e56F628906f9d040,5
0xb2c1FF61E775a048774a365cb6a43a514bc3CcB1,8
0x959F0727668254868422425Cf589980139e425B3,5
0x8Acd65aFAcd8F326F65479515F7e015dFa04d904,300
0x8B9B0d1Bc97c7b9101Af27150FA43268C109DAb1,263
0x972978353E8054e4CfF24dd7348ea2B2ec768d55,5
0x406D33659877026a6fCb49e9bad8EEE3D13Eb620,140
0x16863767FcE775538Ab671501d88040cdF028781,470
0xabA04d4FBdAf367A1aD7F29eFe250299E5760e68,336
0x3D1BD90c96529D7198fb44Dcb6772892d12F7f63,5
 0xca1171b026b91b3113AE25B09fDd9B9AbB45854C,484
0xbF81C43910e09C9A5339B2C15C59A7844DE36eAa,8
0x67d49480327a2CE274c4a330ffB40175F3257FF6,45
0x1372e067823DD985eBb63571C34dA0EEB80105c7,48
0x26a74e056EB4E3607792DCd87070E468878d14E9,5
0xfaAb9425366Cf3137C19967a7446860D2B5034b4,5
0x969182504dd6506eF431983a19B34897CD5f136b,185
0x93B6BC39960eaB5f2e35bf5dF4F4913A0F78ce05,5
0x8187F741A6804A4a57a2243411352F333994440A,9
0x63609515ebdF51128E6E76d50EFA8530dA0408cf,5
0xF520455d5563604dC6C08ef6877A139027F07d01,8
0x879Ce555d21E913bc72a2968A6900f7dE70a300a,5
0xa5442966dA959820058b0c1952B0B5746B65d318,5
0x3F9f1f8Ba0290cD7AE3d86cE745a94A4B73bF1a2,5
0x771b9369627034A39d5bD9dad99989660063BFc9,5
0x3a2ADCA35b8B6C60d4D5503971Ca16aba5e4c416,591
0x923128bD45fFaBC7f1606C48DBB2D7248d1224B1,32
0x7E05625734534ea1005c5f7a49Be597d56a7fbfc,120
0xba11D713bF99be96bfB95c07514d6a567E9Bd842,5
0xE1B8F05cb08F23F8143eFf88A980249fE1D8Ed86,986
0xa1D085ec8E4eEa7615644A4e46CFE1095C2bf5C8,961
0xB2770dB3BAf1097f6a273c48a5a2fF5701fE17be,176
0x99B221EFb68EE3351a546870997f0e0178e43bc3,5
0x6aa6A776BFFB55Adf6E05f205dE8923b639dA173,495
0x981Ab78c5415A5DaEEB8b0A76b91c45aB6FE4E1D,5
0xb989D5b95A4434b77388Ea944427ec82adeF319A,5
0xce9a4aafea9957c96921c2cd946c2ac48b25768a,5
0x5696f797c5D61aEf743cf4C876Fac361E2B69601,16
0x5f369AaED88d779d965dE3f1Ad4712AB7147F0A2,88
0xf5F27A5A4b47b9B1d165f1F2b0edFb8896f59391,796
0xA29245f2b6DF1De1330DEE55a0fE17704c07e17d,35
0x70F33fa98A9d5fcd98159c9b36aF3Cc07E1d5Ac3,5
0xE947c80DF2cAE04FE8a84E92c24715d73fc3fF29,5
0xFeb1d3De1b71FCeA55a5cc3b3e82237A881e6033,202
0x7eb469a51f2cAEEEd92029aEFa9Ac0549Fc92611,5
0xDce689d43B730540da3791D60f8c5823252c8257,9
0xbf04eEe190AE3a3C5629CDb13971aE7aBE560e4d,5
0x6880215cF42E148783a6eAF93Fdf24D617D6b16C,5
0xfdd831e295a94d63BDF7dd912833bfAe229dbe6d,320
0xfE7c9bD6f195315d7db913366F3D25bE971533D9,5
0xe6494Bac41e5Ee1665874331FD2c82215C5b3A45,150
0x891185a2e42D3e8fF8992Eb3420Ee7716c68F6c5,230
0x241f7c47BF54b1D4eFC2457B304B2eAD396AbD48,300
0x6fd9E208e2ac3b5FAeD16f7Cd4086B4abd02aFC2,360
0x1A3f85Dfd359Eb61305696dC2eE444F7167203eA,420
0xEc53479f19971315A36061f06bE616d72f20B8e5,5
0xF428AB54aA479f82bdB938fbCF43e019099b0912,368
0x9d7A25bcFCd7fd24fE8E69C2f6f103AB7a3E53d4,280
0x59E73c1E04EF1a5BFf96968cf98c02768F2a5f6C,5
0x7656CB6F30c05e9c136c1C0f1FE316125A653ed5,5
0xF3E6f86Beb14875Ee52838D55A6a9c685f546cA4,85
0x9C8e57B23654B1903ac7253c9deFc219dB31f64F,5
0x66c2984A37Dce51631d2ee36c093a40561e732e0,500
0x5492976ef8Ad2f5f7Cb27D9051E5d0408efFab96,5
0x94576D7aA1fF9dF1D55e7F0E49e05a3C6b34411A,5
0xA85d365CB5C1DD187f3b52aC2ee60a8B77b510dA,961
0xEdcaA27960BD503Ef68651C32922A567E87A3607,290
0x709b52863b976352170ee4489d33c08D25f6f0B1,5
0x94554A6BF342A9CB1d8825eD92Ec246a203C4B9a,112
0xee12e6e0342f569d5da85d9efc6f8fab4f369257,5
0xB1e302B3a3b0DE2173c1A1c2De19d2868B7C446D,600
0xCF10fCF0ABB36dfcC0956db3787805f9a24CB0b3,36
0x10f8cEAD0b9d2fe1E84a0f4d31a6118C8BeC7836,125
0xdf7deABfB7bdbC5b71e42E3eBbdd7CF2B07C273D,133
0x1Ff67Ced24baecF9025F98206747736e2f69Fd20,45
0x89816aC5C37BfE51E9CFC4dF1e9Ed8106dDdE3E9,700
0xe36587A9a611a4d5726eD35038cbfcAD37F0Eef1,625
0x1A3AbFfF8F326e6d5DC6BEde52cf237Fd254089A,5
0x76aefA3fb1B4776dF2da053563bBd241E06A7305,221
0xdb99ac9f7ebf0c96498e94a782dfbe089011ce24,5
0x6358e98780A9535fD123dF40Db6606BD2545AA5b,5
0x25350120C181D24F995F007De7d2D15D87262D62,125
0xfC346690666B1F3e0b8FA729f94cCe64969eD074,5
0x106c1FdC16b7A1a1FB55557F7B95d971184Bcc17,128
0x49f98BB58b412E564c1B560D223Eab8627F08558,5
0x2d0dEE7591f87a1d65873732b1F51828284B8c99,15
0x6671219099eA6CCC75Eb3f4f4200D46A97b09a19,1669
0xee0b6b7047fd4aaf23e66cffd5261f3a7fb4ab29,165
0x77313d02f74BC4ee5FB5D1127d56CbFd071b2485,395
0xF7c2C7E5E14b381E810d87F87638432C3f1393Ec,919
0xdd9D10a9f23f02aC54b166B66FCB8d374CbE22Ba,5
0xab321283076a371d66859bf37e312fd7428a8b61,5
0x2b0D59607e3c48c815e26Be70a6a756d0f871945,120
 0x6460110594fB5B11e6d3e2f061efA1Ba14a89890,5
0xe8D63d152C4d6593C279dA430DB8ce13358765A6,5
0x6Ab9679316430260cc717b551246DBda59C6c02D,305
0x821101F0704CEDf3a32194FDdd1a9c401495d59b,211
0xc845C6934f1bE6617eC77E4F1F19D91358879a12,170
0x6A3e3522365924dE4C948Ad64D12466579f28178,80
0x8B4c31f0F123725f89700ca5Bf4c8Fa00453514b,1675
0xF874EC46D583312886a0CFf4f0FAe920483Fd655,5
0x313F986D55b8db81B62735aB7b4a7A4d041f4DC1,125
0x5028C92A61501183BA956E6ccAC2275429f17809,5
0x87310054F3C6Cfb61cBFa2e7A09976f236981868,120
0x7366026ecFd065D53D0fdb74cA05434F8F0abbF6,142
0xC5ef1c754E26f12C81ccB3f02CaEdBA6b4d6e719,5
0x742A34cEeFAbeD24dD43e8F1226769cc4185ffF5,140
0xD32B3F6b78229eEab6b97D14D3e241e633270939,5
0xF7d31f6098297A9cdC4CD3008AcA721d4a386901,737
0xb1D1E2CA111550EE7b5261E47092ce094EDD2986,80
0xb90b3EDEAFF3cCa73b531A091aEA4653469F0B3e,5
0x507DCfcD2D273b73f6236AFed6A03aFb8675A9D3,300
0x6E16da1d6789A5A5006C6bdA99F7859a490659Ed,48
0x7c04c95514f58b29531ac09e78d86ee998106e55,5
0xE3027f0cD8957041c52B3CD1239de9c760164C63,96
0xa4360220d2f9038e416facb4bf66a9b2cb3d752a,5
0xBe8C507750bE550fFfbd6234Cf1B81477933531C,5
0x375657B886F330C8f5538908532B71839C6A2046,16
0xa9eB81933CB1afCEf24432256FeDB445F2736c01,8
0x1642Fa09c327783047d669276d327Ab2E5bF8f95,193
0xFA4937670686c09F180C71a9b93e2FfCC3A79F47,150
0x68AAb7e8AD08ebfB91bB44f66Ec38fDe9602c2cB,5
0x22872c3E3FcA96b6b4306Ac4575BA61aD43de3d8,5
0x9DeBB72CD0eA8Dd5e268B70448e87aE6377e5c8C,5
0x6b5064bbDf496cad5B7E632F6D26e22873320162,5
0x74CDAB8c825898e7a15C9d5F83B93128646946EF,5
0x5956E1053490fb01d34d4a41a58B0c9a792196Bc,5
0xB6067F7F633b1A8a0376789FFe708c800A437991,500
0x03e67cfaf0c107844a02fa4233052afad4bd9272,1339
0xc427BEdFC9278c04Fa4a4fE406C8382DD271FA89,125
0x435bAAaee9a310ec92a58CBca371A4cDEa56F6D8,9
0x2aD923De23D9cE58e53D53B180a69f117d6E9Aa3,16
0x66F195D664327dc3aA20174cd03b3eFF78e2Aa25,165
0x408C7Ca374172CE8283FA501f5d7785475A2B961,5
0xb76f6a447693347453a5f2c45f0b30b15fa343b7,8
0xc2eFD11Fa0491066AA174d25CaFa509fC6d3E5fa,160
0x820E22D6bfA09c270443a58E1A1b4DDC307Bf951,368
0x726356cF0ED11183a093d5c454deb6F9543831f7,252
0xC7e11a0398a8Ba6F944BBF3bbC1630A1C209A7d6,5
0x762300Ad5F5749cc2E835932Fc6364a41c3e0242,5
0xEA7c1aADCE0fC411562dD219f1D12ee062cB376B,226
0xEF1c6d6AE70E48030B0a0b0D97346105e94d41f7,257
0xBc99A6D7d1a0756F85E343092f6DF70344400fd9,980
0x82d68784Ea2BfCAD326Fc7053dF752a74ab41B72,640
0x4C99F7b818A8a8ef54c07c5B29FCd6E07f355f5B,174
0x9C8Cce14B054310420D042059028E2E90a381F22,24
0x6C191895dC58d5e9952A2E205d680BDB6dF6ccC1,392
0x04Dc948863fE21b097b8752b115a1318a2a1952c,300
0x29aD732eb5a07025714038Fa50F5BEe747d5C263,150
0xa309c0889Cd47C2880158894Aa16d1CaC252b4b7,64
0xDdF682497012caDB61E7A09C174926fC4855B3C0,5
0xAdD5386854E73F45543136730faa9C27Fe529D64,5
0x9354a2192b231c5a42d99d59941a75bb20ec2093,35
0x4429f8362093602ad2c3697e901a9f0eeb1cf036,771
0x8BaF1Bb6D6E52B6E81a9d780C2F36FE507DbF6a2,817
0xb6729a4406dF3Be0239E3f7dEF85370c8963403D,135
0x52120CC1db2D69d235556aD0ebaFe1dAB99A2913,5
0x4d2154565E0d44c42503c4CdC1c4dd4E60A02f68,36
0xCAA53FA3C33DA82bAD0dDD0AC56B040700CBCBBe,900
0xeFEd25cC0C720bf88FDFB9413dBE7849739f43eE,5
0xE5EC172B626b5399519058779ab1DE053A661C43,5
0x7A94B8691593A4b58dcd92ECb469c82Ca83901dd,5
0x11223CDaAca042Ec7f355A023056A6F5C6edC31C,5
0x177d57053594EbC52A722B631001bB99b84E5C31,5
0x20706bD8AF5A6b4e4aa0426ab7De38461FF6318F,53
0x09D6972BA03C874aEf39DB5CeC4A6e0A248FAc7c,5
0x6a9c8df44ae3c1b4cdf9243a32e6a8b5661e6489,300
0xedA01024dC5dDF967719124a37194A1474247feb,626
0xBA359c153ad11aa17c3122b05A4DB8B46bb3191B,180
0xDaCA4f6a6b4bBf622B3C6Ccd7d58D72C5F202ef9,5
0x4243306a10C6179dEB93E7aB909557D283631934,4
0x964c905b602f3dcff74c20525184fa87021c17a9,5
0x6f73F56499fA780CcCE4EbF03f75B547d371c279,83
0x7e053A6a2Acea1e971F3cB3E68216e59A3c111b5,5
0x4D0631866Da0f2a7bc3C392d35ca823f60A7876A,5
0xC95DD22eb99f812eaFAb969D9B4B59DDda3f1994,517
0x84Fba22176403A82C48e53fDc5fFfbDe8cbE2BF6,5
0xA3DbAD89f450056ba5EF5C85529Acf944C7B0650,155
0x39881F1CA1FdeD70Ebe69aCeaE933f05e925Ec48,40
Ox768ac7aBb653aCOE919129845DFbOd77e869c826,5
0x37cF41A0a641D47d9Cc4C45f3B1818903d3510e5,125
0x404935E6b798F82eF4e4C0c7d435A5E75C4618d6,695
0xd8d478aFd1069b2f646c94bAeB6FcbDd9D3FA750,5
0x2234e52A37704e77021bF90EA3c53e165CB985da,128
0x7F20349795BE58ae7461Df05A6bbD9Df91491A2C,150
0xC96F70172d16326395525E154c7c868F98E00E5c,640
 0x961dcAff6ece747F4E5C7457CbA4A444835556b8,5
0xea5924b2a0b977604c9dd02fd4723cf92767a083,542
0x87379c15810e77502e436ab8f06794cc662d39a5,277
0xd371c5b95a9b731aba614fed4a93edcee60df3ff,542
0xea7ED75188A39f14851BA02331bB77D980625877,120
0xd576b29870a145dDe8B2B39A4531626B8d76F42F,5
0x22F20953Fa3ed04Ec7BBb9C467C24c7932Cd6916,4
0xFaE0166310B0a5322C9913Ec606123D7f6D00ebC,5
0x748565309fc3DD7F1C0Da62782A3F86d3932f26F,5
0x33c368Fe3f02f3Dbbb45A9777741d4955daa33fd,150
0x81323aB8561607055682bBaD90b156fE1F63a483,96
0xf8469FD2f4ae92e24e41c697de8265ec0bafad47,158
0x21E269A7BEb899c58F36E4A3581ebB51cCa63A96,5
0x532a157B6e88551b6E668Fc874DC204064511B64,5
0x17bf34a8ec5d087480DE409986B95277B3f1eBE7,256
0x168f000DA6E2bD8B9801Ecf4555FD19F34Ae101A,360
0x0AB4a5D6E76EBf7aA420Ac4bd33674DF2ceC5182,219
0x3ba6F6E1561Eb6B2D7A833b82CC4d0c4065D71c7,120
0x57e8b4cbfBAab5991c0d56cBE8870d77a2c24645,120
0x34E8812C8F789Cb9dbD6993CeCb92155a6AF62ab,5
0xdb51F44E0157bdd03b3F6a660E2a35B054ae5F5F,5
0xb6E36d360e6085106bEE1C8c8E7b133937c46f66,4
0xFCEE1fe03143360bBbc4eecE72a10B82618cAEA6,5
0x10B50384314a795fe4E5C0b585300a652f74aF84,5
0x84A2dC2BcfD75071439759E953F0bf3d7728AeE7,5
0x4f5E92E7F2003E5170Ca941f2d1aCB7c77Ec0EdC,120
0x693EcE944A0aF755c3D1319B70bBAd362635322e,5
0x74D6E9da87D413D579Ea61578615E5387f08A572,805
0xf3C64cbb0DAF6956f622a23DCbaD78e6b54e44dE,5
0x2C86B511Ab22F9724Aa1f71c413758983CA939a4,64
0x254BB02310D1a8E695a5DfbdE67FB4D1674Ae2a0,5
0xAE53B202260903839655270C6BBdd136D8Ac347b,181
0x4eA7621d5EE0550b51F128502368aA9bf3e5A33A,250
0x8183E3cE53d0fbEFb163185Fd21231609D7B464A,112
0x65bc225e978d516af22102764ec0214ff05eea80,5
0xC27ba127100cE61719352B8f95E568b3aa657441,384
0x6d530d9Cb3626c7514659FDC6AcBf953447E7Eb6,5
0xec44b4abCF6c7CC076f21C8C89e01dD8d6600CD5,5
0x9f5CFDB271da1100dF86cAA10243f3120ba4c6d9,604
0x9879AE1fcDF06912B076D301a301cd5e8Da8b629,290
0xde15d20376b0de1B95a3daA1922e3b88e6729d35,5
0xA738245f101A3858c868C37bB9207D02DCA96348,5
0xC1532b2B6067Ec4f8A9008EBbdBAeA4048f2f18C,32
0xb559f01A001c580eC6294808EC8E962a24E009D8,5
0xc9F44cA1D383Bc48DcBe4Ea530B636CCFF577019,5
0x63876585a9f36b1D30551aE457463cDcb4c05AF9,117
0x76d30Cc09AF2B61695acd745b364E1c880032344,5
0xd82f9c138b4b10309A5117324d78A75874E0f80d,300
0x399842e876C69f6fafB000c764D155be86966d6B,195
0xA3c097FC1aFEFc849f512F9cfDe1d3967223dD21,5
0xa29473Bf2Abe75B3cC9F802F2E5aBd44A3dB92aF,80
0x8a0cCED7b998fAE90bFa38cFcdeA30291c4EaD76,4
0x73Be639A58caB1A69E7820f04C77315240d9ef72,5
0x1E4F9D54865906EDFd40880ABBda8555882B32C8,150
0xaa282a36E04F75146A042d254E1F6C7Ce80E9E5c,5
0x8014336f09e02a0F5bC488cb9bE5b20A08797Db8,275
0xb3428c5FC2b40674F5BE24DD2fE72b5D5B7996C1,300
0x6da832A56df09726aC5E98541109cE6C9c31D4Bd,48
0xc66D316609048B6505d7cb6D41159DE3332188F6,300
0x15Def34E197eEC0Bce546AC2941D7cd217187c5c,576
0x8460B752D49De926C8C623b4A836Eb7Bd402930C,157
0x77585bD467ceA7B76A6B5C2Aa0ea44F328342134,115
0xeAb0c862E37BeCC5C8741DEA3f218211cEE8f2dA,75
0x68b4683475747e28a83596e94b58187d452099cf,245
0xCED8Dc977C2FF06e0A11C3234f8b6a3463994a97,150
0xc28579bcA76cB0fC143d0846547a1868B064FD77,505
0x441408153Ff3Ad8D1860DC6BB65B6e0f98eC4D66,465
0x0c069cB27C4AdCEabeb9C72Eaa25E834051Fb97C,5
0xC7069F6Fb71d345680B4FD305C37BbE4dCD88DEB,1318
0x6b964EAD064fc9084C8367a5eaD2A7Dea2b1B1D3,368
0x394Cbe4631A8345DD2E1e36BeFF0b5aa2c2F571c,32
0x667c5DEF22003b28fD1F172097e7ebbAE4080753,459
0x2b07Dd936e2664AC2474c0F1E8c6fc850a3B9104,517
0x7Cd344F301444c5C2E144bd072111b741E6573ec,5
0xbCa7e5F2807F84F6faaedA44b5B58a026a533DEE,510
0x5614da1E18fb6E223Cfa383717D28d9340540F45,16
0xcEeb44Eb96802E3dC7A43838Fb8387F234351A82,955
0x3edc23F34fe5ca60440Ee6F6e88257225dC91C7e,159
0xE229Cbd2C4eC8f1911fE5d06Cdfe9BBF07991A9a,5
0xd8d77B9208a6678EAEcd03aC6F979584B4d4f51C,5
0xDE6e4e2982ac610E9AF5426CD82a8d8F3939fEE0,5
0x475Bb623442D19d6b1Cb62Faad773cF326A23914,1856
0xb750DaEEF992A907fbc5fA0D3b0e4D16BdD2dc4F,5
0xDFF479d69167FeA380EeBa69208145F6BA249bD2,5
0x0aEB646f61C3A8cdf2D2936748F96d3baFa43147,5
0xd53B2af4FBB192E575e44B4aB3550EF23aa43399,5
0x2B120D512ffCe169a7C80A6a77Fcd37C281EC5DF,215
0x36B84E61960B1b98B2BAF6C10F854972Ffed1363,5
0xc7a5bdAa10D8C40f7a7FAF35995C794bB769166b,300
0x86AABcD459587bC1A347aE1E2d15223856354EC9,176
0x701A02e3Cd566c8d6777a5a000315d832230Fa11,832
0x52eb88cAB6eB668E38fe520aa60D716A31e6EA30,5
0x2bdD2fdEE6e8f145A9fe560Be74aC10849cD0c74,344
0x88b263e904dfe595c726b11ebf31f6d2a8655935,505
0xEd3BB201ECb6ecF441294e4b9e0635782C07a55a,5
0xD863012D69C7eAa647a48f4fdd4992a3B50a8412,370
0x5F3c60f06d8FdDE7273820124E5129AB98353825,344
0xd0D5d98857192B3931c831b7B809D47CD830da32,1152
0x2C9aA75080F97bC94728184Ed1F331e41259EFCC,5
0x9AB4056B1D71Afb7b8595c74B5C366b377BE473d,336
0xCA282670eA0cd596c6788Fe124e73021F605dd99,5
0xf3F94e180D8e8A3d76fbAEE300e074d81d8c22e8,5
0x08A9F6bf1C9f3146f1b28bD5929B171a8a0e3105,30
0xf6ce24467de95717032eade84feef0f92b83fcc5,478
0xdb8522de3d2890e7065cd698b13c4e47c5e6eb31,8
0x15576a67e9619DeF9003fF76899f8C895B213c81,5
0x668C12bf2aBbabcfD0F0F8AC179FA3d4c05c3080,500
0xBA5e46514edbFF5251390805c519E8fA3D7d246e,5
0xE09E733A132903168E884f5E8601388d85BbB702,5
0x3FC1E41dAaD1BfAE7C6e8982f9249777af284F26,335
0x9bc2441467a44cC21B44cc53b209eCBC7665BfA3,300
0xC7DB645227D4619dEFe6Fd60597469f499Af18FA,45
0x6eEAe31935F02d1bE7Fb9ed7f9D4F58D57C601a5,150
0x7FB21b30FbFDf67722FcF5262599806860ED7e65,4
0xe0123F6502D3535e4fC99aAFBA67574fF9De7434,300
0x16C4192A674E5bd35d49a17b3F68d49EEABb316e,500
0xCEe27938eE7a57c6481630a1464C6F332603f61a,16
0x1Bb10b37e2dC226af0d4de66f32f968482927e71,69
0xa313fB8EF170aBbAC0870e546F5f906dBF422DE2,5
0x209bdD1af6BC4f428bAc879E6f1818bBe38C6a4c,81
0xDF47C64232c16eF4CC4b43987B84437839d2a51f,256
0x8F9105569f04b74b5Ce52d0942D96A340B5e2526,147
0xddbae2bC0AD55A0eB9362FBc3C4f2c74F4b2196B,5
0x9709cEb392C0cE2728177B454EaCADC61835eAeb,96
0x1B67C91c213364Ec5C27c23186eefa2953335CdF,5
0xa970Fe7163a53e37F62a36d50B5B22eEAA849c2A,5
0x08ba0bc97700331c56658eef298e96ae6610f1a7,202
0x20fD4Bafe5805EEc19c11869e3CD73484B2D2c4e,424
0x9dB57fbf4eB1d7303B34098e61E098c265084189,192
0xCEAD36e9d0739Ce728eDDF4E65b7D3a2Be1c17ce,104
0x36d68E8b6a46F1a4538AF4Ba29d91D78fD6A4182,120
0xCF160A259F83758C92c710234C1687f44fc4be96,270
0xC3a196B16e41E13C716Ba39Ffd6EA97b5Ac0Bca9,12
0xce7C57B43D4DF795EdA9E51Cd9cAc862a6cFD01a,16
0x691fc6581461a5a3f8864187c7C87b6BFab7041E,5
0xe26FC26405c86530E4d64915d5846e903451fC23,5
0xDc5Ca6059a11eCf6E5759485848DaF94F15C05be,119
0x08291329C21f4F5Bbe3F17d1456c9d5553D98F29,165
0x61ab963e9a6db955cf203e3e3460034fb94fd81e,5
0x8c3596c8d91db6B11f18d1b8407D092560187a49,375
0x3854876C4d2D9a2E695994754A4eB81F94524FC7,48
0x14b51dbaEb36BaB0465FB45Cfca569EB41802735,305
0x4d018d0c078207b17086381b87cE0C5Db7A8bcd1,300
0x258302D09995A71B185097738a46Ec2095b9197f,5
0xa0520231B0F7021433b9Cfe694F22D4A47160BE0,5
0xaf735eA6d8977b31e6A9b1EeCF12FF2888215839,5
0x6fcEE7bc11F7826F88335cd3e1Aa396F7C859659,221
0xF5C1d7B90c2EC45FE5c9edA246Ed2c6929021FAD,110
0x6e4f337CcfD1E77C1aC9Ab03dea113B43Cf0cFBa,4
0xcD07679A857C49B6CC0b1181a57a2F480a8ddf50,5
0xB969085589eBAb0b0Ac190528720a2E2b5ec7af8,5
0xa9Aad34949febeeB997F9b0DA84e8e076332979A,60
0xcbe75B40460B080fbc16388C1F2ADcB7Da221eb5,140
0xE5Efae8511b89dDef0bDa9E09E88C2dd4AEc299A,420
0x197d092bc32634723593C3796f741b3167eD6eC7,160
0xb9845A57721Da8497DDA9208CFf3FDcEDb9cCD74,5
0x41ec354DBc75F56F130006c604C64Ff0E7d8a736,5
0x67C067C310397A47b52e736789AFba942618D861,16
0x6D564f21edb408674324C8e56c84D6E9AC9C9fa3,500
0xB5F0851F68B1Ab9ec8701Cc86a7b9E2f2461ac48,1481
0x2302e9bfe39b538bcbe42651b8f1077b23a07867,5
0xD0fF20bCb48598eb2152D72368BD879eD2C605DE,755
0x9952350CCeB40a9729E51C20554667c53413D353,208
0x6bFfea65431a73a4cC9b5f85AC9e5Fd28D38AbDd,5
0xD05A6f450668F635DB0b92A81AAEB4A4408ede1A,331
0x1F97Bce52135BF3d463627d68E8a174082dF55bd,5
0xB84B3850EaBF40264c45FF1A5B5Ee3bd64F9983B,288
0x05c3eE3C1a8aeA63B0D6A9eFeAf5c0e60c4aC3Ba,870
0x85d7e3A54e05b69d5b49B9eEd4038189352DaA58,344
0x5d05bE37CadbC479066EB17a6256ff6c84ECA4f3,24
0x844a4D9FD9F44D7EA2A5B1d2080083D0C51A4074,192
0x206A280Bde9A85c6C55D2814051CA5D6a90A9D40,5
0xAD306c6746BE31c0bc9FA003113a1017Da021D00,5
0x2c3f38f18ef634f7A8e6478259189A543373352a,5
0x5E2fa9F560a8d7C601122c62F9714B108C1aCEd2,30
0xd1371CE462D9b9e71464111Dd94113C3bA23525d,5
0x14F8D0d35BEAc8Bb4378717Bc611591A0866B7a5,117
0x49Bf27a600AEaf03169a00C5674cbb2bAce6CC75,5
0xBca983A51fb10DfeEef3866483664F0aD2A58fEE,5
0x65F926e9B4C54F0379AD0bdd292500087579Fe16,5
0xb1AC9db0d6a1eC291F427ad03fc3B632E1E93a56,614
0x703F384b2236dBA263383AEA44859D70ec008a99,286
0xd5cB4C0a1F8a6148Ca8f4fa475299a6A423BA33F,408
0xd1a4ea7F8C4879d59e5f2F70C2D9624aF002dcCc,8
0x8e1D17345F3D9c584F77b7BD13f39503cCcC627e,357
0xff59A768a60061aB93cd7367454411B14A92831E,5
0xFf2558a699aFe0812DdBF0d40aB56CAdfFF9f61c,5
0x8051e4c5a663f6Bec85B7d9977E2b6D4EA457534,150
0x3774539539a91ba9dbcfba5802fcbdbb8a40f45f,496
0x5738eBD3ad251BBD5EFf7E2237EB166B53937402,305
0xF2933e8ea86dD52fd171BA959325515Da727F5dA,133
0xaeBf1EB1742854cd8785fDA19D54f949d8534232,5
0x44B4ff31de998b51d1d0006c3428157Ff461D514,80
0xcBe0a34Bd5f83627E916ceb08e3d66e2b1eb5c0A,5
0x6A9D00E862492cB0463cD5CbD6da08Cd1DEC88C3,5
0x0b7cf19ed5cc26acafe4317cf0e331a004f570fd,5
0xc09E4635fF78B75c0950ec20aB4E9d1a71E755f4,5
0x2558970805d15d6b4324E34205C01AB02d1A502F,5
0x783eA0fACd40DeA928eD5bf05B1F5DF47Ed07E4a,117
0x6DD643fa81924Dc92200b7A9f29Fc7cCb03A2E3B,30
0xb4De0CE8FEfc866948622f10da8262feB5edd61C,8
0x028a82892600dd47c271f075560b30076380f7da,448
0x1dAfa0Fd15a8548207b3b4D994108603394A0f1b,5
0xC4437D1C0d9e0A9E935cf31a5e36Df9D51Be21EF,457
0x86608507cED75A2921893F9cE0937111f537D115,5
0xEd894102fbcFcd091E0D82CAa355724fc02a75Fe,500
0x6ff4544Def199f895976b52F8E7305ea1fB85FE0,5
0x91af8014A7F74AB1CF1EedB0aA96f58dCED95f38,5
0x671b65814CBafBCC64492AbCaB86Ee19A86d0Be4,108
0x8cab5d6391921f96bb7db1eb5481Fe2d11430A04,30
0x7440ec12457fb1edE7fc5E28A86E4DFb10134487,30
0xaAB0224011fAa96E4E6fB888B6A954Ca8962c431,80
0xb991A2E15421429D3C1F00114399Aeb3CfA8f095,5
0xF25764842A2AF4E4D346e03C1399756B4c2efcc7,5
0x0B3181786Fe6EE88f2d27ee3a9ebd51c1318ABfa,173
0x59Bb209882749bc7a74E2EAbf6C338AC890e5d6e,5
0xE5Fb755A055b328392aeEe9B715293422c45209d,5
0xd8F64fd8ed6420E01D1Ad820a228b51536C8508A,5
0xfCd20240e4eac2F59c5065687d21E930f5102C5A,300
0x6dcf9a9425Ca382e3576b416253f29FD9B8EBb41,5
0xddbE93624C94179EE63b7bcF9548B3b236d35b14,24
0x999EaA01Cb8C0F468bf1288370752900645e538F,229
0x4aa8F8D1d9e3358a3d23C065ED8341B8302d7D5c,5
0xcF9b18f82840436FF7305E8dff0f76b5ee039526,505
0x774e2F5c083830e9b6C56fD10396E8b5F8Bd5EBc,200
0x3BaDE9c1439Da75f76E37a47908035DC5Bf82D28,246
0x465C203C8B964f8Ef56D9E13E3f91919faFebE21,5
0x26690Dd321A765e2333E73208f2208BEf8ffaC00,300
0x4B24c61b104F703c75e8C12DEafA2748Bd3A191F,352
0xc78A13Fe213b2A0a75cd4Ff83CDf1b083Efd052b,5
0x22740a38231e6c40fe708cc58041d5c02070c93f,30
0x39613F0269DF64B4A43600DEF608E7D84D0b4D65,3200
0x4084824BDCF5373249d086Ac8441b36c4aB3776f,345
0x08B3F069957FbCF182Ec9b91A8Bd841a60B7b7DA,5
0x433320eC655a5C8CaA811d24006C1ffC80a23b87,300
0xc19A0C710c1f57b930C82350d5A200a1C48f62de,950
0x11e3dDD9922B0D4B8b2Da958125B29b518ee8e1B,1600
0x1cff5da802703815aea69be79491c636369d0d1f,95
0xEAB615ba9e4ee5f219846d67A8E3771FbbDA4a4f,578
0x66036164Ba085014041200A1D118eb02F4b10F5C,320
0x6C567C2cE9A2853ccA0440E5B2b029d45a150450,13
0x12e6F55f6D3341AEC33eD3ddC69f88CB211AD8E9,160
0x045BcBdC1bDDd8e3A7E18D69975651149D552D6B,30
0x63e73058e65Ba0FE3f925d2948988782d2617ab2,105
0x80c3FFDd36a1bdc7fED9A731D72564038092E973,32
0x1598CF4efb57Da2E800582e03977E46E33782C06,5
0x1694077E29b5D32D62298F9b7BAAc7C5892830d0,5
0x4817e02efC9131a8d01f4745721D1E5048B9EB45,56
0x754977450aC73349C04C72422D996B100EC34d20,48
0xD86dE36CF35F02634FC52Da58aF36aA77fa16e3C,93
0x10818C1e1c24f4e3A527a5F732985384D68b81E0,30
0x100686e227Db46f34a50Ee5Ea9Ac9E60F9a4534C,75
0xB3FB825c7ffb5cbAD945122576053d98172dFc9F,5
0x4FFdbB143D5Cfc33d9e10f7497b5048283eC833d,5
0x772461ae4847eE00492910a20fa971B09b69844a,332
0x5c06181645941012fc42C3BA662f77c195eEF0e5,64
0x11b2642E17Bf70C834CaA29a97D2030303d07069,500
0xCa40f6779b0f86ad9Cd9f11ffd44bCC4a25d8137,5
0x36D6b91C87309205e1a41Fd09EBaf678a284A918,240
0xa76e7F8fE481448F1a803212b0C8b6FD7EC90078,5
0x6FEB883Ad01df9008E3500797383168248d9fA7D,5
0x6A15a3715edeC64D2c998d12A1a7C45EF2008471,9
0xC7557805cCBB50f005F2dFB5e595a7303F0a1f05,1088
0xebe69aad2f4a28321df6c0e0fd155354f3896852,5
0x126Bf69116786C3D310bADeF3e45C33C8fEC5eff,105
0x42Cea9ccF78E164EBB5Ace4B50Af98C226659210,32
0xf16df3E94a8642cdC8aB83AF3d44ecBe125d9996,5
0x3D22C4BD02922E86cDEDC42ca4624c269a9278F8,5
0x5CC768319D0caFf51D01ac6d0e4152bD167bf595,5
0x35ecd51334f53a026A39792C3b9FA6Ea61B065C1,5
0xA8a24661f267041E79fc9b8112f9e28310560Ce0,21
0x91bF2dc02C3a73C8E8C23B4A74004604CeC63427,144
0xcbc283cb8f80d143e57d84669185e3c06bb8e3e2,5
0x44478B46aCfb42a08b2678E3f1e3Dc94230a63FD,424
0xbD6Ff041Bf814619bF2C6c36AB9E35A7293A64bd,527
0xc3252aC5beCE3CA2A46e14fF15116507e4Ee6803,5
0x5768A7EFCd49D65Cd489BC7bB39122C2E550cA3b,368
0x78e99D6b42ACc3a9CD510b634Db82ae8acc97a7F,64
0xE52e1D3E1003f4B0BcF96ACe9953616b180440E0,5
0x8c9A2CEe8e59a2B27023d1A0b131212BBD20Ad7C,328
0x5182EfBAA0d85A92DcCF2FF64F8cA78F01eFD096,384
0x78c868d3cb921Ba13434b0062e24ea4259Ddca15,16
0x35EF385dAa0f22058Af1EBA2De35F4f5eD653169,465
0xa0204536Df63524882D16c6EB1519687EBEBd0C4,160
0xfddA0edC48dCAD9964ad7c3E070979210913390E,80
0xda6ac37aaf4bd41dde0a84c38b27e4764a3f7793,277
0xE9929DC51426Db46474775561D1351a58714251A,120
0x72d9Ae295F3Fe07731A927Dba583134475b947b5,5
0x841f6B352B68c7F4cf2F4c6948357885542b63E4,5
0xd7699B1C4a597D29267a91d88e5FF544F59EBC4F,8
0x1baE0351078f71097fb6501c6C2969527b508482,270
0x1E1c8535F79AaEB030C47427966a3674FcCDdC17,12
0x33F3356610FFbED55B64469AE351CE8F516476F6,30
0xd7d68bCA30B206Dd7a5c2ED0367d8FA708d0f2F7,1000
0xd7b1852316664a53261ac8df59d98906459e1a7a,5
0x8c26fd54c42b06593258b86b9d0f91cc9e5e64e5,130
0x71070f336BF45a0193137A8A501914B4FD54230c,133
0xC7962b984bD27Fcc98885a3F937b16DDd0bd3aB7,5
0x7c5089f094b4019e39ac03a0fe57505c21809623,300
0x13C52CD691A75c6d4FD06361A3A7A957B696846A,533
0xD3680C7341164626ae3E071f5ef960AB73c047A1,240
0x739219E91a9Fd0f011389dE4081E3f7F58C36871,37
0xa40D0cB9405D5618657aB52ee9a1c81AfC1f6D4B,352
0x449f9867Bf67b1E630A7314eC8F6d63ef89027a8,5
0xB43708f87dD0318E9e053dd16Ab3991B099E80f6,46
0xB2A92b4898be5ECAe0d62D3792574d327ED7C873,529
0x5b4c2330493Ab462D2E1F700c03226dBAeE1ee22,5
0x3ceB30454F252358C75A244e065432d0F206bE24,5
0xc39e42dEE34B377D493E77529D7E4D69ab64d846,46
0x500358db13703566fd2DFAABAdA174eDFb969D43,5
0x397f187d8d872c01df6177dd29852a7996157803,5
0x2f06b2744E1D89f5BFB5eb4A9208163051Aa1313,5
0x5b22816D2324f7C538Bf6eaf382A0d2F9003F1f1,253
0x8e197F3AD7f99600da3aAae928F44921aFb16cE8,1280
0x15c187f6a2a5874ed47b023290bfbee325f8928e,5
0x80d3F0F101BCaad06b3740F2788C1061b33b80Ea,5
0xfb0f37C0456d60eDEd9b64442dFB0C4847CdD06A,2168
0xbe47B601caC39a24910753CAB3aa33a202122506,48
0xC6C402a24d5c4986e8305d134C759D955A6D5B02,5
0xD96E6C31dBCa4ABd1e1CDBd113949a106D0627e7,305
0xa895Db1E379458cF508fC251dAA9C829421d5F8A,53
0xD26A27019EAFb39cCa6f67B90bc3772805fb1Ea2,5
0x05C08f86C0e38d617B4eDEC9126B93995B904937,5
0x74a8fd1959562b2E6d8ea4d56e3E3e399E4a5D7e,5
0xec72ca6aF5B6bA8f9D98338AAF1d4E1Be23E9c13,80
0xB7016A311F9DcDf69Dc1DE1b3A10988eDdBDf47C,5
0x5b0147c0cfB74d43467eB54Acc83424929fca34b,5
0xE3B200327AAf006118D7583Dcd4321340C18a221,85
0x4228c171bc3AC9D2074CA7780e1Be3D149BDc73D,1570
0x4dC7ef6C4E40EE9FAed48b2A3ee137977Fa014af,5
0xa9935c3dFCe994da4Be0B4Be909dFD6284aeDa09,5
0x6C5C3be0E01Ed7A0d2D97506bf39BfBe64233e1e,5
0x959094AD756aFF3533f1287B14Dd12Dc89756f89,5
0x5eb07602BB317A09A1996FceA8C1a93f20e35899,392
0xabd6693048f96af93d5677ad44e84cf62a41c0e1,5
0x5eCBC40eb1494b61299724898cCc3511389A5355,5
0x786Ac07B40875Bb607440B2239765a30e333e602,45
0x90e6a0F546c6f568FBEF4Ccb1Ac7D595E8D237Cc,1130
0xE7c63811f2EA6E23Fa2338117fA7388DDefad5Ee,256
0xb86aB4d4530EDeb7428329bd3755C17d1f64bB46,270
0xeF2f396d31720F82722A763e145268fC64b63eE4,165
0x8c71E2d37811D6F05D0D864C52b1CbEBE5404B5C,560
0xf974038D7484FC3Df1c887BDd17Ac58b27042899,5
0x28311Fc4C2F063131a97e54c47461c9f878ff017,5
0xC22eE1e9df2D32D10E2B32f7363Bf5A65bB22A9D,5
0x8B99817ECd7C27F96d072beCC4Ea34099A8E0622,37
0x7b11897546936824Ce912Cc6002129c8137f1B43,1861
0xf6092a88B2Fcf19e6342fA9685ea3Bb228179431,5
0xA787D40C1D771edb3a8E58EC19C33Ab4CB58C37C,5
0xA480E7011FbB62f46D1976e503025e2916850637,5
0xA94a71b4Ef712D4641D36014901AE82CB997d5fC,5
0x8EB3b4f6C59B78869633BEdD57ca43B5E53900E8,5
0x2FD1170dA0da4FCdd3ebA57049eb12Ea17323253,5
0xf59fEbD5Eb70A27d65b16A5D4C9be846331FB2F2,5
0x5a926B8818833ac31c96d9D0f1dcCc49Ffbfd6E5,5
0x00E21500CA10C3AB0B59B02693f2A434753EF632,80
0x708c0f5a64844ce1C847c80b4797599846533421,5
0x36f7343Ed05BE4f85895fC193b5B72f3ECE3139b,5
0x98B7FA3c3b93121d40B93d1625F6915DC10a6612,5
0xce7ACBA392272520190F53E1F33A22E0503a2f8A,8
0x41a6eA29118Bbc191f76d5E898CA7EA331de2c34,261
0xd07f900e995A01f519309F69aaD87a4bAC1a5117,224
0x808647c670Eb68D74219ea75EDaab149da9C56f0,64
0x21Ce8852454F4ea90492fb3B3b520B136a1f7f4D,608
0xE13f1Ad2491555FAD61f47613f9e99DBF0941732,5
0x09529c3CeFa3d8539641d78170C339d757C9906D,377
0x0d61CA6C13D90D714D45E44C6E48D65ddf549AF7,5
0x561bBbbFc0fb061EE03507334fc178EcDb478d31,64
0xad7944e6BAA2fFcfBE96329F07B3beF456d18287,5
0x9B279C012D07880EF58517307b076AaC30d305Cd,5
0xA507223d4aca9566fEf1bb7E9E25ddBf0A5132Bc,192
0x8458AB57D43460A2D91324EE94E3fb0626754bD3,300
0x038f14a321EdB29e1Be307302867BFD3d8216E06,45
0xFaef8cBC98Ab2034062Ea390d57193e14FAC6873,1400
0x81A1191D397FeB623C314046D5A083fe6576E553,5
0x86FF20005772E40b43eB2Ab83144Cf9636bC8382,16
0x76ad96DdA6C24bAa6Dac8dA7588e027e40C09E28,8
0x3a550BFCE7ec1C5e688F5255424dA6F7407DeDeE,8
0x14e2884FA85428DfC230946d13d88d2cf24754c3,5
0x4d017a7cfd1da7888fb2e45cb32ce23769021533,500
0x2cE6520A868009bb2D766C3AB9412A398941Ea0d,5
0x883506829ca0554F108612670cD00b8779aa08e7,5
0x5A0F4eAaC17C09bf59454f241d69282Ac1a35E2c,608
0xdDC63fb14ca939802d9D0dAce1e8317a93E694a8,5
0x1De64bFd281768754A5d5B59511e02a839D102E3,950
0xF7fcA9a5A74E2b4ce80272D9A7AeBc3889CC38eA,5
0x493034F3551d0aC058421Ec79FE0e334ac15441C,5
0x76cc93e01a6d810a1c11bbc1054c37cb395f14c8,5
0x170126F59e81199F9d86a954E691264070c2f60a,32
0x6c7f6c4b51432f0ab3a69375b85c57bfd8bb351d,5
0x49970156acdd884d81e4ca6ff1cb6c1c167125fe,5
0x0aFD1260E6c84879503Cf15929a5ab9B977245A7,88
0x6149cB8b48d2C0A9AC9E4B05D2C7dA63aC579f04 ,5
0xEA58BA2FB46e2f5e7847CA829850bda578fc4eeC,20
0x6eb808d1f22d5A8B2cd5581E7d7dA0F01eAE8c21,950
0x985791C88e52C6721179CAab8994e4AFE4266a71,9
0x3bA17bB92522b0f2d1Ea7dbf413745EFafe9632E,165
0x6179d95F9809d72A868D20D1585332dbb2CBe0f7,5
0xeCa904A16b8C068e389929e9984a59C9116050CA,125
0x24AAF3a6D56915931f6c1d16b9D6340b37a8D986,135
0x6e7779064e16F4f5D0Cd335324c36569B9daDA18,104
0xAaB5714975DA70D168f36d19Bb0d0D3253E67aB4,56
0x37f66a9A7880d86f590F9b6a3334CEd37E657841,56
0xF8b87505C04af5A7d640F200843197710C5901E4,4
0xea1420c79A940B2eCFE694ea76aC6A21eeFac410,4
0xF7F61F347ED0AbF3da7ab37960EE0fd2b81476Bf,5
0xAB1158374272032243b55504CE967B2f2B840ad5,115
0x4D88776Dab70D2284c26E4FfE926F1A94FD37652,500
0xabc3aaa051DD373FEFAA4fe78754435fAe186dd7,30
0xA50482F0A7bDa371b3f3E887cD5d35D6C20b82c0,5
0x1BB24D240aabEaDeaE81C7f164774Bde477cd140,16
0x3101D6a23f212c64A7a3492d343000e713206791,5
0xcffa03b531c201772c7558657cf80462c73826ec,16
0x672f7f43193d83d1DE2f13EfA1850b62bfa8120F,5
0x291f6f3aBA5439f049ae437DeE99aaa67Ca9B835,115
0x5ca0f79716a1661Bb3904d5E5cA66CB325213BA5,80
0x3Aaa9202831FE463bfF78Fb414FF854FaB912e9B,5
0xdcaF58f7A3e91ad7a49aE42f9454c06891FB14b0,5
0xB4AD5AAbb5bf325F870dC347D79c255dceaA1E88,250
0x822684eC66788331f13Dc0Fe0836FFFa8BCE1450,1926
0xbfbD777FBA1EBf1382B60D4Ad6691CD15B693bB1,96
0x8CA81dc4327b368F0C913CC29728EED9d779199d,40
0x4CF0476Cf2fB3cdDdF0Ac61d09666f72548bbF8a,32
0xfb9592623a66b260c47C642BFB061B2827669f2A,5
0x9310B447277965555725B9cf260225D713784C0F,5
0x938008EB1D32464eA58D61D9f7a3d85f4646CA6A,16
0xa68d8824833a2640e6188a79246bc0a303330f99,5
0x0a8863036239C4D339D2b1D50F87330C42152624,96
0x3Cce578496A2a9678E8D6986206ED47dE8358119,440
0xf95368F12c73d5b5d4F9d95FADF10c82C7be42cd,500
0x58fDE9484303ad05752520424b29371557e4a4A5,225
0xEB4087b779d8Dff4F9d9A593EACcD5bfA91E1203,149
0xF2480d7E242D2c35F4B7aa83e33e695f5ca1ae61,5
0xaF058d5C82B59e2315f46A65307b3be80819dcc2,240
0x91A09b19E2316D8cc7933e0eBE797387236a9830,5
0xA942E6909aFCa03398f9a91c8CD5e42BDa9903dF,5
0xBdAC150625849DD9309CE5878869C9de154D43ED,821
0x856d02DE9e072339D005bf6D056375b79aD55B5B,505
0x59aD824352Ded379AF1dB83f9E7A1E155f394999,5
0x3105F864C4c3bAA4378bEc201cD0c7b0326fF6cb,300
0xB595C017DcE50E27e8c1726AD99054EA314Dc33A,416
0xbFC217F82e2F95ebE875A03773d951f897E848C8,121
0xd960DeABcC89Dc684e1abD7D3DBdb4992c5671DA,360
0x20eA0d0de5d515bA818efB193620eF2086BCeE41,5
0x34754820E7c6dA7bb0861F074Bfe591b26981E8A,405
0x5Ee74ba2E48f6CdA22756a71F1c89Fbf92783DCB,123
0xB3a8c151264f9f08DC48A61584240a44c029d0c3,5
0xb67D81bD489a1974B0010D48C81E47a7D7E4dB0c,24
0x42af94da5eb7e3416e7df3f3fbb6e44351ecfe57,5
0x3e8C35221E8Ec9E4D83643faD425823d9DE7cF0d,64
0x2449f4bdbB31ac688fB4ed6742394c1C08A6D4Ae,5
0x76E8A41D7E2c68ea77f8c1C3Be9A30c2Eb42269C,150
0x08E2bDfeb847f87F975D4F372CD780Ff02868336,5
0xBbE94F2f90b7F58C1b6Cf731Db9A95580Ab2836f,5
0x4241137e1c9aECd8452bf9258488b774938554f6,300
0x01fB826059Abd9f5bB761E7dCb171C0224Ab37a2,50
0xB335Bee51Cb875C4b5275211C64Eed7267E54Da1,5
0xA50fC02C9E785E0f2C7Fe3D36d6D9F3A84F017cd,5
0x35b5676573c398fCf59A90BC2fF817B27Ad14E97,500
0x5752ae7b663b57819de59945176835ff43805622,24
0x593002E833e765773c0b5AbF95427576BEB3D8f8,5
0xf1527d48A4c7f6aFa7801A8bBFF0b8Afb31aB456,5
0x36D11C225F213d585aFB1a5C8cEf37Bb8a5cC681,5
0xef738e3305476159f0665393f52b9ccdc74f298f,5
0xB329B33f1cDA7F341B06D8E4F68495EE62b3Cb30,5
0x9c1A0021AAa7f7d97709BF9CE6f1631E904EB9fE,195
0x1D284616F4f6d1F35c0f6DB11252529077ade937,1930
0xfB7DC25626f7fd4dC61A0Ea928E8E9Fa40279Aa4,35
0x47a0F523E1eF2F0d602bCCdE3aD0F76fF47EA745,4613
0x4A0D641b14fD60614ED8B9AF2972D0d19Da91f1A,64
0xC8819160f2D5102C619340f21aA725D24D044058,69
0x943C55aEe40a04910d504812c87aD4a9A5429CF0,300
0x7be2b25AEdDE6ce337Aae5858E95DcE99dbaD1cf,5
0xDb630687349206932E066b4C9dF15C6542aDd5aC,98
0x11b346880b9884596301011288aA3C6E98d7F5a4,5
0x88B8135796bDc2D807f034e0633222DA17f6B151,65
0x57E2fFa5D7166d30236192A8295aEfeeD07b4D64,30
0xD96c05e2F8E0f4e038c603Bf9196e6fD79a4d963,1653
0x81a6865C1FE14dE669AF737E1efC329E44D6C6fa,136
0x2873179C727b6CEb6379c8D1FD441Af977EFeB12,2300
0xe837a0932129D6d2bB68e250b6dBC60a16DF0beA,400
0x8C67D1e6Fdda4B572b82a2aef6C37FfCaa27C168,5
0x8f28f3b5F0CBdC3e4707e38669E2EB839B265282,384
0x51b4db24a408d021c8d0f21612a26c61db434d49,345
0x9fB2294F8dA844FdBdf65941720a0fb40812EB56 ,32
0xdEDb8b3A8a89c7a8B5057bdDB6cEd46f1ccBa669,151
0xdeC2ea8FbF7e05cA2826161962664656cef4e52b,197
0x9Dd55Bb2B6869F14E6c8fd40463fF0b8f8Fa5A19,1265
0x6e66b58bfb55959658799A98AF9a348A3115a79f,688
0xf9F0Cab4b70eb1E54a23b0f148f69696DE736d1F,5
0x6a95A3279AC4edaDf1946213E1e4eC6f6B487E07,101
0xbe996e9cD5886ADD200861f4b57AE955A6a47636,133
0x5f1084bd5b8880b1323cc1673f9fdc8eecebf060,5
0xCd66d03A9a769599F22e811ac8cAFC4AB08961EC,32
0xa9E5224672CAB4165c365Ec9e4Eb17c1A10d2ef0,12
0x8cA89c54A49DD00F34E26e837fda175B8C25875F,80
0x26C7d895A1910b0273a2d3D04aDe246d3C98DB73,8
0xb1c53bB8982e322EC6c1eE48b213A57A5A204A43,8
0xB7E8cEA5f825B7629E7Bab43DAdD553942DE7BFf,16
0x63876585a9f36b1D30551aE457463cDcb4c05AF9,1791
0x6647dCCCc1cDe997429C07C8D617347153B4B1A9,597