address,address
0x16974f2ad74d12b3b34439d90d2dc85300066dc5,561
0x29aec2e84d9f5aa21d423ddb80e400cae1a49d48,930.75
0xaa6d995fe028fae955133b7416fb8ba22c8e6018,29.75
0x13d2a02530e987f68b9df14aacef417525547410,714
0xf4312de489e8111e5009ba93aee0d8484d4f6440,21.25
0x06001c77a65b861249d4d6a2bfcea6dc8325376c,136
0x2b3d820cab9970dcadbbbb667e012b927608d17c,51
0xf620587de38550664b38463a4668ab8ad9ca7d1e,29.75
0x5b345628c40a42bb7baeec062508cc43144f2377,208.25
0x954ca028b02f2e13f1a75333cb1967ea7eaaeaeb,399.5
0x7dd9a5ac18d72a8d697a7eab1bff85790cdc40f0,425
0x92ee02253cdbb2bced749769e7372f9be427826b,280.5
0x50deacde18e4dff71956519ce426471cc35a6059,29.75
0xb7892ce888bf14f3259b0d9627abe7ffea158c7e,242.25
0xd236027b21c63c81ae6ae6d9507f1c8e192cd5e8,29.75
0x32b1dc6a72eb673c539cea9d0c029d92a6344d7a,29.75
0xdc61e516d02204e27509fc8cbb135da2439a3967,21.25
0x0b23260ab68ac0cd8095ffd93243e0571b192b3d,29.75
0x36e729b3107762e51dde266e11803dca28bef030,29.75
0xb3a3598cf265f1bcec212ff901b22b1841f13fa0,29.75
0xbba7a6413a5c323b867bf8e91faf47df06ae95de,357
0x70b02d35d731bb8db768053e1f40c3036afdfaba,29.75
0xf3bb862414b59c358fece41c83d562f517e59277,29.75
0xc20c9688e2334796c420cfe9fb6297eb0b9ac80d,29.75
0x6647136a9b70b274b042e484846580343ebe8421,29.75
0x332bf9a3cfe7d67da15cc774e69697b71d01fa66,29.75
0xecd54be30cda9ca1f2dbd18e1ffb2331cd534e92,25.5
0xd31e2aa2230361c525540f2b148133ead0f509e0,59.5
0x9fd6e064b03612ab4f33306e85ecb15334befe0f,29.75
0x2d5d79e54986dcaccaa1e79c0f9a37e78e8c7dbd,212.5
0x82a3529f832acb41e51f27a0e9e109e42e243aa4,2269.5
0x74389bca806df4276c0f1927fda45154e4556922,25.5
0xff9903661d0611d1263b0e6b5c912a5a4054d21f,63.75
0x9cadc8955d21e0c52af38d67c482acde645d3a3a,72.25
0xe4924a63c14d89c61c2c3f53756655fbeb050acb,29.75
0x4b38ed7c53129fa2d8d766d1ce371d98cb741692,59.5
0x6eb2a22a11bf1ec9f2329a9569aabde96b0bcfd6,850
0x590cb961aff1c2fa489467e81af2bb08b802a402,1071
0xffbe71fba4649e93ce88d2dd6bc15fa253ea7b33,204
0x11c07988f69659172ceac5ce30672680c7bd1baf,2295
0xfa65e65a6321c37486972d71b3f50400bd43f974,29.75
0xc0331edfe6f139d3fb36ec25a62c64c5394c77e7,425
0x5edec45f90dfd686665b4126e1425758edf6ea9f,29.75
0xc6462ed3db0efbdc26c8a8986b698fad1f1d0818,76.5
0xc69630909c1000d12c2662393a4133acc0477a8e,2380
0x934f85ed1b05ac32f9b87bb3d96102a26a47a6ac,29.75
0x46f35d54a5973de234a4004db3d3bbb5d8d5fb19,29.75
0x5d9f2e17d432844d52673530a0aa8e349e211cee,29.75
0x99a522716057659b43dfca253ba374a862d310f1,29.75
0x641eab497b2f8c9bbca2d71b74da65fe1dfac08b,29.75
0x21ea2c330f1feec12aa8564793b3ebbbececaa72,879.75
0x18515ac82734bcc66406bf7bb1762dbd5a45b8cf,29.75
0x27e12c5f1d315a75337190e23fc85d1590156d30,2167.5
0x9586ab7091c215e843b7860fd196299231185c80,497.25
0x90264e2f501a90eeaf3a0bab597f6a032edfc75b,1062.5
0xfc9eeec3dbbc94255e527b48c5f8ba774ce77829,29.75
0xfe423df83bf7c1b64352a3f586c21895b52c43d2,51
0xd6b7031aeb8d0b0e75ef542871a27f49d4471cc0,29.75
0xc46559d8775552d6a6f64224a69e7d598b82a11c,178.5
0x966edb5cbe2027dabb9e9c19b4c4811df2ea19b0,297.5
0x89177d0318d3935d487d9fb9d1bc5e91e0f00dab,51
0x3ba654f6324b972ca042d785eb66997355411785,425
0x8c60b40a297f9d5b1cb2de6bb8bc6b9b2cd08357,692.75
0x68c81fdf2c21b333495408b83514f4006f6768c4,204
0xe7eed689eb3b47b1959b0f66307d91a931fcd0e3,29.75
0x048054f6e13bb29c6453a12337999faaf8ebd72f,561
0xe4cd718ac8d48f5e87b045d4bb8a38cce0d0dc9a,21.25
0x64d6e0774917bcc18bba2b3051283aad4e20afea,42.5
0x7bb048d2ba3432b4e0b79c08175b1007ba299e58,93.5
0xcd66d03a9a769599f22e811ac8cafc4ab08961ec,29.75
0x8062e69af89430d0749697cede9614cda80325e0,89.25
0x1414b7eb5752ad28714d4abb31da0402af719486,29.75
0x0d0b7d8396aca528d51a9ad85a5ae0e2903f1c94,850
0x09a48427a3063cd57d00c2c62f78b08aee654755,29.75
0x615d5ba85aa09c408501e1519bf18a0e72092c86,29.75
0x8eefae59353a1787a62e8db7c9679d974ebddf14,29.75
0x7f9286b054853dad8cf8a40e30139f5ce744fd2b,51
0xbc57b338d28fe76a06fc9879a69477edae192a0f,29.75
0x6f1342bff21ac9111bff4ef9fd600a3a31f98aa8,212.5
0xd9d33197d42634c6b655975dd688681f4213aa4f,29.75
0x46503abaa46227e489c755cc2b80df6d5ab18633,157.25
0x2b12d1d310c6df937c8c56b7a1a34ebea63529ac,29.75
0x9dc9597a419bb3d7c727f57a53a45c39937ee61f,25.5
0xcff4ef198b8617672c40199f25aa803768243e3a,29.75
0x7624cd50dcbc3df045066ab578188a765324d61e,29.75
0x35533c5ca870343d05ad214f0ee5a00c8bf94c8c,850
0x329f4435e0f22899b733756c71aa12c1004146b1,352.75
0x9cdb491354086ab189dbb17360c33970b7298d3f,408
0x066fb187404feee6ee7f6cde21697cea1a89ec23,102
0x2c2f838f0dac3f4915f4a57f3cb63abcd806ee40,1045.5
0xbe4aa0296b2b217d03ddfff792675cfca96a95b4,59.5
0x814e01213eea3e30322995746c89e1bfaa3a38ac,590.75
0x4764c04309372aab9cedc7f19606b2e16a39e5dc,29.75
0x8e80711e175337f258fe0723d29e5fa5b57db026,29.75
0x7247345a0113da9b22bee90322875c1b3d9b9472,1304.75
0xb44d3b0507e69f7fd3683fb4ec3bdbb7cca0ae25,425
0x6a46f562ffcb7ff246c5eb6b69cd76b296c0aae7,29.75
0x9362fb8241d1e21429fbb77b2e9e20a748c772d0,850
0x3b8098bfebd069cabf53009490082322eaf89a3b,29.75
0x8e4fc16c8d4f1affc0ee927b70aaf65559fc4006,29.75
0x363c3116d796ed45871f2855111cafa44788ba0b,879.75
0xcc858d2a4c300aafeeca15308f3a1b066b68e2cb,1207
0xaa4e9ca01011ea77a70560633dc8a10b147367ca,29.75
0xdc67de8277d966bb26d8f5465006ba7cbf7b52a1,922.25
0x4276a663ad347a40ca9adfcf2977930d02107039,29.75
0x67d6033631c85789d81da5c316e03c31bd4a682d,425
0x00cf8bc1a4c86cc08df3700837d5d170ed3079c6,29.75
0x89df444934b3080c853b4099923d94e3a560b811,29.75
0x11bc482ef059affaea099fc909bcdc5b021e0393,425
0x7a52f357732da1265067120d3de0795be1ee1bc7,1092.25
0x13f7f702115843f06c79ee57a8b36851fb851f0b,29.75
0x75fb57291d1c90398ed85d37de829f06aacc7587,29.75
0x4bcf75211f31be86aa1a8c5daf41c009feae9303,879.75
0x85e8aaf0a789456465e6819d1eb49e49c8ed9fa7,1071
0xc2933176a9be2116721a2681e042111ad22f8266,102
0x82ca3ab63205b404d6a4116e9c2875814e6b0d9f,114.75
0x51bad62052a3564c473214c62feb4084eff4213b,879.75
0x03d9c8a28e4021e23f28ff435ec7cd08c27cd69b,34
0xb7c2fc9d44db04ff888037037aadfd10d7564d95,29.75
0x9ac2f04fcdbfc8033cfae0abfeda793995959a07,310.25
0xd73f256070cf2f87f6ac02e04b6412660c1f5c80,29.75
0x68801ef99c3980821e8169c1469da413a8d8f890,55.25
0x6c11c151adc437db6b95968997ab8caa0d7188d0,850
0x250027fefecbaa1d0a77d9a8ec934cbed9012690,29.75
0xbb6abd89e6c3193c4f85b10b90027106cdb4028b,459
0xdc922b6b33ce36b02c44f3b09cf7ea6b613ac939,29.75
0x7b370171964beb5a97dd8a24bf35e46287daaef2,29.75
0xa2b4be559db08800b988932b88b27d026bb8aa30,850
0xe204f2fc6f5aa2bb968f1ece326f59be4b514b0f,153
0x6b48978c1a78e6f84909b52dd3dccd186de9506f,29.75
0x610b0783a2c3a3e70529ca144b170c1a5b44bae3,29.75
0x5c216d7f402b3f41eab91df35732c8994348536f,29.75
0x698c5668434ac2c24fe9ab5470fb904cc308d5d6,901
0x737e5f0fbbafa9b98eb0251e9293c51221bb97c7,1062.5
0x05e82be3577dec7b5e6a84dbe0bbb40cfae5589b,29.75
0x870ae9055a31b207771614dc8658eb15d867104d,29.75
0x11975e743c096eb71abc425c8fffd65509b36fda,582.25
0xa1beb350a770aa731dc674d11d487de582f518d0,722.5
0xe288e93f5ce0b7c7366e73f56f1219a699f11d33,1275
0x4b3be748c7e6eb66e62edc3905522ec63fcf9c67,29.75
0xced952e0dbecef7e0b75713e9872de76b93f098f,29.75
0x1f3562fc215f9fca22d4dcd1a7c16a6f1e623f9e,518.5
0xc58d3876a94ddf168a9d5e470de3c34d79b5af09,29.75
0x47fe1d33cc44133b48709ce5b5dfe87c381a4cd4,930.75
0x25977da0749df96370178bbec55b1fa57acd491c,497.25
0xb9bea0554b3ca76660712d6b525cbfbc101fec1d,29.75
0x989e87b927366bcd2d9ef24ba35888b8f9d14fe3,1734
0x4e2c3ef488a49d973c15e5bc4bbacea896fcd747,450.5
0x6406d4ac5d86612f53014fd46243d2442ccc2093,29.75
0x5bef45489a03462d199612c5cd992f114f398ea8,531.25
0xb4b15741a2152d1c8135bd947996b613a8cb584b,29.75
0xaf1f5454e01dfbeb2361618cb3e845f492082c16,25.5
0x8c9fb695c3336ed9507d738d7b229c34c29a84ff,29.75
0x994cf20f5084427d078dbe368ee9c5b6b9ec0755,879.75
0xfb40932271fc9db9dbf048e80697e2da4aa57250,850
0xabb2f9c3d77b7ed222b5b2a002475880bb1f26c1,51
0x598b13dc1d5feeac4dd55d55aa8bbdec23a2816e,29.75
0xa813233aec1e8e501a8c8b8aa2b7401328113a92,1177.25
0x6ef22caa22d08d09082ffaffa3cd051296a78a17,1058.25
0xbe669ace6490b95a102599c4c4324e4b32944d48,127.5
0x85488513dcc04565b30e711bbb876f9ef9152e82,29.75
0xe26395dc1b1053864fffad91b6977855c9bb97d2,29.75
0xfe4f5d320003f7b48d6cdefb3e3db6e591813502,29.75
0x0ed372743fa0a1eee91ea6b0bcd484ff21f19351,29.75
0x000733a92b3d3a91a1b07e52f6bba8c6e17cee8a,29.75
0x98a0b0720bfb3ad3b6ed911d4b219b8609e6732a,29.75
0x473c0756144923360310bdf8d98d12a1f24c514c,29.75
0x5856d1ee655d3035401f55f93c7db4101f357514,29.75
0x9e31ea0a134d449c592f2db4d2cec9e762f9dc78,29.75
0x4e17657eabcc1ff18348975eb4d49c983e83b166,29.75
0xf7f88fcfeac92aef3f651f922a8f45f0bf2ccafb,29.75
0xea999efa7e9eb7c7bbae3ed3d44005bc2562bb29,29.75
0x09c24f306b93f3805330051c0ad9a10f540378e5,29.75
0x04bc9804698273be7e0793043f9c912a5c2d8703,29.75
0x80d1c0b8ea4999a750239123b5b198cecadf1fa7,29.75
0x0dbddae8ba17f005eed7bde70caeca5f7194895d,930.75
0x1a9f17b52e36136d39a8ef04876090211ae66d89,29.75
0xb16719bc309cbeddd638dc01bbf22dae9be38d2d,637.5
0xd089bcb8424fad910c83790551a4391343d923e9,29.75
0xa1e6b29ea4bac36069b4ac06a96782ef4ebf26dc,29.75
0x7d4048a55d75a2f062a4dc5ba4cb5fd1500b71ad,29.75
0x36d10badd98b60119c2c240aca947535ef489c4f,850
0xba422fb2bb83dd98bbd438ac3a998b2f847272bf,29.75
0xe4dfb7b2086b13a55654fd2051786089000a9949,29.75
0x232c60205290e45616a74d2dabd9bfc1a228b1e1,29.75
0x181a364df3b9445119e6ee31e310668c86fef2f9,29.75
0x071d3559eacc3fb15690c966656b4cf2de94d4b4,29.75
0x1e58f9f9296b934d1012cd6cb81c08bae83457d0,692.75
0x3afb5778862d2a36c9cec80a7e2bee4d7c18807b,21.25
0x005c1ed2e9512a07bc83e0122c86d599f2384b8d,29.75
0xe27c2167f6316a4c6dbdbcc2cc8662265e96e57e,29.75
0xe30afa043a90d9191eba8edaaefb243611e8f4f2,29.75
0x0e719c5de6e2ef36f41718840b9aa94490907bd7,29.75
0xf0f5f956d2514a6f0f908e108a17869a196db2cc,425
0xdf7d8e7f0556820593aba352fa860fe8711f0c9f,204
0x902a559e7512a541b5137f447dd7a43857c40695,29.75
0x2d60a5714fca4aee015478b5d3774843b415377c,29.75
0x61baf136e34d80b48eec37e17066846cb485c3f4,29.75
0x13bac47f0f4fbfbc418e9bd33cc02ee47e50bcac,29.75
0x278b4f3aafc3d731613db41c9de0e43d57ea0143,267.75
0x5a398d52f412d97ac5852fa327ccd425737d3633,454.75
0x3c7bb8f3a697c09059ec64140eb1e341a015f0a2,29.75
0x36ead1d2164155297e4825e92a3096f819faabfd,29.75
0x2f6ca6560c8f83bc1c0f5fc24ee19c518391fe36,29.75
0x0e68e703610f9f291ef43e8fb1b4a1af0225292d,29.75
0xcd74f497ebd307075f7257e2d63be37b14757285,29.75
0xda4fff3a71273664dfda8d196dd477e9e5e1787d,29.75
0x90c7d15f23e4c194c67a102159f859b50d3781aa,29.75
0x61694da276a34df4cf11ffe54af60761c4a9baf1,29.75
0xe02ba0543f823b603615888d12c2f71538a8fdcd,29.75
0xf4be9fd8090f7933c27f5c377d9a22f775a4fcfb,29.75
0xea4247e670db90600e87bd441c67a0951fcd2605,29.75
0xeaf13ea51e23aa133383a5638fe60332e04b6fff,29.75
0x09c2af8777857c56f62a98527d453b26a6dd3ab6,29.75
0x421dd2c11a42a82caddd6ee39969b2f5f1b95c53,29.75
0xd0bf778abe4c5c94e46d29cdf0f0594a1643949f,29.75
0xa1e01f586a660dc0d19294f901be1213acf3f5fd,29.75
0x7f1b4cc359f5f692b5cea6be4c16ceaf45866a9a,29.75
0xd61a7867ba1afa262c108d6b4e8d9623aea3ef4b,29.75
0x564e626e7dac5405d978be438821bce6150f7614,29.75
0xec1d1991cd200cf297daeb392bf164237accb3e0,29.75
0xd059c085a71feea3561025d151a5c37df165b9eb,29.75
0x70bfb7f864af15ed25a16f02b21cabe8b5754620,29.75
0x84f1fb8f302afd715a1fb8efe52ac797b5b730d8,29.75
0x6337fd9847d7625e099d89f571f87ef49eb72400,29.75
0x12f80beefce7166c707c9a1afb374350e520c114,29.75
0x3f6a785995d6418199e5cf37a1b3333c2f61bb6a,29.75
0xb165ccbe5ef9c06e58d020d2c9d55a823fc00a89,29.75
0x3a409eabf26a555ef856ec0012862828bfe58c2d,29.75
0x4589eae0510e08510e1c5ff90d4d6b1d797eff95,29.75
0xf61f6da906cc257cba665f4029ae888122c84b17,29.75
0xb02a9aba18cb6a4e21e67b28f8111d0285d2044d,29.75
0xd025f432f3694c54036eed5c7d5b4a22210df4fc,752.25
0xad8eae37db38b716be099fd74556e9c61c9699c9,879.75
0x1a5d8eaaef4515c50e9c98243f9578086b2fd8cd,127.5
0xc42ecf17e3041fb4f6869ece6f3cbb2f4fdf1dfa,29.75
0x8b5cd2232ce2324ca6e729fe4d2f63446a6e9951,29.75
0x793f2c7fdee7cc001ea72661f81da6fd3cd1ebe1,29.75
0x077f1b3c675529aeaf7b8d8354eaa69ff7103f6c,29.75
0x8e7582c347f72330ecb95a5801777a5b9de01c38,467.5
0xc61a5372666267eef5a2d59789c9b1eb1a0565a6,29.75
0x09c2daf764d124e4154c61d350cc9a5e841584db,850
0xf801fb29be747b45b04a19ece9c6b74019d7159e,433.5
0xade1683f0466c4d748a22cbcd4b5443a504400cf,765
0x33977ba58f5913412d38695baf65b14557f9519c,102
0xc7238807f9d1d99aa23540af6935baf6bd95d0bb,29.75
0x4fda2569ea0ef094b3a43ef553a8e1c3c1a15252,29.75
0x9a7032e4518d12b296d8ab1efb6b44098de890f6,110.5
0x15cdf4e02055c44231fd6d8dafd487b192697421,242.25
0xbb0868dd2909b450612cc2b64986bd868d018749,378.25
0x53651887259a01dd92381c9a2963696392ba0ddf,29.75
0xeafef9989f34160276372b83ba1b0aade4d040bf,1020
0xed72da821bdc235169587ebff8374bfffd601214,29.75
0xe9a6b65962eb32e021ce63212f174bff1c925a1e,29.75
0x113d4e608475b910b4e87feef51741fbd75176b0,25.5
0xd3e4d8afe7b910fd51c7ae85e92ca75fa59be605,850
0x37ef79efaeb515efc1fecca00d998ded73092141,879.75
0xc5b36dc74d052736ca162e9a7130b788f6a7ca67,29.75
0x242ab98f4da34888545c98809bade966a0a3a419,29.75
0xa5e77f0f89d6f5b3b8d6b65f5b0e9401c6bace21,29.75
0x9401b701541aefb1da78fc158f9c39613b24a815,131.75
0xa7f76a3d5b0a4fe0f0ce02a161bd6a0276f7dc65,382.5
0x12c69dceb02571953c92dfa7bbee659c47c0c229,29.75
0xd520d01a6d2820464d8b2a19f54011b05237d44a,1317.5
0x6222f97aca47d12a5a3b3117d556c98a75c1ef25,102
0x6c9b488adb261f16cf8ef5b445b7ff3fa31668da,29.75
0x278dbcd0413bf760c7d6d47b1141c4d66b9ffab5,29.75
0xb28ba53eee5cc4516acd9b2e20c33005755f3846,29.75
0x7c5f43a67710e13b02ebaa91e4e28d998b2110cb,29.75
0xef4491e9047c039eba2c82d1389e14a184352b78,879.75
0x2a8600bbdaab254a2f8a8e00912799295c3dd601,157.25
0x2c04f73f444b95b50431145fe6c31b07a4039abd,29.75
0xa1d10dac39f3d3e349b171e284e887ee145f2afa,539.75
0x536debdd68283d7d911f71e1f79c44408854c146,850
0x461337d4f089adf16455acb785415f6437da0c24,484.5
0xb77429f98c4d7fe42e045ae029120602526d5151,879.75
0xb3397a6feedff2b9fce9ca1086cb1bdd617c16bf,51
0xf2634ce0dea17c428aa8e5a26a857e554e762368,29.75
0xb1480135f6b4eacff8286da31d6d377626fc52ac,850
0x821d719bbea2d08fccaae21ba2c06a3c65ba0496,2125
0x2e79346b4d5c33ee1f915c2a57369b7120d25677,1360
0x76dd2f01e1629fb3624f1c32954daae0fcdd46a1,29.75
0x93ac863d2b4d938878eebef52467b79af8e69cdc,850
0x9d458c287dfe24c86ba9e0f756f60e0f186780c6,879.75
0xd818447c9ec0b5b0cc7cea7598a79115796776bd,25.5
0x06a44e7d346c72d7f7349b75cbfde2ca13a2fb0e,72.25
0xdf4703369ece603a01e049e34e438ff74cd96d66,29.75
0x6194642b77ff3723fa914c3351bb9e802c115f99,225.25
0xffb07a20e5e38bf1492651780484620aa868e895,59.5
0x32ae4fa76d9dd9877d9137122a4427b7b1af856e,21.25
0xe35bcdd3984d62520f30141bd5f436a0e8b26c4d,29.75
0x06b6b7f0b322e2894cfb4dc62d869a76c8a09015,29.75
0xc89f9143f6af09f93060160df81ca247aed34cc2,80.75
0xa0cc6ed35f320bfa80b632aec5c71122070003e2,29.75
0x76e059c6ff6bf9fffd5f33afdf4ab2fd511c9df4,29.75
0xd1ce13c505485485efd7b1e74bf58ab40d7e7789,29.75
0x2d22e095b05c5c87947f1d8fe258238fc43bc14c,688.5
0x4986fa484819d64b382acc03497be0a0766b4098,29.75
0xb4b8444f616f4e7ec1b5faaf30e9b628cdaf4e4c,29.75
0x45a78d30543949366d6f2db1b200bb2765958dd1,29.75
0x7e97ace79bfc3ea5ade4a3b0e18206635ec2e187,29.75
0xbfae365f6d420ea1c86f84489a7dd58402edc8ad,42.5
0x363a5b7e2bb28806222e6fa27a2ba1fd1c192d6a,29.75
0x4b531bb5f49b63b010fb214e72e36d9e6aef9b34,29.75
0x5d21ebed3ff44d91bdc74b750a2471eb2394a652,29.75
0x811dfd37b2cc21fc404e0a9876544fd0b94d0970,29.75
0x0a5be00c490202f6a383d5e5c16d128f4e620198,29.75
0x7e0f1607c34c24eeccb823aacfa7c59e74b5fd24,29.75
0x3aaeaf3a8537122f5a2afbf8c5b5372a11635845,29.75
0xb7947667c77f17b732c4cf681d586d40a9d8def1,29.75
0x72d1aaa5a74b9a669040b7ed4ec65d6b5ddfd3f1,29.75
0xfc8855f42135514b2e1b52bb602e6682f15429b2,29.75
0xa158065dc2be35559e592bb7c5cfdd82e7889605,29.75
0x7acd428a6e47b594a802906d4ecaffbd1d8316c7,29.75
0xf544cc90cfedc8bc13cf3564715aea5eec9d866f,909.5
0xb2e5a28ba54d13322fbfbdd82db0bfa1766e856d,29.75
0x7886dbcc7df67665c4a89807d8794d91dc5d59aa,871.25
0x79cb9e73c30728b56bfc3d5421aebacb7a1b8fd6,51
0xb6c9c406112c1bb7977193dac83d5b6fd9d0ca60,425
0x7fe7fe8663794ca6cc3b6bb4680bce03c026aa3a,2452.25
0xea937ae28bef0ceebbeed5ab37ab8aecb6de5309,102
0x08f6bd7d188c2fe35d90319187407eea0568d334,204
0x247366d165cfc042358657290b20585934009b60,1181.5
0x5890683821707a30391f701dd002619e0b565b21,51
0x5d365cf8ec53212a5fd1aac84373a3ca1944b885,29.75
0x94d6ce6a4d5c44f48b908b7458a9b52d6d9969c8,29.75
0x60e0f3a778b47419e0282ae8e3ad233207825b29,1062.5
0xbd8b29c6de99962c122181961ad64ef929eedaaa,29.75
0x358ed8dbeac0f5f1f2a028b5e75c0571ca378d5d,382.5
0x050b0012f55797cbb4df2867daf82562eee2d94f,29.75
0x4ec77a0cb90072e886fb76f176df922cb65be32c,29.75
0xe9bc4340a7eb8bc39eba3b4454fa894085aea948,29.75
0x2fba30393d3ce59a499ad9cb07e467541df5b0bd,153
0x8e4be781da50b8586bbd5e2097347028df83c0eb,29.75
0xe220d63df8d5eaafae80743caa7febf16325379d,29.75
0x1539483142c4e960263d1c1db9791bf17ed67a34,284.75
0xd84cd30cceea61e6d14d97bdaf22e0a8c55fcf1a,1117.75
0xb645a68dac50686ab01f0bf9bccf579195a1c22a,29.75
0x2d923a09bf3110b21381a528552700531de83f63,29.75
0xdd86cb6dcdc798c649b59db0fe0aa64c8c7e84e4,51
0x9002466da0a690ac4118262fd9f7bf096177c03c,29.75
0xe1c6b8e343895916b072d9fcf6e5116fc137fead,850
0x4938f82bd7db46b95102435c82ae916d194bca25,21.25
0x9ff6994484e310f5aa689f0e713105505808eaf9,909.5
0x33b50734113b517c2c74b301e1ad4ed877b521c9,29.75
0x1606d831ed86a6b4c5959fb4202f3d53568fff51,29.75
0x10e64b34e22b779f212c1867e5847f9b6e553664,29.75
0x8a9e96636594e20f17362d1a5897e644df99fe84,29.75
0x23be0f1de9749c9c5607d0a35418e6f4a8b3ee74,29.75
0xbf17d944d8b39678b4418c734e698da5afbed264,29.75
0x8f4dbb015eafcfe8ca588104ac73b89db477311c,76.5
0xe7b7f5622c00fe6856b618f693c8eee261e7fa9f,29.75
0x9cf659b042913c90a3eee1374c9b6ca2cf7c99fa,289
0x0089646d7e2e8dfe08568cebda5f7aad506ee211,80.75
0x1beb408e4ff4bc7ac3de2cc19127b55f8a3896e7,21.25
0x04dd71e472df1ef1df41d136109aa466f0614d29,21.25
0x3876567d57fd4c2168a2c6d37eb7a1f600f56df1,89.25
0x3c7c6e80cd329eef2ee96fc629094636c22f0d45,29.75
0x022f4666eb4ee6b3b557735b84befe258827729a,29.75
0x883bc0075f7b0700b81991b72c52f5422b0b0da7,29.75
0x8d5960dbdf2e462d70c3611873df893fd4ffcf46,29.75
0x3efe9c783f618d3eb4e3a7e5cb0128cbec529f17,29.75
0xe5aa533283943f432d8c8828a34a7ef3baec2cc6,29.75
0x2b2d886e350c071db432e7729734168739dfe8b8,29.75
0xe4aea151a40cc8251118e74e1efdcb474ec4bada,29.75
0x595a46cb8652bd79b01d2ee4d023619d9e05701b,29.75
0xcb8c97649640d7a45ae45767a64d1dcca6dc0948,29.75
0x59d24be241ab2a98516f5d13c3f4cc1b6c29c2c9,1789.25
0xc72a745baf55e559f18c5edd8c8eb6a9a7b19080,29.75
0x0b2dd6693182d0d66d91b3525f20551e7c79bc1f,29.75
0x5beb09dd42e456d30cfce3df8b05b73b8710e1ab,29.75
0x41fb0824ee90aef647bb0b8f704ed3f671224c90,29.75
0x1ef08784db3354ea9692a1f18572c48c8addbc84,55.25
0x6f4170fb2db68b8f9c46173c97854c629022fd0b,29.75
0xa359750fc1594773b84dc1d8e116c6faa1d39713,29.75
0x06dc0cbf44eed256c5975210095be703504a4541,850
0x729f6405527fbaa18d73c8c163a20defb2668d9e,25.5
0x34e7d36e683583143d9ce4c1a4afcfb8d21d518b,12.75
0x01e32c8307a51a2a1ef44b2b87fa11e9ad1ecfc9,29.75
0x865de3fc8d3d4d4e1177b8d88ac08771eab90c99,29.75
0x244496a62522481c0c54738bdf977891aa153c43,89.25
0x6edd48a255aeec62fa83c3d0922cc90ab9c46d7d,59.5
0x261ba726668e15b002271ed672548ef1b9dd96ee,267.75
0x37dbeaf8a6732af9a690bad1984113b0d5e08a92,29.75
0x9683b4b6edadbf8027bd72cb3489e397b58cb2a2,80.75
0x91bc3558b36f07804796b98f072cb7d41fc7124c,29.75
0x25430dc42e8676488a1a263ac8e7a5eb25474ea1,29.75
0x80d2b2365205fa6badad9de7f6ae04ecaeaedab3,29.75
0x2e98e9418f72871c44d6a82cc67d62a2ea59b9d6,29.75
0x3bf20962293af3f1e4df73d271b37b1498558504,29.75
0xcb877c3739f49445ce0afd2c2288007f09ec7e57,29.75
0xb2c1ff61e775a048774a365cb6a43a514bc3ccb1,199.75
0xcc204d93ac315ac33c2de4c864ff544ec627e859,29.75
0xf1ed3cb389cae5fb36bf0bbdc2a86cb7db403c5a,29.75
0xde0d1f9b6c661c016c44c5c98b6914de1adc688d,29.75
0xf425be7f4d9c889d2517228606cd74906448ca53,29.75
0xa75f5e88cbf0352af15d939e68a3b7e82a62cde7,29.75
0x7049d10d42847397b0e52408f8f8c6c23f619b47,896.75
0x972978353e8054e4cff24dd7348ea2b2ec768d55,433.5
0x645dd66f30a54875c2fb5fa0b71e9455198d75d8,21.25
0xc3fabb27ed94c72a69bd5c6cd0b21e315d1b9309,29.75
0x16863767fce775538ab671501d88040cdf028781,663
0xa8360a8db54730e0349d4a71ee12cf3730a8c28c,51
0x44c3422edbf0d4b2b6a3d690b0427f6f9c271501,29.75
0x562b29a342b7bc75887f7fdfecef0ee528dc4111,2210
0x3d1bd90c96529d7198fb44dcb6772892d12f7f63,29.75
0xca1171b026b91b3113ae25b09fdd9b9abb45854c,714
0x9cc826774ca41a933573ef65bd7123a3fcf92ae1,8.5
0xce5ca07602c0f266e282b9bff85cd6a629cf7b9e,25.5
0x837b7ad4476eec0ab4caca1d1f66566148c30a49,21.25
0x26a74e056eb4e3607792dcd87070e468878d14e9,29.75
0x0e37ca68f849818df0ab00d3eb73d72e72fa7ed4,89.25
0xfaab9425366cf3137c19967a7446860d2b5034b4,51
0x969182504dd6506ef431983a19b34897cd5f136b,850
0xab8f6954e7f02a2615b5b1ec7b3e580c81b7d2c3,46.75
0xecf9d05a427b0f0e14e79001268afe00821bbe99,208.25
0x89907544fa703dee3324593d52a7aec7c67fb6c4,89.25
0xfa77de90899e4a939ac1057910b1f8e8185da796,29.75
0xba11d713bf99be96bfb95c07514d6a567e9bd842,29.75
0x772d064fa2108a6559607b105af57c2372953a9e,25.5
0x58090e5ccfee5cd7840dee892e40920e38abf77b,29.75
0x330ed21b00b48bf5dda6c6a35f6c60e6a7e08fe1,29.75
0x99b221efb68ee3351a546870997f0e0178e43bc3,335.75
0xa9b7f513deca109d2271dff29aedd08934d5a84f,208.25
0xb3cef382be71d8937b78cae68e09cb51c4dc2402,29.75
0x1e5eec59f2edcc5bdb46341320e5eb6d5a65a7de,29.75
0x6aa6a776bffb55adf6e05f205de8923b639da173,340
0x981ab78c5415a5daeeb8b0a76b91c45ab6fe4e1d,29.75
0xb989d5b95a4434b77388ea944427ec82adef319a,51
0x2dd4a1dddab689c7f07704196b737f496e6c9231,850
0xce9a4aafea9957c96921c2cd946c2ac48b25768a,29.75
0x5f369aaed88d779d965de3f1ad4712ab7147f0a2,204
0x584213211706148abc3bfa6c5ad6424c43411461,901
0x970b359b647b311e22733a0abca43a4299dc7c8c,1296.25
0xfd031860ffdbf775640df9f27c21233eb2ef2d20,29.75
0xa99c2ce3a75a9f87244ba35e6a0625f1cf99d6af,29.75
0x0ff578acbbd0105b7ad2f8877447ea77c62b0a86,29.75
0x64758dcb061d7a38a0447f950831c30b26fbc4ae,29.75
0xe947c80df2cae04fe8a84e92c24715d73fc3ff29,29.75
0xfeb1d3de1b71fcea55a5cc3b3e82237a881e6033,178.5
0x7eb469a51f2caeeed92029aefa9ac0549fc92611,29.75
0x6880215cf42e148783a6eaf93fdf24d617d6b16c,29.75
0x91f08a017297f775b7a25aaa1b6b1ac69fc7451b,29.75
0xfd7c2aada1d978bcaba464f1e9f952e8a6b8e71d,29.75
0x96399ed632ecdb105417f60dbc892e5af5c16819,29.75
0xfdd831e295a94d63bdf7dd912833bfae229dbe6d,187
0xe6494bac41e5ee1665874331fd2c82215c5b3a45,29.75
0x891185a2e42d3e8ff8992eb3420ee7716c68f6c5,663
0x83af96422af4e59febb032c5a1e4e72576b9c6c9,29.75
0x02d6d18c3129b2daf924774d01597beb73ad8b1d,29.75
0x791c08f2c176b0df9820dbdc9bae36436afb5d64,29.75
0x52e14e8dfc87e8875ce5e9a94019f497b82b3e01,484.5
0x6606299405b272872fd1e79c58e1180a6d929b59,51
0xf428ab54aa479f82bdb938fbcf43e019099b0912,29.75
0x9d7a25bcfcd7fd24fe8e69c2f6f103ab7a3e53d4,29.75
0x55f4963285e6d4611b262caa6bfb187be1db1691,29.75
0x59e73c1e04ef1a5bff96968cf98c02768f2a5f6c,29.75
0xf3e6f86beb14875ee52838d55a6a9c685f546ca4,178.5
0x9c8e57b23654b1903ac7253c9defc219db31f64f,514.25
0x8f5acc92c5b55cf48ea80bdce7255d7d08fa5035,59.5
0x91c573f38ac9d18cc03caf2fd3cd1d191b56b544,204
0x638f8e3a5301be6e6f8fb0d251f620411c0c243d,909.5
0x33a8a1fbf8b6ac65cfccca6ce2ef8a9ec82247f0,29.75
0x514e373522587814d9400d7179245256dc9f3b0d,667.25
0xcf9a115e4ba9d28f91db1c9ad1680dce17ab11b6,46.75
0x5492976ef8ad2f5f7cb27d9051e5d0408effab96,29.75
0x00a4d878d8e7c25a5b6a05ea565c6859513c75a6,29.75
0xcc5197a084145c293932ca37013f6089a5e8fbbb,29.75
0xa85d365cb5c1dd187f3b52ac2ee60a8b77b510da,1062.5
0x7df618c193bffd172b2194a0b66f1c726f069d1e,425
0x082590963070b4632bf6221e0c5f240774034d05,29.75
0xee12e6e0342f569d5da85d9efc6f8fab4f369257,29.75
0x9d1756e1c1ddf4a046b855b9e215f1cda1491c87,382.5
0x41face5273a9dec2823bdb0f928ce9c1be274050,21.25
0xb1e302b3a3b0de2173c1a1c2de19d2868b7c446d,106.25
0x4387ecd47b72dd5cd23035e35390173306058f04,879.75
0x8f02c19acb8a9f85a56aa19e9732fd0f6db2c68a,29.75
0x7b43eabba0bc867b1669040547b1f167b25c5c64,29.75
0xb979337ece9b2e80e5405f98872b973c98658d60,29.75
0xdb044df75a69dabcea3694804192f3e97b6a5bf4,29.75
0x30289922f50da9f70b63de75290967834c3cdd95,29.75
0x2bce3fcf36f648e09f80500cfa0095ffc8c76700,29.75
0xd2afdce3ae0654dcceef9758f8e3090556c5b2e0,29.75
0xa2d9d7e80642164976c73b792e1b07640fbe45df,29.75
0x6855594abb7bde857ac1c921550fb6262e9e02ea,29.75
0xdf7deabfb7bdbc5b71e42e3ebbdd7cf2b07c273d,879.75
0x1ff67ced24baecf9025f98206747736e2f69fd20,29.75
0xfd5593f6477c5ce0824ff8038790cdcdccd7945b,42.5
0xba35d5c41bd091df943bd7403acc5af7ca105f39,450.5
0xe36587a9a611a4d5726ed35038cbfcad37f0eef1,879.75
0x16c30df542fcc6ac9d898f3b04ca06f88874f4dd,229.5
0x2071a3350e7a9b0a1a49d01dfaa563903a262847,29.75
0x76aefa3fb1b4776df2da053563bbd241e06a7305,59.5
0xdb99ac9f7ebf0c96498e94a782dfbe089011ce24,29.75
0x25350120c181d24f995f007de7d2d15d87262d62,29.75
0xf6aca4094c521ed25b77eff1901a6f8dd195343a,484.5
0x0ba5303c0d0c21431e27a534b84bff226becbe5f,29.75
0xc42add8541a7111bb53d1d0c7f379a0d981c9a98,29.75
0xa952225e6cc9390275fdb7ef353dee7447ab35c4,187
0xb1876c5a4255b0d91a5bad25f4943e0a43d502ea,879.75
0xd10bde6de71f25d4488259d196fb0359e7a8d677,29.75
0x2d0dee7591f87a1d65873732b1f51828284b8c99,21.25
0x599b44f23e7f557c7c01d135e11121e0ec033ccb,29.75
0x37d723701f986f338f1c2e4a645d88f46e149085,29.75
0x9eb089492aab6bae7d21c042033c7830f5e29d06,29.75
0xd66d38de22cb047739a6e29fc8c6169a4d8085ab,29.75
0x6671219099ea6ccc75eb3f4f4200d46a97b09a19,1466.25
0x0c81d3e8e9d7e7338d5f5453d8b620664a8c89d6,255
0xee0b6b7047fd4aaf23e66cffd5261f3a7fb4ab29,106.25
0x77313d02f74bc4ee5fb5d1127d56cbfd071b2485,820.25
0x4b3426804e332b4dc26141a4c9618dafe639fea9,29.75
0xf7c2c7e5e14b381e810d87f87638432c3f1393ec,378.25
0x161d4a94d3f5eeebaa1c23aae100cdf88842b011,29.75
0xf5195f672950904fe6c33ca6051fd4794d35a88e,29.75
0x0921acc964c905f25447de7c1998f7532226658f,29.75
0xb9a9e9b13dd9864680693376e57956ccc71d48cb,29.75
0xd404afe09b2d2d05218aab32505c1814e46d1f7f,29.75
0x5ceb88da12682809c01cb6148849070843a437b8,29.75
0xfc3d78f73cc762d58c2015ba8429d12d89514e5b,29.75
0xd1ca39a2e40efd66764662f7131753fdd57733ab,29.75
0x022ed89d297587a56070d765b67d2a302eb36e9d,29.75
0xa3ee53e136f1ecf743cc1525b6422f98bbf0f067,29.75
0x3e9b185e8fa95c2297d4b6deeb0927206b6cc5f9,29.75
0x2b0d59607e3c48c815e26be70a6a756d0f871945,850
0xe8d63d152c4d6593c279da430db8ce13358765a6,29.75
0x6ab9679316430260cc717b551246dbda59c6c02d,29.75
0x821101f0704cedf3a32194fddd1a9c401495d59b,229.5
0x203e729873e8a11ad2d01a776b20fe24c8ae0773,850
0x6a3e3522365924de4c948ad64d12466579f28178,89.25
0x8b4c31f0f123725f89700ca5bf4c8fa00453514b,820.25
0xd79db47ae7380f9e1ed15542eb678e2c7c11979c,29.75
0x44695de12e2bcb56290ae205b62ed83768ec51a0,29.75
0x187f4db433475240a524a75cae57b4a6fc36dcc4,1402.5
0x18c23547c2c333f43ce32690cd3cafddce20f67e,29.75
0x7e54ee970b1d1a25874adce34ae44e4629c839ef,29.75
0x8d909a6f524de8f4fac12c7248c3796e11a85eb3,29.75
0x70ab2e796d61af8e22250473b5423275a07c9286,29.75
0x4ca696298bbbee919ad91cbac20e938c8c565a64,29.75
0x313f986d55b8db81b62735ab7b4a7a4d041f4dc1,357
0xdd2cca024c978611ffe2b54baca08e9e02686a3b,850
0x742a34ceefabed24dd43e8f1226769cc4185fff5,29.75
0xd32b3f6b78229eeab6b97d14d3e241e633270939,29.75
0xcd887b28503d808a8458099d5281bf92e728f48b,850
0xf7d31f6098297a9cdc4cd3008aca721d4a386901,1092.25
0x045ffabade3ca28b59274411a849208a6fee2415,29.75
0x181e9afeca29b532a9767e79e3fc4e50792b8fe2,29.75
0xeee37179db272d985cc8b92f42dff0b47037f542,29.75
0x63f7a91a899e3ae87cd0d5c4fe70d516ad6cb2c2,29.75
0x4aa93e0e7a06cf44ab11de655b5d1f46f461c77a,29.75
0x7d03b77e28f764ddf22b293530e532679f1e3a24,29.75
0xac667b8b6c86d38375afe142f590d95817debd16,29.75
0x37ec91d038aac6a5aef68562ac5ee0476f6853a4,29.75
0xc292f064e730152abd8ac1650e31e90e1f37d780,29.75
0x8bbedff2593c6c5ab84e9e273646a2985475f449,29.75
0xb68fd639e03c2c651a46f3337ab12f04aa71db49,29.75
0x36fecacd726cf96afca2736e8f588eb8ae7a3783,29.75
0x34f7c9ef99707e74c039c4e0d3f7bd66d56a0f74,29.75
0x9df0337eb0b4b8ab8948f9e9f68fc6c5fe889cfb,29.75
0xf3c02b2293d5ee1758a566799c11f604df1732d7,29.75
0xe3f31b0f58ca8082174ff9e7bcddd24e26221c65,29.75
0x7debfecbcb6854b805f74d09333ef14ecd7a80f3,29.75
0x2819277e75f506f13c912c10ed66f4826f0b2613,29.75
0x232de661f892d750b85dbcef4b022236957fdc50,29.75
0xd479108be1d96db67347986f035b949613d18012,29.75
0x1fbc47b0dd16956a8f44a0f76bbc07c8abeb2496,29.75
0xc35d0309dae20911d02d265f82e331931afc14fd,29.75
0x507dcfcd2d273b73f6236afed6a03afb8675a9d3,21.25
0xf2db745bb3a68cc7a951c6f4000dac2ad45f3241,29.75
0x37e5b2a91900d94931146491748f72ed014535fd,412.25
0x062cdf5bf15e995ddf87b855c8992f918ad12817,306
0xd0507c41f0edc2f10c1422333b7be2fd6e60569d,29.75
0x123450eaf85ac01100758d38f9617b7558ec5d8f,29.75
0x4b34353e179e755654e52240b66ce1ee013a5b2d,29.75
0x5e0070d997d2d8fb872ee8c97224d5cb587e9759,29.75
0x92d4bfc0779f6d0640afbab1e9927218618f2887,29.75
0x4bd540c9a7b081a19939924e573ddfd848b9e6ab,29.75
0x5b996eafae54a2f70e26fd9ee105210fc84fdc1f,535.5
0x7f6a08619956ce15041c1e5485dae09a14831021,29.75
0x09cf4f2c8407f2c479705aac735cf48f7bb5a59a,29.75
0x83916f4bf3130205e18139f6c1c87a3ec5b64dd9,29.75
0xbad02b53a98bc5cdc685fb289cbe5fe02048dc96,29.75
0x97b084a2a1c16d4e52141d452aa8678d4b765448,29.75
0x2c9e5bf94ab775970b0fb685179eeb8528167f77,29.75
0xcf3cc6c6e88370e188314644ebef32ada3a61f6f,29.75
0x8ea118fbb09e0e0c136220aebe7521536dcb1631,29.75
0xd449f7dbd364c4b74cfc950dde2f41dab6d7bdaf,29.75
0x5a7a0ff79bd1fa52670869f893bc1954b2b552ae,29.75
0xc6be90c40f1ab65507eebc74ea1b820eb3770d7f,29.75
0x8ff79b4360a3ca666c0a828575c62e1423950721,29.75
0x63226a0098d3c7ab42e5e9edb7e47b919947c8cf,29.75
0x4ccb9e90732f55b566c60810b3b7a9380696c07e,29.75
0x162582621fa8fab4a7300aaebfedfe53c28c861e,29.75
0xf8a5b7ca0a9a6cfc782ad7b1e7a508b130429a3f,29.75
0x0915547544ee1feef747125db8c833565531e03a,29.75
0x2063a2abc15c6f81ed1d7211af48f36cfc56eee0,29.75
0xa93d252c9b93ae36cfa2bcd20cf8c77aa02cd29d,29.75
0x98f27e2d35d3af0f52e178237c0ea438da10387a,29.75
0xe888a86d4e36367b5e8efffa19f48cdbf2e49dd7,29.75
0x26c7569a968cb30eb74a7fa582440be88773dfbe,29.75
0xd3ce3d03e70c93a975a683cbdb77d93642816cc0,29.75
0x051e29f6c703e9ddd7d38d194cbb95724ffefcb6,29.75
0x8d04d2f5745b0fa1d3efe8ec579a5978ec0c264a,29.75
0xf422bbac735756e7630e5b8b5fd9b6332ca592d5,29.75
0x86f1890697bab9c20997fa44505bcfec66ef9b4e,29.75
0x6e78c8d335df60ccb2e35393241ed85d6dc299b1,29.75
0xb74d22e37acad9bd04fa0415bb371d1070d885e0,29.75
0x5dce1b63ac429d90ca7cce348348252bc299b7d9,29.75
0xcb6a036c0ee6efeb0c1972986345850902f091bc,29.75
0xd10b01b2e8e1985001435036cd0b2f7a8b9ebc57,29.75
0x26d211bcf7873fe25b91acb83f396fba9492f8e8,29.75
0x2b871e0069b7c633939c45302075239bbb2261c7,29.75
0x0ae3e4227fc10ea0a19c4b2f82659ed89a7a08a0,29.75
0x631a98f6b920c1d68d1d39de304bdfa22910034d,29.75
0x27189e1ea7627860676b5a2852fcad9477db72ac,29.75
0xbee8259e574382274a485334447ad4eeeb1de35a,29.75
0x77aed7e02f642a29c60354190791708ce4df18e4,29.75
0x5d09baf19d940dc84661036d2bbdbf5fc527f9fb,29.75
0xc0ce74a522bd2a3a3a82e9488a4ffd4bee9d22f4,29.75
0x889a32b20e4416a13f104f3afb237d2e2528c6b9,850
0x33628a8402b2ad8ea8961db700370f7d52e5ef1e,51
0x8f41d0fad92377f84e1f49c3f2cbd1fed96b3497,25.5
0x943ed1afe7889eeb3173ade82a71e6bacdf64cc6,850
0x2f0d5918af0d12631df3fd45270ac3153c48f38b,425
0xcc323e9072f0da3a031a9fb3e2ed3841bc517096,850
0xcdae6e5d38605a4f428f2ed7c811a579d213bb97,357
0x161b6714434451ee626d18ffc3745a50252ef112,29.75
0xc940510bca2d3766eb6af56b54d4a3948a3d692b,964.75
0xd303b562149f6f00686ca77cc97924c5dac2c366,21.25
0x0d10dc593c53ea0bd488bc625bd1e29d5882ef5c,29.75
0x8c6138356d2739354965500189acc17a7e0585dc,29.75
0x03e67cfaf0c107844a02fa4233052afad4bd9272,1559.75
0x2ad923de23d9ce58e53d53b180a69f117d6e9aa3,29.75
0x66f195d664327dc3aa20174cd03b3eff78e2aa25,212.5
0x837009d3aa0ff02bf971fe4eb9fc499c286d3927,960.5
0x5de42bad8dbc8873a4f1fb17ddf1f503c1804036,1092.25
0xa3a7bdded94ed5fa2f5fedce8e9667b2796536af,892.5
0xb76f6a447693347453a5f2c45f0b30b15fa343b7,29.75
0x1d8eafe1e7a30776b5a5b7baceea3fe9286227fe,106.25
0x726356cf0ed11183a093d5c454deb6f9543831f7,1092.25
0x4ecb2ad57322ae37160ef62cf0d57294d8437a8a,29.75
0xaa40e02c227947d33dd7e411de2a1db3b96e5851,1330.25
0x762300ad5f5749cc2e835932fc6364a41c3e0242,25.5
0xea9adb709a32d02e924988748d566675a0bea868,51
0xea7c1aadce0fc411562dd219f1d12ee062cb376b,437.75
0xccde74bc42f2b6389177837567c1fb5c2c2257f7,29.75
0xef1c6d6ae70e48030b0a0b0d97346105e94d41f7,208.25
0xbc99a6d7d1a0756f85e343092f6df70344400fd9,29.75
0x544b0181e16bf55ef971ce9ffe1d78ecc536aab3,357
0x4c99f7b818a8a8ef54c07c5b29fcd6e07f355f5b,29.75
0x19b4854672581fbf7606ff1317b4006847041479,612
0x04dc948863fe21b097b8752b115a1318a2a1952c,454.75
0x868549d585b8c220bc9ba2f8a142f3052e268bb4,89.25
0x019ccc74b07b5f264206dde9688e350379b67de3,29.75
0xd67bea641952c1e920c122108bde1d36e1c9d388,29.75
0x4429f8362093602ad2c3697e901a9f0eeb1cf036,29.75
0x9b80f360ecd1f2871d792ad0dd0d8ca7a972b222,102
0x8baf1bb6d6e52b6e81a9d780c2f36fe507dbf6a2,1092.25
0xc70a48171ce0b0f613621a4143c30b67c3e2e9d8,879.75
0xb28f2d789e9dae9fccff7e810a846f4b42a29c12,1432.25
0xcaa53fa3c33da82bad0ddd0ac56b040700cbcbbe,1326
0x167589bf67752ccb079151fac71504d8bf8ac196,29.75
0xefed25cc0c720bf88fdfb9413dbe7849739f43ee,21.25
0x7a94b8691593a4b58dcd92ecb469c82ca83901dd,29.75
0x41e88d36d5153f3bfab14d8c4863044aac910a91,29.75
0x3bbb16542c4ae098ffb49c43eedfd77c5b9c4261,879.75
0xdb0d563e4ff2dde0e1c31185a201bdebce2230fa,331.5
0xeda01024dc5ddf967719124a37194a1474247feb,850
0xd8c84eac995150662cc052e6ac76ec184fcf1122,29.75
0x6aee0b264dad6847a9e6afb3ddd2f1a7bd2bd45c,29.75
0x4ff7ff6bd423c3dfd07bdd7dce2b6aac09fe0d2c,208.25
0x39cdaec2ac326af5795a4a60ac38a11b9de5a301,879.75
0xb37920a7b1f23b39d97c64123d6501115df0576f,29.75
0x37834333483c803fd8e91725cd589860dd264997,29.75
0x76296e9d2c782adfa7a8a570b161f3428066159c,29.75
0xbbfc74f1f4acf3b67675ccb6e48bcdcdd355d43b,212.5
0xc95dd22eb99f812eafab969d9b4b59ddda3f1994,850
0x476a1e0bfa04fcbf83f84511efd7dcf3eb5311a1,1194.25
0x8f7ac1e6b436db9046b4141e81ff1d31f59eb16f,382.5
0xe90ca49f51af7cb8b82374453527a69ceecf6ae7,29.75
0xa544dc85c67964bb6ce10cc281fc3228f9fa4eda,29.75
0xfac4292be5248e66152e9fba79c841feb4bde97c,25.5
0x471f97a4729bba55393487e8e8ad71a3b640483e,1062.5
0x768ac7abb653ac0e919129845dfb0d77e869c826,29.75
0x89202f7415e053db1a816b1bcbfba35a3b7bbbc4,297.5
0xf0193ae492d6138db94ae4872ed13f65ead94e5b,25.5
0x37cf41a0a641d47d9cc4c45f3b1818903d3510e5,29.75
0x404935e6b798f82ef4e4c0c7d435a5e75c4618d6,1092.25
0x25c71739ae69ce53cdb4fc4839c1d1239ea712bf,29.75
0xd8d478afd1069b2f646c94baeb6fcbdd9d3fa750,29.75
0x2234e52a37704e77021bf90ea3c53e165cb985da,850
0x0bba0acdbdd907458e942f9dc31e62889116e9f2,29.75
0xc96f70172d16326395525e154c7c868f98e00e5c,55.25
0x25105f9f1c9f8e5f00db4b76ddf9d8ff976603ba,29.75
0x961dcaff6ece747f4e5c7457cba4a444835556b8,29.75
0x3f73561dbed168d1760920e6191fa2aa2b563269,875.5
0xfbfb4d1c19342aaebf97ab874d639030e919ff64,29.75
0x22c6887778fb3c8a5d7693f0bc781fef7f442251,59.5
0x87379c15810e77502e436ab8f06794cc662d39a5,879.75
0xc88bc59f63e25b16c598bdfc31dfa4c61484722d,29.75
0xe643905624879b401672802036043ce2c954268a,1304.75
0xd371c5b95a9b731aba614fed4a93edcee60df3ff,646
0xd576b29870a145dde8b2b39a4531626b8d76f42f,1304.75
0x22f20953fa3ed04ec7bbb9c467c24c7932cd6916,25.5
0x87ae9047f7879a229a929ad5ee026a5aada15b3d,51
0xf3d861bd80c3b56af43702224515404cb8908d17,255
0xfae0166310b0a5322c9913ec606123d7f6d00ebc,29.75
0x0b21d7787cb6dd0f87f2fa651ce48542e245a3e1,29.75
0x91fd63388c32584942c8b5ddf778af376e733aa9,29.75
0xb7957e9dc54df66ce90cb71241f743374266beba,29.75
0xf6ca90b319e62e79b54729f0711c0304569cf62e,29.75
0xf01e00a5396139e695988b4aae022b4c89fe35bf,29.75
0x6947d4247720b7805d34df682d59d860f5a76669,29.75
0xcdaa69ddd94015e0a9f34a185d87e51626cd0a48,29.75
0x5dbc97f1696f3d21cbb6980854a4650d8836a7b2,29.75
0xbf834a36734ba6bd3a21245922f8f1a210a068af,29.75
0xb24161b5b18724838c982f1a944f2f9b09e0c9db,29.75
0x95d7e296bcd1ed656f4be7729cc3b7f0f9e12d1e,29.75
0x89eabdfcaaf2824666383b69d850b8a0ee505e5f,29.75
0xf5eee33c085507b3eecd62b819573bdc73a8b569,29.75
0x539aaa449501ec75e72894386ca001f9dac2b021,29.75
0x121c083c734e8619f43aed1cdf5bd44f7e3008fe,29.75
0xfccee270b27d36b9504cab9ed098969e4cbbd437,29.75
0xdbbf371ebc60ad2449e739d872cf6a242142c6aa,29.75
0x17bf34a8ec5d087480de409986b95277b3f1ebe7,148.75
0x3ba6f6e1561eb6b2d7a833b82cc4d0c4065d71c7,208.25
0x57e8b4cbfbaab5991c0d56cbe8870d77a2c24645,89.25
0x621380a592ea1c84b30bc4d218620ac97c250ed4,153
0xbe761779a9063be8f9856424cd12d58bb8e25e06,29.75
0xb75460d8962d07754dcd6b3bbe2887135b288f35,29.75
0xfc016ecf7f95aaf6e2e62236002b561527da1192,178.5
0xec59eb9da1269a759521fb1718aa1c0b4e55a592,544
0xb6e36d360e6085106bee1c8c8e7b133937c46f66,127.5
0xe2c7fe9d472ce85b97e638e1e1a81972508c3263,29.75
0x7f4ffca375ad8c913734d1429ca2ea904f80fc71,51
0x53c4be51acd98078245f087a1ef0805eca8e4c25,29.75
0x00531eec53d0971902182091ab4802825645dc7b,29.75
0x74d6e9da87d413d579ea61578615e5387f08a572,1517.25
0x41935ce9abe2d3be0ce27895efbcae05657c6474,29.75
0x2c86b511ab22f9724aa1f71c413758983ca939a4,51
0x18fb3e1f1a96eb29fd1abf9a387ab2c791491d76,29.75
0x63730e5b468770ba36b85f84cb7ee1e3170666c9,29.75
0x3edade235cabbd3f2fbe9b823ef7093659790ae5,29.75
0x4ea7621d5ee0550b51f128502368aa9bf3e5a33a,425
0x63a8ae9f3011d14d2f074f274809bdcfb3889b14,55.25
0x73ddb14abf93ec0fa0e9d55df0f14ed4a7228dbf,5767.25
0x83d99f07d266b4c756e7d96d0a4d2ac41c7c5aae,850
0xff4e8b1428489cc0c5bbcd12206ca0efda9a6862,29.75
0xbb23986b8a507f3e01710f3e7b821d3f21f0ab0c,433.5
0x8d64fa48cd15e50533f211878714884ccc2c2a89,29.75
0x68657d5950017f81c46ba9fc0f2669249d4b3229,29.75
0xe86d1d77f1d579fc4654c51f32c32ca74917266c,21.25
0x8183e3ce53d0fbefb163185fd21231609d7b464a,89.25
0xd79df9dfdaafb194d4a9f1536af5a7a3b37ed8f8,769.25
0x9f5cfdb271da1100df86caa10243f3120ba4c6d9,833
0xa738245f101a3858c868c37bb9207d02dca96348,29.75
0xb687e75958b907f968f0674b1d10a5d2ed946a86,55.25
0xc1532b2b6067ec4f8a9008ebbdbaea4048f2f18c,850
0x63876585a9f36b1d30551ae457463cdcb4c05af9,850
0x8b5da3e29e968b743a8fb00914c5053bdf750e6e,29.75
0x76d30cc09af2b61695acd745b364e1c880032344,29.75
0xd82f9c138b4b10309a5117324d78a75874e0f80d,892.5
0x1c023d932393a3b64d911d20d4249b2a822e3213,29.75
0xc6e3879bccf181d0c3dc4d925eda6afaf2b1f53a,221
0x046b05add1c74beb392718ce7b6607205568e911,80.75
0x5cb41e543247edd43fdea135aea6b3a2f17e0502,59.5
0x594f5cdc1b40cf0373253ffb21d21af3baccad2d,29.75
0xb9b4828b9ca8fc8e5a830ca5928082a95f1cbfdc,29.75
0xb3428c5fc2b40674f5be24dd2fe72b5d5b7996c1,29.75
0xa42eeb2f9829d01ce764aaaa3d16be5b0cba26d2,29.75
0x6da832a56df09726ac5e98541109ce6c9c31d4bd,127.5
0x498d2675186c036a8312981f03002dbefaee2903,29.75
0x251a8b1f47d8d927c9ae56647475b51c23954546,29.75
0xc31ab973e92778fb22daf58a06afe4498a25e69e,29.75
0x8e37674a6c242f26a355977fa199d34eef8299a7,29.75
0x511f69584212fd073b315c21731af84cbe9ea7d8,29.75
0x630e978089f69dbe2cd6f429efadefafe72056ca,29.75
0xf33ffbe6ee7e88a351ddd24b817c89dad792af40,29.75
0x8b4393fcb44df2bb7d83ba04cd1a19582a496b72,29.75
0x8460b752d49de926c8c623b4a836eb7bd402930c,59.5
0xd038c7d97f4be623f5c035b4cc1f950567b2931e,55.25
0x446711f07a8d093a265d4ad00f5fb3dd34c674d6,29.75
0x77585bd467cea7b76a6b5c2aa0ea44f328342134,599.25
0xb0775e0dcee3afccff79d37d874f244433583496,29.75
0x39bea99f21d6404a7bf89e19b346e70e5ce2fc77,29.75
0xa0284da4cd708c94e8123ed17cca0ca2a5ce2fd4,29.75
0x30f5d173bcecc50099556ebb58af9c10bcb1134e,29.75
0x1db01626210c100f460e372b2f9bbf303dbbe5b5,29.75
0x7c843cb4f3800348c2c6e39509895d24c4831254,21.25
0x46f5d1bcf2b0461510f38b4aea840856142121f3,29.75
0x0478b2c097bc17dc5090e6bbb9284bf07c3c6b3d,29.75
0x0a747ca1a926069bae1bf2a06c21e4ef1227cd75,29.75
0xaf5526da40b7d851ffcafb3e2a4e3fed6d589364,29.75
0xa3bb416490cb7dff451a68a84778d4b985a5c1a9,29.75
0x2a57d95de60002b5e3c5edcd2cc3098678e7e9d9,29.75
0xfc16676326f71391e0c9f62443744516432fbac1,29.75
0x85333e06f2db109c273f27c31c89c85004070287,29.75
0x40e320e5f3dbaee4b65f01e286647043b9a3d00c,29.75
0x3246f308ce9cb4715ff9e65f6d1b430e4006df92,29.75
0xd6259c6683a6f2933a812409af1ef28f8a000e98,29.75
0x558bed06ee6a5a0a0fc3b23257868a585c757bed,29.75
0xb6be20975297545c8baaf30a77ffe4cfdafabb96,29.75
0x977963f9cefb6d0b9b90f54c8dcc2c105eda410b,29.75
0x394b27e67523d46b2531de0ee117b023c82ef3b9,29.75
0x8e4685e42e7ba7f00d00a8bacdac443e741fe4de,29.75
0x57908df3a3bb0520299628c60c68b11cf24c4ba3,29.75
0x424256225ab6d3a1121744bca48a2e6159b5bc02,29.75
0xdea552eac4aa8a40a8d8d36a39a6143a5e467e98,29.75
0xcd5e1f1c9f81e4568a6b28d6b44e598f939ae1ba,29.75
0xeab0c862e37becc5c8741dea3f218211cee8f2da,106.25
0x22b1d74e9c9bd19dcd3f2272a1d73208a3fac53b,29.75
0x98f24e15136b6c2d78b6d28950a062f7f7e9f164,29.75
0xcbd8c327afa10a769a8e31e4a352d58ad36af185,59.5
0x99edbe6b997d6ddf9200a8bca87610384c133366,29.75
0xf39b07fa34046a0fd31263d426970ac1bb77531a,29.75
0x0c069cb27c4adceabeb9c72eaa25e834051fb97c,29.75
0x7b38eb92940ff5fdf3ce3c2b5ca52f751077fd16,29.75
0x9d7e768c6b72c35682270732420ef45333a564cc,102
0x7800093fbd443b64c70422c627c6c54a8be6b6af,29.75
0x47af79bf909518c918498b8eb150a26f4e8c40b4,29.75
0xba89fc27b72343050c6b7a4f3f02ebb89048f696,29.75
0xe2321ac0ab75a2b3a00e8b7da1be4a5fe2ba4475,29.75
0xa577d567f7dcd7fd0d5445ce5c60881eb3de4a04,29.75
0x7b40851c76b37124756fa0fd1f0ba41850201434,29.75
0xba0364df6a256e7581cf0d0ddb8becfd2afdc462,29.75
0xdf1065ac31234eebf8743963a757ada7dc6fd341,29.75
0x80be7ebfa65c0d102feed05c2399339006d18ce4,29.75
0x731843c4ae75187583bd0bdbd1b68d85e62f2e23,29.75
0x84f73d638870c7cb59735e831f3f7517290c5176,29.75
0x618de0cc70edb3b441fff9b6da4172eab39c66a2,29.75
0xecac020c2efc51cfd714d6acfea0257d93f7c974,29.75
0x379462efdcf0de154925fe8b90cf9dea17ec96fd,29.75
0x5d296fe80a11b95d316888cda9d11903fe554730,29.75
0x78e5147caf1c686b442bee9e88d0ec22f81c1c13,29.75
0x458ffca5371f9ff96a4b6e88c312f80ad45d7693,29.75
0x0ec1791c85caa2a28d7e2adb64f03a7af32b5d98,29.75
0x64dcf6c5e97fe11be290e02104a95cd5dc662d72,29.75
0x01a79b62ff5b002f240b065523b2573aa34e4ef5,29.75
0x0cf1bcfe4bc51cf630ff94950ee2f2c6f9ad01ec,29.75
0xb5b59723d55f698f6da29d9dc234447655d47069,29.75
0x62f1b1027846c8c247b5ae6d0c89f19aa1e1646f,29.75
0x8e951550809790826acb69d1229b5d10f2c4db29,29.75
0xc7069f6fb71d345680b4fd305c37bbe4dcd88deb,1062.5
0xca4ba692c3538189baaa67db36c2315aab1fc2e0,29.75
0xd8cfed83a12518cb83f8055ac03a06493dd12334,29.75
0x60d0d0566b66317fed7029f46ef8b2ba24a71197,29.75
0x10dfbd9fc87652429a668b5d92cf387b9957b895,29.75
0x42d8c45c450beb8d7015641feaa31cf0bdec4efd,29.75
0x81f19757c5a0f6f37e39b2219de8bc4b47811a0a,29.75
0x8226ee90df3aea1469fa775873bd9a95d1ee18f7,29.75
0x1da45c65ecb6f189da1b6dec35cfc166f4a28222,29.75
0xce126b4a88cdbf9738733dce7dea6bd1ce524da2,29.75
0x8115a22fcac0067437a6d33f4938cf2065de239e,29.75
0x4316e61a0492315546dcb3e827f1674866776a1e,29.75
0x2fb008613351f6117f030fabbd3b89936d9919d7,29.75
0x17e071372ba2c7ec0d21030e27db41e9ab74b2eb,29.75
0xa84dc83253b0adbb5ddab00122b7332b8f1e56ca,29.75
0x2504a9aeef904c8159fd4d76b0c30b7d2111254a,29.75
0xccda1ce40c6a0838c9a2e1829f5d9c3b7917351c,29.75
0x4297029b25366bdeb445a657ed0456afab3c7630,29.75
0x7d91fac0f6a3c1105e228734eb74b1e59b001211,29.75
0xad1d65120d6f73b75639b3d96b631d4c89423cb7,29.75
0x07292b1beda2cfd0e37c5ab9c4cd3e8f7683ae94,29.75
0x8c395de51c516d4d5da61338c49ab396a0aea3b2,29.75
0x62d384f73df285647c00d0ca9c6779258d7e1b9a,29.75
0x170797d5c1a813b01e4667d35630b1e70ff48bd8,29.75
0xee031ca0de6a7509879a094ecbcc480ad095cf55,29.75
0xf9889aab5e8d8883989aced6e2fe51b3984cdacb,29.75
0x2bf220f89397fe96c2e31a2e7fe4867ac6b6ce00,29.75
0x738cbce6610fdef73521200e5736f3b84e631e15,29.75
0x77029fb5006f8098088fd11295e6dc5f0c320893,29.75
0xa318d9bd3e75c21aaccf9086c10e03efbcf41b9c,29.75
0x41b87b6f98ae5cd85864845be011a87f48b9c9f9,29.75
0x87c0e3f05538f0c8450398f61153937f1b229aaf,29.75
0x8efbe619309affa1bc04d506f55c5307c5ff7758,29.75
0x2f67ba5b07157319a50f3d4d94c99f763c2e11ab,29.75
0x5eea5d4a4c5aadc0bae151a46fa1e6fd6461fdc7,29.75
0xbe410a87fe5a477b6df1512769ffc07b1c2fa72c,93.5
0x79082ceb9c9c9caf32f9b909e36c87ed392ba940,29.75
0xf85a1de491d5d29cb3d4a19d4aae6f925cfbc963,29.75
0x37018e37e441c80ed86df3329979d55b6c8260ab,238
0xbca7e5f2807f84f6faaeda44b5b58a026a533dee,1058.25
0x61f70c0ed01683d939bf6d013592c71fd3454c8b,29.75
0x78f5bbb6895b5c4b7d2e6392aa6f1fb591643405,29.75
0x37c2e1a9486519346ea1dea5318c5e019cbbaed3,127.5
0x42af2ab7734f52de7d6f3eb27ca8e6b68fe8dfeb,29.75
0xaa494031171d4e661a904ad5726e9eecf05db967,29.75
0xe35b844484402022fcbf069a39b502dece2c440a,29.75
0x1d79c4ed21dcb0444e997a31b7220b852cd88237,29.75
0xb692cbaea9fb03326f4647e9598683c1d86d3c12,29.75
0x41e4645371005e71575419df56ad7185f3751033,29.75
0x98256132a520c136ab765a5098e0188256c883ab,29.75
0xc545ea557004ae4f99c5dca9fa604064fa629baa,29.75
0x2ab1da152858cdba4b6f89815d40c34112538807,29.75
0x623d57caa944b23102fef48679327b0e6c0dc2f7,29.75
0xcc9363dc0182e735fd2a3382f9923ee5202e39c7,29.75
0x2b4722799cb2319cb3598d4074120a9220a799f6,29.75
0x1d99555c6078c84578f6d573de894d9fa492bdc1,29.75
0x320904f6fdf774a793630fc484f4de7a398d042e,29.75
0x6a1c7fa421bdda48e1d79b4f6895105b43cfd679,29.75
0xd4b482716962748ec192dcb84a22d39c8d3fdca6,29.75
0x906328adaa48f425ad3cf1ad1fb9b2e18618682a,29.75
0xe229cbd2c4ec8f1911fe5d06cdfe9bbf07991a9a,153
0xd3e86478bf653c77f83737d831d1003ed447958c,1092.25
0xcf7be6fd41f1e6cbd1ecd39c1f2ea442320e4ef3,191.25
0xb7f5eadc89fef1dca308d4853e48bdd6880ad368,29.75
0x66d97833b5125f6886f29b0fcb65a1854819d729,102
0xde6e4e2982ac610e9af5426cd82a8d8f3939fee0,29.75
0x475bb623442d19d6b1cb62faad773cf326a23914,850
0xcb80d125ed54f78c745014b8d2979eb3bd8606da,386.75
0xab9022cd1a88edb693c1e6b7acde036e89b07d67,25.5
0xd9fda530ae9188e75586acd7a6eaf5cde82780de,157.25
0x3b14316fd4da78f6b40ea245480bfec8449f2c61,29.75
0x4c651cf65f76cab07e55ecf85916299e2e5fcfbd,29.75
0x179decce9733241bbb08186e2a082d79427c21f6,29.75
0x79b9e09f6dc7046fe145f19011720e8d7bc6cf7f,29.75
0x667c91b11dd3bde09a9bcce4b47ec7d5575fc61a,29.75
0x488b17a54edaab89488fab32c5de1dedb4c6f861,212.5
0x52eb88cab6eb668e38fe520aa60d716a31e6ea30,29.75
0x39190b7fbdce6ba6657dff589a55abf8ca41120d,29.75
0x19dddc0457e7282896fd72cdb84d9422b33636b9,29.75
0x0f5e858ee9e30b0a1e1a105523d06a065074ec1c,29.75
0xd0d5d98857192b3931c831b7b809d47cd830da32,879.75
0x2c9aa75080f97bc94728184ed1f331e41259efcc,29.75
0xca282670ea0cd596c6788fe124e73021f605dd99,29.75
0x72032019bd540009eeb082ba3870ecafe443874a,1032.75
0xa325ac2d571e4b490bacf13264c285ed6da61a85,480.25
0x7168ff48bd96479bceff667d865c2fa2ee6aaf02,21.25
0x798e46206358a351a655f13c67685b145655436f,850
0x8d82c86f1ab33840335f0faf65d13e6d4418c144,29.75
0x15576a67e9619def9003ff76899f8c895b213c81,29.75
0xba5e46514edbff5251390805c519e8fa3d7d246e,29.75
0x2b7a49f82ba8db06d1a7164a1307d6e9c5467104,29.75
0x1f78c3f0f3c8ea93fe489cdfc26efe7c89b14bd0,29.75
0xa7af51234de997f9e4a422010b9ae9c361b2144f,221
0x6bfa4605351da957bc8d205909c5fdf4e92fbc20,29.75
0x16c4192a674e5bd35d49a17b3f68d49eeabb316e,29.75
0x80a4ae426f2ccd244cfe06218d826d3385618e34,29.75
0x166ae0c1c0d2930f4d5f679ed8db65d6d97b5beb,29.75
0xad994e72cf0f9bd6fe31231f474214cf6227c50f,29.75
0xf3cf4235c98b5486afe0b37db549b5a2880d031f,29.75
0x49d69f4e1fa97fc38265e9c97a318188956bfb7b,29.75
0xeb29c68c9577a04dea329d86e1e99e68146e9948,29.75
0xce127c0048335a8f1199e99dc86b8afa9f892fce,29.75
0x277c8a115aec072793ce4c66da465a6a6d37e7ec,29.75
0xdf47c64232c16ef4cc4b43987b84437839d2a51f,280.5
0x52f300747afe206ad2fc35863849c4a0594635b6,1117.75
0xfeda6809bd7d30e3b155af2f67369a93917d59ed,29.75
0xa970fe7163a53e37f62a36d50b5b22eeaa849c2a,29.75
0x7c9cdd872101465cc8e401c629a03955f54baa76,1389.75
0x321fd420f3517c37c715d0840c7751760af0b60a,29.75
0x9db57fbf4eb1d7303b34098e61e098c265084189,879.75
0x54bfb6dc1ad15679fc031678f15d285da5bd96a9,29.75
0x492c4e915113e7e95a5eec6d59db18985d41ce0a,348.5
0xcf160a259f83758c92c710234c1687f44fc4be96,242.25
0x7e04aa8a87b233f86131cbf40ac6c8227c045daa,425
0xce7c57b43d4df795eda9e51cd9cac862a6cfd01a,182.75
0x752dba2257f386a54f56eafa4ff848545c93d17e,29.75
0xa1ed42f6ddb8b4e6eb91404affdcbdf5f3fd8901,29.75
0xdc5ca6059a11ecf6e5759485848daf94f15c05be,408
0x660efb8d64fffed7be81d2c556633852bccd6485,123.25
0xae8d550f66ffdfabf656a38ae575d8e98b83d2d6,29.75
0x462f5ea4f1c6b83c40ed3e923a7ef0f902ecca63,51
0x70e701b7e7f107fc44c6903cd655a9f64a60cdf7,21.25
0x61ab963e9a6db955cf203e3e3460034fb94fd81e,29.75
0x58fa362687270648fbad1cfbc87f1ce5aa02cab2,29.75
0x3854876c4d2d9a2e695994754a4eb81f94524fc7,357
0xb89bfe33458c2b739e4e7eee87d29db3199cc33d,850
0xf196c894a94c4c2c563dea85a19c95a504f5aeb7,59.5
0x14b51dbaeb36bab0465fb45cfca569eb41802735,297.5
0xb888f5018583b8d6f8314064ac542c00d399053f,51
0xaf735ea6d8977b31e6a9b1eecf12ff2888215839,29.75
0xf20ede641ec19c80a725cee348b33096c42c6278,29.75
0x724f852edc247de2e4def8b8ef4581e84e14c141,29.75
0xe43eb7a6fe0c235159009475c8f0f0c634727ebc,208.25
0xc5c799c6f5467a16cf45e5d22d5e053e9a0f7cb2,29.75
0x6fcee7bc11f7826f88335cd3e1aa396f7c859659,382.5
0x3bda21e482919105becf6e186b0a08a3b290bf9f,29.75
0x6e4f337ccfd1e77c1ac9ab03dea113b43cf0cfba,586.5
0xd1a2a7a8f3027c75b9bcd4d2381e2b4f188364ce,29.75
0x845b4b32a3572dea79ab456150ab268e1145790f,29.75
0xbe7ceb8d08cf5f10dfccaaee46ec831eb41e54e4,1122
0xcd38dfa782c2313ce029be652e905934745ee8e6,29.75
0x098bc45a8391504e990e65b0e67bd1e84859eeb3,51
0xc7d99cad4a6c150084cfdedc7f569045165db3f2,29.75
0x08fa1a35f9accd395229afaa941122422a8edc89,29.75
0x68196f47b02a19566e96f71b806d114a7be8fdfe,29.75
0xb9845a57721da8497dda9208cff3fdcedb9ccd74,29.75
0xc0390778c5628e30d360b2533931d7621f689fed,29.75
0x41ec354dbc75f56f130006c604c64ff0e7d8a736,29.75
0xb35b531649c5cdb52db1ed3f0eebfa3b37c76708,29.75
0x6ebf980b16b29b4aafb8edc078d07759b9611ea3,29.75
0xb79fe3fd0fe7bd7de93bce93c6a3135a3571ee72,586.5
0x414024e77b5c105fe5a90b40eef5bc9908614fd3,29.75
0xb5f0851f68b1ab9ec8701cc86a7b9e2f2461ac48,29.75
0x2302e9bfe39b538bcbe42651b8f1077b23a07867,29.75
0xd0ff20bcb48598eb2152d72368bd879ed2c605de,1819
0x9952350cceb40a9729e51c20554667c53413d353,879.75
0xb34159c502267a9ce31ab180aec68ce38a53f4c7,29.75
0xd05a6f450668f635db0b92a81aaeb4a4408ede1a,59.5
0x9cb464b62451a16eab1fe3940fc508848749b29a,51
0xb84b3850eabf40264c45ff1a5b5ee3bd64f9983b,76.5
0x70e65c8130b26059e74dc72d5db243935099b387,484.5
0x2c3f38f18ef634f7a8e6478259189a543373352a,29.75
0xb0022414b624e1964087a653239c4815c5468394,29.75
0x075ae6e6737b1377969f92d086ddf9409695deda,29.75
0xf85322e6b756b10262da70e50e2801c8c4234a87,29.75
0xceaab438bc7d072385492dcb58941ee0205b3ec9,29.75
0x17a04d6929a273a5f5a4f0f570f408c0caa55627,29.75
0x79fa37bd0f052da8988a74e3de73e721bbc376a2,29.75
0xfac31af119aac8fc29681dc0b98b78834ac9874d,29.75
0x419e92192dbd4dde88db125966f12cfcccd28c64,29.75
0x8c933389b4179632b1f595e18940fb7e42b24a4d,29.75
0x37e4dad3b656005ce3ad5f967e6249f24014cdc0,29.75
0xc18fec4ce9492841971ddc05a63def134dcf0bf7,29.75
0x3c88c4cc9cc65f635ffb16c90100f8198f22ce1a,29.75
0x9e11a05db138f994357f1b62742cec370cd868ae,29.75
0xb5330bdf7947ddc577554391cf97d830191543c7,29.75
0x764a74bded6d2972bb3cf288a3794c349bf7c95c,29.75
0x53e65e3d444d6de56ccabf2597704cde1436ad93,29.75
0x8c258e5d121eeede793ce864fdbadb183938b085,29.75
0x95b28089404e32faf3f1d3da0b8fcb8d3033dbee,29.75
0x040c0aa9ca59003faf403e1becb8bebb368f96d9,29.75
0xad4176bf5f6d41f82489d4584cab2e60f918381c,29.75
0x39fef2e7712d1e8078a6908e65f13679d21b2c90,29.75
0xe4976f974e4b67163f77846abe3b595348a76d2a,29.75
0xe77efdce976106c8faad12d9d2758049df48e03a,29.75
0x5f5413c9273d618f3665f9fb7c019d39167da6a0,29.75
0x4cae8b0a20151673924d9516f0cd8fac44c05138,29.75
0x9a2b360fbc248ce2a3706511052bcc049338164c,29.75
0xd0df42335f721cdc2277661d9d283f2d3561eeae,29.75
0xf35d09df192fff56a44918f4e1b4033fae8acb8e,29.75
0xa8df341290100428674ac710caa6e7f6cd6d71b6,29.75
0x58a2e5643af70f321066130331ab8cd3ce8084f5,29.75
0x555786245520cae224e03ab66fecd365f0cda58a,29.75
0x159e7556eba242cf6caf85a59ce7557001b04633,29.75
0x9c0e36496be3293fba88c13359536a4109f6b1f1,29.75
0x852a2595b5fa1f0f0f1764c6315546791d88dc7b,29.75
0x1438db2ecbc07d56374a9fa13e83ce6bb88ce971,29.75
0xaf346a675b2c11e77d1d5f7f22deffcf06633d13,29.75
0xf5d3a1710b469c692edbe07397aa0686ae5d6b29,29.75
0xca2c9cc38dadac2553f5a4a722b5be741b199b7a,29.75
0x92a08ae6929eb0e33e2c54e8b51ec4d83ab38f0c,29.75
0xf48c100244d7b9aff9653f01598026622959b1bd,29.75
0xe02e85db106f29077eb4143bdfe01d3af11e1ec4,29.75
0x0e7def33f84469fbdf688a8d1074a5e01d2fb864,29.75
0x0b28b4ca0cf851464fc5d15c3ed3ef9917343400,29.75
0x07d99b148adab7d96551c3ebf0fb8e23d0767864,29.75
0xc0e16f00c7d298443df2d484e60f08e64b8f53a5,29.75
0xf32e37fad89b80867db94bca3ef84820c8778198,29.75
0x3dc7e431810f91246b57cdce1d6c3eb8b7f7b62a,29.75
0xe124184e48d6bd6775b9f3994a0623b88be2af04,29.75
0xf9208c546822e30dd59272388d1c0dd9999d074d,29.75
0x24c0a355fae283805754b4bfbb3eec9d00767b22,29.75
0x8d77bdf82aecef2ee63dfbc62f3302499d784636,29.75
0xe3e8a98b860252eb405448deb4ede425bd5da770,29.75
0x1e8295edff230e4b018ddbf62657302f77b2931b,29.75
0x32ea4bc4433680b1a4b7ae593ad9b4732793dc8f,29.75
0x0fe5a9f0b34cf705e0ea06707a55208e83cd696d,29.75
0x89edfb4c7f9ccfb133db5ff8b32c0a543410976e,29.75
0xc9746a96e5cc2551984154e691e9aa0b6165cea3,29.75
0x8987bbe0ca7f8cf1f2dab0643444c0bcf0c7e41a,29.75
0x9f507a2531035f29b0d675422430d834ff844ebc,29.75
0xc38e8c65524cdb69e3f33702160233daf1d0643e,29.75
0x8a3177d55b1841663074f1d7ac4335f23b014f73,29.75
0xf5a77878c0dc302f95fe94aa8ed336c23d8423ec,29.75
0x887e68626729d3064aeb55c0b5586ea91f5722ee,29.75
0x48a396593159df3741f7cf3b0a84be547e30098b,29.75
0xc76f14701cebd80f7f382bb021fa0245f4f9edba,29.75
0x329e0dfbd050253b94adc8e3eea87d3ce1e8b5f2,29.75
0x4b508d5f3974f7a47764ebda03186ca213aa452c,29.75
0xbbd3551c5e3f98841cde3950374ffa74a6422945,29.75
0xc88950fde7c2b5a38bf6de310ee1c9ca121ff200,29.75
0x7bc9155b117418dafbb82376cde139c01c886952,29.75
0x9f1593d39e0c2061eeacfd431ab6496a5f38c0e1,29.75
0xcd38917f1c4525f12751071fea624bc9c668dea6,29.75
0x4282231c968eacd787090c06a0310a4377f4d7f2,29.75
0x5b71f0295455ffd96b4c95b80f996d38382be581,29.75
0x68037f3db9c586353bf45a9bd60e2ae63f05a171,29.75
0x0e42dd9ea58491e546e772d2d754d2431d45b32d,29.75
0xf9ab414a68d7f341199c8acded016309e1f4edcb,29.75
0xd76e80fb96112dbe55b311376bff40326ab03175,29.75
0x97734a0713312665b4e4c9e097206f94b6d317ad,29.75
0xcc4c84bbac9c802ef8078cc2d52b8366b234c7a0,29.75
0xa46f8f05b4b32a6554fda37a6d38dc4641436e75,29.75
0x9684e7650b7ffd07b209bff3f3dab690d8cd02e8,29.75
0xa9ee9ef91521b97a8731b3bf7742ae336bcbfda7,29.75
0xa6008c62a6e587970138dac02b7bb692a5d15064,29.75
0xdb59c08a560be9b647ebb0ab5f119faeba1924fc,29.75
0xca4f561e317f6170f6b94b163397d5d13ac8683c,29.75
0xa2bc4b5f88ff44c805ec99083d5a41c46e1558f4,29.75
0x73d17ba66ab8ff86f8bc0b2d484a8445445f3311,29.75
0x3589448e8abc498e885b8cd8401545ebf9dfe556,29.75
0x7dfdcb45407873a1bf4f70b3ee2e21f50bf0a621,29.75
0xe1ded5d8e7fd413fd56e931dd6242a1abae4595d,29.75
0xa630a8846a0e7fcd60bb486ac7ba9ab9291665aa,29.75
0x9c9df37e2d4a476c979c12525ebee6e7273e0340,29.75
0x95fdfdcb1018ae769a7e8dc70b528e85dbfbeebc,29.75
0x3b87c6b4322b10f99300ea532dd2779fb9ff1255,29.75
0x5bbd017d61bad6996c383e30e44d7e7d687c077c,29.75
0x8dd39d9d5620e711350b5b617dae055a8cb9f23a,29.75
0x91ce395666ad6e80e22b14f40b46ccc0846fdb6c,29.75
0xba67f6a20c72782f845e6e6081d454bed83d13a4,29.75
0xad6fa4912a1afd584a52d3acc681d2895502b6f5,29.75
0xe514837f0c3f82962c02d28d25669300233ccb8b,29.75
0x465d3fb6bc1c29f2c6c2cf827f25cb6e48d230d5,29.75
0x5d624a0381f462ab4e88d543ef53a05bfbe36171,29.75
0x9e22fa6d05eea5afd6b5d12a401ee85d4938a87f,29.75
0x65f926e9b4c54f0379ad0bdd292500087579fe16,29.75
0xb1ac9db0d6a1ec291f427ad03fc3b632e1e93a56,204
0x703f384b2236dba263383aea44859d70ec008a99,25.5
0xff59a768a60061ab93cd7367454411b14a92831e,29.75
0xff2558a699afe0812ddbf0d40ab56cadfff9f61c,29.75
0x9d21d866262d35c91954aa571055830a4ee91723,59.5
0xd36e728e68d5251e174a962443aef107c3991cf0,29.75
0x7d4ec06934c5a8b3a2f4996075bee0e3cea8fc1c,760.75
0xc09f122e0437d0f5c708f068bfabf1f5bbca46e8,51
0x5a46ecbcdf276986e159295cc31851d93d8315a0,29.75
0xa7c13e63c720b85f50a36cf4b0c38db3988188dd,29.75
0x3774539539a91ba9dbcfba5802fcbdbb8a40f45f,850
0xb92218b7d0b5dfdd772242e08b88fb03db20ccd6,29.75
0x81c68ae714e2bd4f155de8497109414137701aa6,89.25
0xf2933e8ea86dd52fd171ba959325515da727f5da,29.75
0x84a6d3d8cd62efa754ccbbb75953497be7b562d1,29.75
0xba3019c435f4ef960ded02ff71a1d6656bfc0641,29.75
0xe34cf79a8c6d1a0f2f6f2ab14f1cbee55de708a8,29.75
0x208582d681567dd74af5fc5e00b1abc204f073c1,29.75
0x564902556129871fa1c921c6624e0f3cb0c2bf4f,29.75
0xd094854ad13babad4da75496e831f33eac585661,29.75
0xffbb7d9d22d7461d160a3c6aa2ab43b1748aebc3,1355.75
0xc45e58430ef6a1f68e9523a478907a0461da2d83,310.25
0x70081267442cca2c55db9860357ea5038babb7b3,850
0x6a9d00e862492cb0463cd5cbd6da08cd1dec88c3,29.75
0x972b81102275d265d2c3630467b1b8747b660fb5,29.75
0x783ea0facd40dea928ed5bf05b1f5df47ed07e4a,850
0xcaf9bb8f072657e1b4e07af9ec63727ebb8cde56,25.5
0xbb80a86086be3f608f5a423352eb24322df58ddd,29.75
0xb4de0ce8fefc866948622f10da8262feb5edd61c,25.5
0xdc29f1e8f08f2fe77437f02736ae59eab67bbd3a,535.5
0x7d3e2fb754d70185aba6c4ac80af91287df98a4a,484.5
0x6ff4544def199f895976b52f8e7305ea1fb85fe0,29.75
0xde686697c6a339d3245eb1295d8dbaffafd14402,901
0x33773c170d06907ed0e55cab68af4cfab8a26112,38.25
0xa72a28ffcafdaf88d9dad1978e01858b4f7fa7b1,2380
0x8cab5d6391921f96bb7db1eb5481fe2d11430a04,535.5
0xaab0224011faa96e4e6fb888b6a954ca8962c431,25.5
0xa12bcf1159aa01c739269391ae2d0be4037259f3,467.5
0x0b3181786fe6ee88f2d27ee3a9ebd51c1318abfa,1232.5
0xab334b54afa11164ea7e467bb896ded80959f406,408
0x326b76d9b0050359f1f3661b233112b5e3ff5fd3,106.25
0x400e2b1817d020094d090feaff754fc49058b173,59.5
0x78e66d9403d594d3e3aac0f835105dcea32dd837,1049.75
0x222003b47330d0df843b0b01346bc54d32dee055,80.75
0x16b6586f7ea4e45bc356e64e6b1bf74b184e679d,29.75
0x3ddeaf66cd83ad3ae909ed32eaad201debe0fa46,29.75
0x344bb85da1d8b838ca84b41954c3dc6e0af404cf,909.5
0xd343b60e5aa46e067308084fb145269b947b1ad4,110.5
0xddbe93624c94179ee63b7bcf9548b3b236d35b14,850
0x21047cb23309603d1d39f72247513958453c76bc,51
0x999eaa01cb8c0f468bf1288370752900645e538f,633.25
0x4603b895d8c12e86be4a0ef84292db7a0e3b24ce,29.75
0x46241047bc86a7139877fcdfc994083f45498c57,131.75
0x2a32108f812bc4e8011ca8b63a7eb150b75a0e32,29.75
0x8b15e34cea06219114dc8c0912d43a2abc2b79c7,187
0x5cffc67824814774b1f158133d975688a9f7d080,97.75
0x774e2f5c083830e9b6c56fd10396e8b5f8bd5ebc,510
0xe589dfb5d6c782eb1781b372de8957f5595ad462,229.5
0x5ecb873d3ffd9355819954731743106463054cd5,29.75
0xaa0427121c2d61981dc88ead06b5eaaf5820f2b5,850
0x41310db4e638f47b1f75086ba4c315917c67474b,29.75
0x6a58287992b072544a474174e68a2512bfd14751,29.75
0x97ba0fa8e1712fbd51782f56ab4c232edbcc6dfd,85
0x4b24c61b104f703c75e8c12deafa2748bd3a191f,850
0xc78a13fe213b2a0a75cd4ff83cdf1b083efd052b,29.75
0x4084824bdcf5373249d086ac8441b36c4ab3776f,969
0x346efb4add34f315cf74bb0cea336a46e9ebc5e9,29.75
0x433320ec655a5c8caa811d24006c1ffc80a23b87,29.75
0x468a952f81167ec5935f72c86b1b032ff8169093,29.75
0x490febe3e757281f544f95ab924a7e61c84e2ac9,29.75
0xe3b33bb9b41936ff4ef45e0db42f62ffc51477c1,29.75
0x793be3b42b0d95d2d8ae6c111965a13f9fdbaa7e,29.75
0x205cd37c5c71d50ccde7a2627b0d6cfc4a0d7bd1,29.75
0xc19a0c710c1f57b930c82350d5a200a1c48f62de,425
0xd6396f9966a4c36d4ec6d2e524e4553084106314,29.75
0xd9ad9e0abbc6ac9c6f388e09a9a9655ddb0071b8,29.75
0x019cc6b3bda98bdcee629d56f92f341422b20e0d,29.75
0x3d098398a14f060bbfa53ce6cb6435c4ebf6d662,29.75
0xc81ea5361982d3cee2af42e5f4317b224629f0e7,29.75
0xa7fce85a119bae134c593cddb161eda0eec53ddf,29.75
0xf0cdace1c0505f3b5f54dba53dc6df902c5f1f3a,29.75
0x4315d565fb2e76902d0997ab9189480072686493,29.75
0xeadc3153b65c3a73726eb15aa2bf072b2445ce06,29.75
0x353a23e1057d5b181ee5785dc0cfda1f261c436c,29.75
0xb32cd89e7040ca8cd302011d8908404bd2a32ff9,29.75
0x8c08dae1537e2942a2ffe77053e4d71b41cee829,29.75
0x3fa7bb7c1b9970b6e37e537c4402ac0638168e65,29.75
0xea8fbfb476c81b9860a0c9ada566ae4a10c17854,29.75
0x9b2645a32e77c8f949b8847fbfed713b8f2917cf,29.75
0x16123094f88356ba0c3148057a1756e809a91eee,29.75
0x6a326ad99e9217eb2cceb016998f8e16ef00a4da,29.75
0x65ab55cd5adb93d6851173a69441b92436554936,29.75
0x11e3ddd9922b0d4b8b2da958125b29b518ee8e1b,935
0x943e6c4fa5c36fb4dccefd2a95a7484f4afdb98d,29.75
0xb57ab3fc0cec1399dfee9da9125292f683a6bafd,29.75
0x1cff5da802703815aea69be79491c636369d0d1f,1304.75
0xc8cdb0be27c014744f5634b4e2e0f6dec421fa5a,29.75
0x9095223e84a7c74fc9933521d8637d43e7efd6d8,29.75
0x4421c997c5b57f8ecdea0f2571c182d29abaed69,29.75
0x12c803057621bb825a70bdd052b0fc0981b38b2a,29.75
0x19055ab9b18f45b9741f3e38040632cd06a726c6,29.75
0xe17bd69c67cae1387b6d0e25a9fc14a7df17f525,29.75
0xf530cc50214b10ad4f65c645a36f0553fed25da5,29.75
0xeab615ba9e4ee5f219846d67a8e3771fbbda4a4f,1517.25
0x9a71b4e7ae16cc8391bcb6736463d9b699d051f0,127.5
0x26f18d32302fe2a12a65cbd23d6f97834d08fdec,63.75
0x6c567c2ce9a2853cca0440e5b2b029d45a150450,29.75
0xdca2d508061d770fe8d4351907b84ea7fd000eff,29.75
0xf7f74918779453cf14260c94ef253edf77a9d2de,29.75
0x29ac9e37f508a985800630005a0f934eddd80ef2,29.75
0xc5970274d0a48018e46a3ead1bf0a996961c17f2,408
0x50e4891cdfa79792bed9206bdfb5142ae8ff3388,123.25
0x4817e02efc9131a8d01f4745721d1e5048b9eb45,850
0x7f08e0e26dca38c62e4e48f250437c9d877e0e3a,29.75
0x754977450ac73349c04c72422d996b100ec34d20,306
0x74fa2f12445f8775d90d4bdeb3ad690207b50540,29.75
0xd86de36cf35f02634fc52da58af36aa77fa16e3c,437.75
0x3fe394785439d499fa3ecbfb72362ef6deae61f2,29.75
0x0ec37bd58887ae5f95839508603e608c52e557aa,29.75
0x4bf6c3180c9bde642e20b07a1c4104038b173f05,29.75
0xdc705b267d4323539ed165f7c973f1ec65916e5b,29.75
0xb3fb825c7ffb5cbad945122576053d98172dfc9f,29.75
0x4ffdbb143d5cfc33d9e10f7497b5048283ec833d,29.75
0xe0f9439f6972640f392eca664c8f304c1f8f42b4,1483.25
0x772461ae4847ee00492910a20fa971b09b69844a,879.75
0x5c06181645941012fc42c3ba662f77c195eef0e5,850
0x1f2bac5e73edab472e934751cb349e5204279f85,765
0xcd63a6e12faad82ca506509cfcd420b4f63523b2,850
0x5bc62309b61e541b63f81ac90c56c176c32a9594,1092.25
0xda06c279b001db3d60b00608cc565f1c97953e63,850
0x0894583873bdf313ea6db73545817320f23ca469,29.75
0x33bb3061f1bd6c89837502c670a4275bce610b7b,174.25
0xa727c69c7d323f961a1d1052884e8cd43a3f2acc,25.5
0x9d6e0da64de11c8e07874302e93081b9ef349614,29.75
0xfbcd8666fde47159d2c2cae392987209af86a2f7,29.75
0x7c27a534c8c8b660da4a07ff93282f9552a1b6dd,127.5
0xc2b45fd44f2cc4fa05974b2e6fea7617e68e0166,29.75
0x948d4caa35ceef8dde777f4ccf9202b98adf4aeb,89.25
0xca40f6779b0f86ad9cd9f11ffd44bcc4a25d8137,29.75
0x12935f58f13915a90d9115b3157e549f57fe129d,21.25
0x25c132a3b057ee515c33424e4c0927c626e86cfd,29.75
0x9490573beda84692908d967869cd6bd34cc3471f,29.75
0xa76e7f8fe481448f1a803212b0c8b6fd7ec90078,80.75
0x03785e8bd787ef170d6e1a945f1e82ae2fde89e8,314.5
0xeb7e957831063f2d204131a89246010b6546dfa8,178.5
0xc7557805ccbb50f005f2dfb5e595a7303f0a1f05,637.5
0xad75bbe7cdb326f95edf58accb9234a42e97cac5,850
0xebe69aad2f4a28321df6c0e0fd155354f3896852,29.75
0x42cea9ccf78e164ebb5ace4b50af98c226659210,879.75
0x3d22c4bd02922e86cdedc42ca4624c269a9278f8,29.75
0x86f84f893fe22910c7f22cefa4cbfcab5a00915c,29.75
0x5cc768319d0caff51d01ac6d0e4152bd167bf595,29.75
0xac9d77d110e2f9aaf1a4c10e5239aa2454dba5c2,467.5
0x35ecd51334f53a026a39792c3b9fa6ea61b065c1,29.75
0x91bf2dc02c3a73c8e8c23b4a74004604cec63427,21.25
0xcbc283cb8f80d143e57d84669185e3c06bb8e3e2,29.75
0xff739b611a54ab6f23ec73ecfb9931c3a0b8f1c7,29.75
0x525e236bae0bb2f319b8145479de6e2a5428064d,1347.25
0x9c062fb6187cb591c0ebb26be9a971047e9c0f2f,1704.25
0xe0d0a79b65874416173d9e28619be9c22728b1eb,12.75
0x40ab6c4e33b229885e5ed3072c96900fac855a30,590.75
0x1b5d69dd784f742bbfd880e0f9fbd0e030506cf3,59.5
0x97223b685b43ec19244de3b7e6bb80a1d6d35aa9,102
0xc3252ac5bece3ca2a46e14ff15116507e4ee6803,29.75
0xe459c7c40ba85ad924b81259f07bc172c3a3b2f3,51
0xe52e1d3e1003f4b0bcf96ace9953616b180440e0,29.75
0xe969d1b0129485ef77f8e416eab28abe0e8566fe,425
0x73d3dacf1d5c1c4e110dfe28bf51e3e259a296da,29.75
0x10a84d83ba419e7a263dcffaf0875ed311c48d08,106.25
0x343a5c0d966e3f8ea004efb8939c7d71a60ae795,425
0xbacb9d8d935f6166e39244b5baa3599db0f36c39,29.75
0xba87004288df35288cf6ff3f3a09931ca6c575c0,850
0x72f80f8b81588d8dfe20562025ab3d3ca00912f5,76.5
0x595971b2b7ba20b149c16b234e28902308544c05,29.75
0x3fec8e7f156c76f487fd254a9f81b3cc4144a863,29.75
0x83f485b112a3dc44d77199017434596fb313b047,739.5
0xda6ac37aaf4bd41dde0a84c38b27e4764a3f7793,939.25
0xd0ad830d6b140acc20ade8c7ba3148f8ceed0968,123.25
0x1ee1f51195719c4258c8b8deb70e300584360967,29.75
0xd7699b1c4a597d29267a91d88e5ff544f59ebc4f,25.5
0x9bbcd86922bb7b7422d35dcd951418ba6161b922,714
0x52cb0ddfeef3009fb15fca7ed16ff4b7e1e43167,284.75
0xae38edaafb85f34fbb7211edf8cadd9d95df7d8a,29.75
0xc7962b984bd27fcc98885a3f937b16ddd0bd3ab7,29.75
0xbd4d7e2926fef21709f02256b17600de97b1d46c,850
0x88eaa4fe62c45a1a6d164a7c611c7234d6274d59,29.75
0x2dae190bdadcfb1c5c68f2001cd756b0f00795fc,1207
0x739219e91a9fd0f011389de4081e3f7f58c36871,55.25
0x8df082fb32d478c7827ed86016a79cc060e4c1dd,29.75
0x2f8ab4f0e64f2c108fcc0739c6bd8414e03ef32e,637.5
0x3e740e540be3a99a3826c2daf38cf90258fc438d,21.25
0x7d7c9986b11be6c2be8bd2476d590d8b1f61daa7,425
0x1bc3510482b1045d5c75d9a53a34edfbd2bef3f1,55.25
0x449f9867bf67b1e630a7314ec8f6d63ef89027a8,29.75
0xc158394af351906e21dc78d8a840ce8e2af2f827,42.5
0xb2a92b4898be5ecae0d62d3792574d327ed7c873,29.75
0x3ceb30454f252358c75a244e065432d0f206be24,29.75
0xc39e42dee34b377d493e77529d7e4d69ab64d846,51
0x303ec0905874c45c2175ab2b5e44e553ebe8777c,80.75
0x500358db13703566fd2dfaabada174edfb969d43,29.75
0xbb3ed2a0eb60eee8c0dbf6d1b74e8b0a21fab056,454.75
0x2f06b2744e1d89f5bfb5eb4a9208163051aa1313,29.75
0x55765d90a6da2512853568d5cd44510e1a2069c5,21.25
0x0aac36238d27fd18ca1da07f5a6d65397a59b8bb,29.75
0x77c1d273862b6aa39265debcaae35cd7f9ea1c87,1062.5
0xbe47b601cac39a24910753cab3aa33a202122506,408
0x47d1564345da497e1a2b4bc1ea9bc2b074bc366c,21.25
0x3faa9ee9af560682ababafb2d6d6f5de916cffa4,29.75
0xc6c402a24d5c4986e8305d134c759d955a6d5b02,29.75
0x4ca948343c584bbd88cb263e6f4799cf97fee99c,63.75
0xdb28eedf4924dd6099dd4a2e65da5ecb2ae6890a,378.25
0xd96e6c31dbca4abd1e1cdbd113949a106d0627e7,29.75
0xa929ce29dab915aed0b130d09193ece6fe7883f6,29.75
0x160cb9372cfa03f1d57ba3c31258e0210dd5d515,29.75
0x198e33d05ccfda631f93713298b0cd6975ba60a4,29.75
0x7540a6d6b7f7f3cae7dc88dc95a3522d7106ecc1,29.75
0xd26a27019eafb39cca6f67b90bc3772805fb1ea2,25.5
0x92f442667fb200cc315c597469c68af480fcb9ad,29.75
0x87f94e1fda93758a4523f53e76f04117500e4464,29.75
0xec72ca6af5b6ba8f9d98338aaf1d4e1be23e9c13,382.5
0x1088c58a3aa99e9418f4773a68c11d99b9c02f38,29.75
0x5b8388b78153a47bda54560eedbbfedb09054e67,454.75
0xf389664a4f32cd5cf75f9629c89a5076e966778c,29.75
0x3028eb667e55a66cf02eb47b562934a219574a2c,29.75
0x5b0147c0cfb74d43467eb54acc83424929fca34b,29.75
0x35a8da79ba993b9e6b66207d4f33c2e2f26b8df4,59.5
0x401956ead8c9940aac6c0cd1ac2d70d7b4e8e86a,29.75
0x80ad7547d879ab0481eda439bf0514e02b0cc2b9,25.5
0x4dc7ef6c4e40ee9faed48b2a3ee137977fa014af,850
0xc2098c8342af9f605aa5a3b52cfc77903e78ed6a,459
0x2b46aa285217418234aa9e9bb108dbf186eb9dd5,501.5
0x959094ad756aff3533f1287b14dd12dc89756f89,29.75
0x0d7156310e772352dc18edeaa173c34be23bf2d0,1092.25
0x02772889b3ea5ebecff80e1c20b22a028e1cbf61,153
0xabd6693048f96af93d5677ad44e84cf62a41c0e1,29.75
0xf974038d7484fc3df1c887bdd17ac58b27042899,29.75
0xd659387eb009c179fd93352daf920c63eaf7283d,29.75
0x4e5cf32cdbf35f6348e1e5d83e58bac36694873b,29.75
0xb5bd859fc74c4d9d3d3482511bb8b0795be01fda,29.75
0x41ec8cb25a84c99bda32dc76eec12c50f9dd99e0,29.75
0xb3140fc76c197c98f4d31017fb2525410c090d82,29.75
0x34045c937742c8ad6222a10eb21c7cfff8bf870e,21.25
0x3f49bdb9a77a8b54c3507569df868bf9cf5e04e4,119
0xea46a6beb7cda737dc49204424406ce6046297a6,80.75
0xa04616008cab58b5a10e453723264982ebc5112e,467.5
0x8b99817ecd7c27f96d072becc4ea34099a8e0622,29.75
0x25a0557d61e8dcc498f1fe5bc7eeecf465bdf42e,42.5
0x7b11897546936824ce912cc6002129c8137f1b43,879.75
0xb91a94c65c24a15d998de9948be00418d108d668,29.75
0xa787d40c1d771edb3a8e58ec19c33ab4cb58c37c,29.75
0xa480e7011fbb62f46d1976e503025e2916850637,29.75
0xb98b4ed4a568eb8c70111fafd25975e8c6963528,29.75
0x8eb3b4f6c59b78869633bedd57ca43b5e53900e8,29.75
0x090fd126a0887171c6f6f037fbefacf463d4011a,29.75
0x5a926b8818833ac31c96d9d0f1dccc49ffbfd6e5,29.75
0x4153faf56330f5547237cc3f41cfef530d9a0e22,29.75
0xe2b368371012d069198c76727bbc877f80b3d363,131.75
0x00e21500ca10c3ab0b59b02693f2a434753ef632,29.75
0x40beacd1afb6b09f6348f96b1e9baf8ea1645fc0,850
0xa29c37f47f1c275d5101a303737f1b61ba36a2c0,29.75
0x93976cdc59fe1c65d61c5d00c8a3f0dde32966d5,131.75
0xe498d377d8307d107f424356020a3132bba4a388,29.75
0x2252cbcb55ae47d73b840f01cd2abf1d4e62ddfc,29.75
0x1655f19233616201b982c10f1967dda8d6f53289,29.75
0xcc7b06e26809b3e13cdaa706c6dc29bf608513b0,29.75
0xf393da239d8bcd9ee132e113ef4753cbfa411c11,667.25
0x8e46999b3594c07331f2e61161ac9e30b31fb43b,29.75
0xe5d1e139c32c05a5fd8a6c2b52ca9051b349251b,29.75
0x7e9b0bb28f47e3ea9fd42dfd05df01144b5ff596,29.75
0x9cede229ce69edff65a9514472411174fe6433a8,29.75
0x936384e3ae0b17c1ea8ff77f206b7fa206d3e4c9,29.75
0xe0675fabd5c1eeeb1bb62afd254060750d32c5b2,29.75
0x7104924e19a68361fa1dc1a8fc9b85f799a4694a,29.75
0xf732c26aee413623a395b0c3171e632c2e986fcc,29.75
0x727208b210932e989e9a48bfa88b7f99eaa5dc8d,131.75
0x3ffce57b812bfcc65de9ee32984b1852f2760994,29.75
0xa231369a19290bdbeb3cc5f91f35777b92dc984b,29.75
0x4e1a1855cfbfce3f95c3f504534df9d2926c0ee9,29.75
0xb04d0d5b737c602f31fb910e4e1594aa084668b2,29.75
0x03ff0c4c05d71645fc587ee5b8ff21d9f8005f5e,29.75
0x6ce78672a43bf6b1eac02405e0ea9870c872629a,29.75
0x4ad0a0c82811b7b2d6424d8cccf453ba6e1b7c10,29.75
0xfb1329417977033e26467db4214b4ac9d65bfa2e,29.75
0x671392de857a5ead8e64dd41692a948e895adbc1,29.75
0xca603b4b81656665074123ba0aaecbc6a545754c,29.75
0xf9fbebb396ea9fcfd031decd486ef2722fd7949b,29.75
0x6d3125cdf6f1cb070ac073a89bf3080f1cd11deb,29.75
0x3a16906776382f48c847891589907d477837e7a9,743.75
0xbce20a4a07147b90219617e2cfce60b0486121f1,29.75
0x8986048a550da560eae07d528b66f841aed0e7d5,29.75
0xdf65d5d0e5b91d1c56d3ee57c9d2d6de5601f4cf,1326
0x9356e8db2b392a8e922b6857c1978eb799ade46a,29.75
0xfb1611ae95e63da630758716aa44c77ab40e7b0a,29.75
0x8279f95326a318ebdc644397331557f43b56ab59,29.75
0x31fa5084078ef8efe47ab2c11aa4105971bbdcd6,29.75
0x76499688efa6cbd6eb880240e1a104419f696123,29.75
0x36f7343ed05be4f85895fc193b5b72f3ece3139b,29.75
0xf782517e8ab8b99de79fcf6418e1329b0c35b608,459
0x7a276a14acecba5b8a739d63fe9c3eba75ecc326,178.5
0x36bfc6bf226e6e20c16abc827cbe7c5f90ed7107,51
0x0e4ecdeaae4b77f2b601740057dd0288ecc77c8b,29.75
0x95e55bcf3821d2c6218288ac48a29b97536e8769,29.75
0x41a6ea29118bbc191f76d5e898ca7ea331de2c34,29.75
0xf67d01675df37baa36221e6a6b2d71f1001804c3,335.75
0xbf747c64fbe3f23e66704a0a89300ff3220822ff,382.5
0x958acd30eaea570d4985e7916d46415c8f1d5ca5,29.75
0x718458b414900f4ce08a268ada954d17ba060889,29.75
0x9ef6aebdbc6300149e608f5a2ecb68324940d8db,29.75
0x9f729294b308f79243285348a7be3f58ae5ed31a,671.5
0x3c55c389b58fc7c9bea15bf77ba7961068dfae7e,51
0x561bbbbfc0fb061ee03507334fc178ecdb478d31,850
0xc0e6bb8587a4582df1eb4e9f86eaeb44b21e4501,29.75
0x8056bb6f41b4625332329edf7c8782fcd0803b2d,29.75
0xdbfe41c15a53ed9028ec3ed3a1015583567c0617,29.75
0x5a826b00d65a07f4fdf52227bb84063617a3e689,29.75
0x9b279c012d07880ef58517307b076aac30d305cd,29.75
0x671aaad2ce689f31701f80e275d53fcf0fefb543,29.75
0x36c564cc07c0a720c61e31092140af4fed121525,29.75
0xb974c920234be5c53a6dd863744417e7c9b12f1e,29.75
0xa507223d4aca9566fef1bb7e9e25ddbf0a5132bc,850
0x900e1a1916eddc2a4985b5515518dfb797a6534a,1062.5
0x9df0020a88cd28e025e2fcfb17da163b8c3066e6,29.75
0xf3d00d28a69ee2ccad6bacee6f4af4181ee50f26,29.75
0x72183118b7d99645c1e9313b5f3da18a5799ddf9,29.75
0x825bad07316198e154234d6191712d68f004c8f6,25.5
0x4d017a7cfd1da7888fb2e45cb32ce23769021533,59.5
0x9ec34bb67dbbab0da0ee49dfedc9d7881140b614,484.5
0xddc63fb14ca939802d9d0dace1e8317a93e694a8,29.75
0x3f7152796dc8064f905e4d28245f7c10e2ea8e15,29.75
0x1de64bfd281768754a5d5b59511e02a839d102e3,935
0x2010fd48b45bb8883e7575af998e58914b39c01b,425
0x34268debcb41b50cbd30cb66529e8ecb4ccb79bc,25.5
0xc68dab10c6db9a1957b93006de209743fd182842,59.5
0x76366d7b35cc28e4e6548c4a57ddcd4a6998e488,29.75
0xf414d117caaacec212dab15f56451f5fa3a939ac,29.75
0x7139b685e6b75494445efd4ff0907c6b9f139d67,29.75
0x5b9b2e85ee771ae1620b6ccb53d3bbd46b070c8a,29.75
0x117bfcb7d9ae48ac9cb53e561b508fa8e07eadc9,29.75
0x18b0e813f1b4c6dd88fc79ce294fe951c830dc5b,51
0x88dfff96f9e55c23cca3edb869f395a9683f51fd,29.75
0x0b23baea7fcf84718e85cceb069501803e941404,29.75
0xd36c8b884b50a0117a79288362694030ce0ad842,29.75
0x34e5a6757a68d0be3100d950ee73da0ba2e9873e,29.75
0x494f205fd1a250888c714d99b48db56bde9881ab,1151.75
0x6149cb8b48d2c0a9ac9e4b05d2c7da63ac579f04,195.5
0x399d1cb0a05f9742f508772b638fcfc5e399df6d,29.75
0x1b5070991453280e36623a2b4c83d20010ae1ff8,29.75
0x60feb549ccd733031c8263ee1d8b4b06f27b091f,29.75
0x19a639445b3f7cd2f1c37ef7cf0acfc664e4254a,29.75
0x1c6b82149e31cdb693b690a1cfbce69d615f561c,29.75
0x6eb808d1f22d5a8b2cd5581e7d7da0f01eae8c21,1870
0x5f494e4b797d2d9733d25bc7e795ec6b6363abb5,29.75
0x3ba17bb92522b0f2d1ea7dbf413745efafe9632e,879.75
0xeca904a16b8c068e389929e9984a59c9116050ca,29.75
0xa68286b350e1aae277e6a231f1d2b8e74d1293fc,29.75
0x2fb8fbdfda724931525f96cace0d435d8cd9c4a0,63.75
0x8d97e13eb3658f2b845216d9588ec738808326aa,29.75
0x6e7779064e16f4f5d0cd335324c36569b9dada18,879.75
0xf7f61f347ed0abf3da7ab37960ee0fd2b81476bf,29.75
0xb09a342c145c558b139e2162efc99b14b5654f3b,25.5
0x9faf9a02ded6e92a72f41728ef4677036b36acf9,29.75
0xdf930403438ed10c062bcb778dff49c76e6e5d72,29.75
0x79169f26a1862c1e2ef18c2eafde183ce6b76a2e,29.75
0xbbbaff3a3b777450ae792fc411f16e3e54de8aa3,29.75
0xdb2ccf692201280b16758fd2c93f2a1d533c244a,25.5
0x95af48e8f4d80870995ca1edacc1bec819d8d626,29.75
0xb764113ac0c2d8e1a99bb2a69149503d9bf4f614,612
0xaaa04ca28e2dd6b2c5190a7e5089ee2b5bdf5507,671.5
0x7f5f050d45a8ea62ecfa6bd595ec18a75644d3c9,29.75
0xf153563fe52823f7a7dec0d37e54b22bcca98f95,29.75
0x8cee66b9bc2a7c96904f9e0e1712aaa12d78e22c,29.75
0xab1158374272032243b55504ce967b2f2b840ad5,221
0x481cb5f45a559603ea11ea871ae88aec9eb615c0,12.75
0x20370ceebe4765d02f5052f2d72f40bffd1d0edb,29.75
0x36df80cb95cea2c7ac18d0ef50b07c43c91a0e18,29.75
0x866ca1b122235cbe76a2ba16e14c6d82904e36ae,29.75
0xdfce23c158f72fecf234980acd975b6e9fd5f49f,29.75
0xdf87a56ea413725029a5d9c3d671658c71a367c8,29.75
0x4ddb779bd81c939c10b2cba217797d1b57e3055c,29.75
0x92547d31921da37961fe970d7637cdb592e5a224,29.75
0x9e484b8d3bd9f3a598e027ec2e39952b86f6c26b,29.75
0x4a20c5f473c4225870d6ff9e31f1b6dc6bca281a,29.75
0xb832ebe3d22c3da26c53eea0953367891ad6408c,29.75
0xeead12413cb19822209a6f1e283bb345122b28fd,29.75
0x1733718a96742b8da87c343f1a78e3143e1b5f8d,29.75
0xf54868252e1665e0f8cf91af22147104e5be73af,29.75
0x7fcdd50030e6282d78ae49a81c84f6ad658ef03b,29.75
0x6f877d5c904259988da57ae639ce3abb9f93c322,29.75
0x3d7924018497179a49163af76bde037f6e17cd4d,29.75
0x489cc29661cfd594dc1cb34174663f3122f8c135,29.75
0xd8fc73466119a1e1eb76352453b1cacc12b8e46b,29.75
0xd6e593a23866a9d9ef7642b0063b42005d4e0341,29.75
0xf052f906e4696c546965c8304b06a296c9170a95,29.75
0xd59142153c3c7b1274c625d4936fb43f4a6324e2,29.75
0x7668c0a44998b79200f9219edb496a14d07081a1,29.75
0x438244537ae565c09a733278c26d99c2d1a3ad22,29.75
0xbe35980280ba48277357d6ad0f1e9153f571428c,29.75
0x070114fdb58c42ec0cb0ebfb626298b14fc8e027,29.75
0x42221f200044ef529388bc425ea455c1efde31e2,29.75
0xdd7e879279d07770c114f8ca11d3ac44909bd75c,29.75
0x3379e583a79ae4e816bb0b6bea52080242aed7a8,29.75
0x808c5dde6c751b73cc760b87476986540180db6b,29.75
0x19c48490b5c0af72c3bceeb335c292908bca0ede,29.75
0x4d85b78b5a8a0fe68899c86cfeeabb89350d926f,29.75
0xa0fec20fc0b2c3e7473946ba183575e893ba04ca,29.75
0xd3632a63ee1e25a414dd4cee319e0c7bd9319b68,29.75
0x9061a6155144c3d769a528df94b3bea02edd5cb9,29.75
0x3a52a863de3870f5ff22ab9c2f6ad104b5589efa,790.5
0x49c7512ea51272f99367a8e63a4e60873ec629bd,29.75
0xa69b7fa5684b7f9049de9a9a49eb113d72c5226d,29.75
0x2d817d26818f8b2000c8b3303b215ee699bb8381,29.75
0x085fe48c3c00ddfa7ea75a0317eb7da0781304fd,29.75
0x62dd617c8513597ed5fd336ee9e78bcf09bd7b3f,29.75
0x58ee4600d85144485f8d65602317dc727ac6e648,29.75
0x8d30ea7311723d386ce6c35e271fa65ae234e0da,29.75
0xa50482f0a7bda371b3f3e887cd5d35d6c20b82c0,51
0x3101d6a23f212c64a7a3492d343000e713206791,871.25
0x47fc4431f83670d2d3e6f96afe128b6f810e0d19,1700
0x8d2dabd2ae89fd8fc80a2e13e2e2c99baaa90f92,29.75
0x672f7f43193d83d1de2f13efa1850b62bfa8120f,29.75
0x291f6f3aba5439f049ae437dee99aaa67ca9b835,55.25
0x5ea03ca8b12a815fd894ec1d0c769e50ce203482,29.75
0xc0ab654928969b611d5734725491ed0487e20bae,89.25
0x3aaa9202831fe463bff78fb414ff854fab912e9b,29.75
0x0e1653d0da5ffd5f4b59abb08fbd2a5c9ed3a2d8,29.75
0x17956c5b0d1761f75b7494e60d064ddc7ce943a5,714
0xb96db5db7f548e1d843c34af4eb8306de50c14b8,29.75
0x192513387b1bc31597ebf9f858e19bcb410ead6b,1100.75
0x9df8dd2430dc5e15e2792243d8de5560d92a6458,21.25
0x4cf0476cf2fb3cdddf0ac61d09666f72548bbf8a,25.5
0x64a4243dc46781e517f729918e9f846efe0df0ee,29.75
0x3c52b157248b5b17b1f3ca4391a9b29ef966ab87,637.5
0x7cecca136292a2dbfe8e1938183637cec6945c4b,850
0xe2e80cf0dd047f04b95e71575ce053f0ddb294e4,29.75
0x36acd682032593e11ff2e893aba0f4d850a8c7d1,29.75
0x772bdc5d5559c0231e99db149cbd5c2c90c8a5da,29.75
0xc1d451370a3f58034f8510a654d42a9400945ddb,29.75
0xbeae9b3c8e3915f43fb1b779c79ecaafc061c34f,29.75
0x3a87ece5fa13da347935c44616f3dd8728904a16,29.75
0x58fde9484303ad05752520424b29371557e4a4a5,242.25
0x06420081ed0bb4b6a5339d7896a873739166c51f,879.75
0x14c20e0caa6fdeb9f5bd3b154b8630260e22ff41,501.5
0xb092925d2f39b063cfad83560fc7d2af179d5776,293.25
0xd548ac2010399c5a07911f0efa73bf0fb3389aeb,29.75
0xa670baa90bace79dbd3f266a53bb121b49e2847d,51
0xd12929738417d9c4723205a54ff97d1d3d8a8ce5,29.75
0x8352c1dd3cc014d80e5550f569d5805018a2c77a,89.25
0x1277d142847aa24421e77caa04e6169b7a7a669e,127.5
0xe529a54530a271668000b5f4cc0989b713bdd70e,29.75
0x44d7fd3d7496ac4bb9447947a10c33358519c988,1517.25
0xbdac150625849dd9309ce5878869c9de154d43ed,420.75
0x5a68bedc4609ab68a2f14cd610b06786983fe804,131.75
0x4c904db0f4b185258466648434a355405098ca64,454.75
0x423d0e766f2cc5fb9a070aa4c788b226f6a459fd,8.5
0x856d02de9e072339d005bf6d056375b79ad55b5b,29.75
0xfd83e043adc8b31d85b454b73e7edf00700fd02a,301.75
0x3105f864c4c3baa4378bec201cd0c7b0326ff6cb,446.25
0x93698bd5fdedfd1751a5a290a893e330b36cc4ec,29.75
0xf92188f88a582e1e91a26c1de1d947ef1c96473c,29.75
0xbfc217f82e2f95ebe875a03773d951f897e848c8,25.5
0x20ea0d0de5d515ba818efb193620ef2086bcee41,29.75
0x7a46390d7d29b045dca93961f72ee5e8d8adef56,29.75
0x8c36c3a94cef183be4f0d837e8b0c52cf189879a,1423.75
0x5ee74ba2e48f6cda22756a71f1c89fbf92783dcb,123.25
0x8aad2c2884378ec1194d94edfe9387756510824f,59.5
0x4301333c0b74bdc95fe6db56934a7284a82f51e3,637.5
0xfe36f59db0c2c4336d2e634510e64a5e44134a57,229.5
0x9973abaf6bbe2e2bd3e40d5f7b0e5a20b49de56d,29.75
0x7a244594bf307a96e8f103ec00501c2cd430989a,51
0x3da4881e8950e03d0af78207d94334f4f61dbbf3,29.75
0x2c014af8cad3e7936ec21e1f5731da36be4ccb10,858.5
0x8d21f0677b4e60df1bc91841d5b2d1a571d95fc2,29.75
0x1eeb7ab40b29980df8c0f9b02d31fa28badc5c5d,29.75
0x9c0300427ed7983c3f77deb429b8303fd0859fa4,29.75
0x1955901a948e1d219878c44b89556d6b3a85f351,29.75
0x591205ab469f7fb3f2a40a5252dd0af7bb4b2405,29.75
0xf3ea18ab2593836636180e6039c7c0c0991cfa86,29.75
0xa40701eeacec282e94ac8b93930b56fc62e00e9a,29.75
0xaf3d2798d08f45c1d81dda32368cad7df6273fbd,29.75
0x79d45ad28aba14f39df29b4a6cea616510bb9aad,29.75
0x9b2704e4fa5dd99bf25e92229f4cfaef576502c9,29.75
0xb2d5bc22bf1e3986b5db2886ba1d78b93f0bb507,29.75
0x894d32d3875668ea9e9919a137bc16306cc95600,29.75
0x6aca15a0f5901ba93fec8e9807866742ed61dfe8,29.75
0x1f5c9160fd6a93899edafa6fe4f487b4928b23d0,29.75
0x42af94da5eb7e3416e7df3f3fbb6e44351ecfe57,29.75
0xe76e786aedc3f6b81fb14a1a81a9a89e21c656c2,454.75
0x7e147cefe13fbe103421e2f2fd9d58ff3b878e1b,29.75
0xbc012d9ed4bc1eeafb9507826c79a16c35c92dd4,29.75
0xf41b94e6b61687166626aac4221b5878e1443331,29.75
0xb8199392395d74a1a61d4ca19fc18ba4704d28a1,29.75
0x0d739f18f7103b3cbae421e5472e087f2876d3dc,29.75
0x08a07b7a6503d26597eb9d75e832c002e2248ff6,29.75
0x480fc9d035813f461f74ec2778ab91ca57ab4c4d,29.75
0x504abda884927899ddd4b3a4a6dfd9a019f04205,29.75
0x70933863b1f2336c2453b4269a1c5c4fa996e942,29.75
0x7d4ad02dc20a0ad7fb18b2fb891db7ed781b14f0,29.75
0xeccb8999ba12c7b9843d9248a2df6ba55f7731fc,29.75
0xd19d70438e523fbae078e02104c33bf39b7dd3de,29.75
0x33608eb2dc17734d3597b1f55d55e1f153748c20,29.75
0x6b75276591f533d88efc9d1550b05dec73f880fc,29.75
0x33ef8d3ac024c588767b04efee5071005af782af,29.75
0x0c04105a97d0cb4a2db377c891beaaa96744d159,29.75
0x400b88104e22b696c68122b368895aa2f86b8e3d,29.75
0x099c065412bc7a1fc950c5a542debed084a28f6a,29.75
0xe9b03d67d65bbcc0409b4e16da03d65c68df0a1a,29.75
0x73714922fe52f5659d1b66f9b2265ca3e177bb26,29.75
0x81014cb29ef359720883a695259b5ba51e9e1eaa,29.75
0xf1446a40989f9d47c146ae0bf60d59cef41abfaa,29.75
0xfe4a1440843e138215fe1bbe36f81c1e625ea9ca,29.75
0xcd0de39e3a54d6cba4ea1b847109165fb685ceb2,29.75
0xe15f7b00de58f58b56d236819763696300950c27,29.75
0xf7d1222be1251a6860d11480f7d1cebccf895be8,29.75
0x96fe4d1e35e6c5fe41b95b9b542916d85cc2ddd3,463.25
0xac29e228a0d1ba603a3dc0ac9f17ca34d8963e53,459
0x76e8a41d7e2c68ea77f8c1c3be9a30c2eb42269c,29.75
0xe2ce8beafd2f6a73929c766038ebdb2b829f6809,148.75
0x08e2bdfeb847f87f975d4f372cd780ff02868336,29.75
0x983764c3f54bf70c5b0510434c8b7996069c8eb9,51
0x962f257dadb30a73a1aa2574319a0b29e64f71cd,641.75
0xc25df0f4924a1b7026a28786db2f47b970a60c37,29.75
0xa50fc02c9e785e0f2c7fe3d36d6d9f3a84f017cd,29.75
0xd56ecc30f1ddee45a3486bbd8c240b16a51a87fe,242.25
0xe396146a7070472a544d5d71710be9e55e95e98a,29.75
0x9ad6a4d4655c393e592d5bb81ff0beab54ef74dd,828.75
0x78e9e8f67a12c7d080222a24b034c54fa895ac7d,879.75
0xd9d7f2934ce9c6c4dc741a96af91df2367b29ed9,76.5
0xef738e3305476159f0665393f52b9ccdc74f298f,29.75
0x113747ffb8965b3c4caf0aa62df48b158ae9ec5e,29.75
0xce2c3d3fb6006701cfc4bdb57885a6749d866f71,29.75
0x4f4ea2a28455ed57a156dad73f6169bdce1a213c,29.75
0x0d387e1ff1691126e1aceb838537853afb7aceda,29.75
0xef7c8d19b67f0e439c90fed7095027f4be1b3d5f,29.75
0x1d284616f4f6d1f35c0f6db11252529077ade937,1870
0xfb7dc25626f7fd4dc61a0ea928e8e9fa40279aa4,29.75
0xa53d4a4c6790c07022865f4498dc17c2e75c9b99,29.75
0x9b9977d825bdb0db5e1e31e897d3839a6aeaa5a6,55.25
0xc557dcd92078aaa41f51f46157a02db8b2074d79,425
0x5646cbe5632055c09b370da57d32598d0506d60f,157.25
0x4275e19f3877ad44870b7626e112fe878652a477,29.75
0xfdd7dace6f9ed19b2f64e18e102ad246545f837c,29.75
0xf7f4092a2894b3dd0f1276a4271c416f3acd7d88,29.75
0x5cb59c8ffe03ebaf2cab384bd1c7788a3dc19a95,29.75
0x7757f9a55e4182c0bd50a3bb51d9f9d2154c7620,29.75
0x076945faabbf242d993c7c7ab2c7379e66b991c3,29.75
0x1d2950eb65142d0832c63b15be2f15ea0d9d42fd,29.75
0x5cffcc275c99d0620424b8c105ce01c27e4eee9b,29.75
0xa0b445f571220b2aaff6106aef9784043b27be3b,29.75
0x354f10ebda4ec4b14fb54447eacc3f380b53178a,29.75
0xf4a3acd858b31053e06a82174c9165b537c99983,29.75
0x0fab5395ecf60c0e6fc46e85cf71719c23236975,29.75
0x2d0aa8066198dc8b76bbde21eb5012e07bc879f1,29.75
0x9caf1bd33b2a5cc7a1ea0e5a6c93a2061bb4f9b0,29.75
0x5f80d24c61656ddad3343cd498076f96e1698ab4,29.75
0x9e4289ceaf9584a848de47cd7f96bc1979ac95fa,29.75
0x2adce0a0190d80d0915d92ab68bd8c2566977f80,29.75
0x39c3d0943c678b2aa9c2a75c74c088f3e6d17067,29.75
0x39151fc6aa3123d05d0d09fca2d3e7d22e9905c6,29.75
0x7a5d60946eb47a85ff2de57f9a6a487b45c18c26,29.75
0x6e618576ca3e135cf04d7c927d76668e58c7a51b,29.75
0x8666876072cc96a8b8a3a70dc39c7c0e3331e095,29.75
0xc5728dd8ed46d0abfa4b6717a6b2532556af32cf,29.75
0xc28905fa41877e90cdbdb9c134ece0c39d87e4e1,29.75
0x6bcd91a0969de6ec49976a9140936571de97206f,29.75
0xa857807b6fbc8b946c7cf17eaabf9340831abffd,29.75
0x24604bf4438170cfafe3f914c35f2533177915cb,29.75
0x55d2ae1f8eac3f6582ae0a38d1b75b2a6ac482f1,29.75
0x017478737a908b3ff7c11d884ea410b38ef7c9e3,29.75
0x95b94d68da8d319fb827e240aec1ff118a73cc9b,29.75
0x4323bf145db3e4a0436b139c49c2ee70bd6ce882,29.75
0xf47defa2cda61ad92d747de6173849b737513421,29.75
0x4ecc73a5f8d524f5b3e428d2eeacd0e8c1eee9b1,29.75
0x2167374d5618b5325980608bcefb3b0323a10bc1,29.75
0xd873d9275851c639708aaf7eccdb964809912465,29.75
0x5f0e02568badfca619feb8b1afcc6681d7ec2310,29.75
0x620e457fd7dc344173cb1b23c051e59a66c54dc1,29.75
0xc132deb16790bb21dc3c5adaec0131704ddea7d0,29.75
0xd28d5883e0a88f56b5f605da35bc5efa249ade32,29.75
0xc7221e205648cf925fe9b54f36b2114326266b86,29.75
0x5ad838699eeb3b7042bcc7bfd889550dc15a36b5,29.75
0x61c97e0fa19743f688b0048f27cac1289120fb98,29.75
0xf2ee278a272d609167a3dda94178619981cc46e8,29.75
0x2bff691e19ed45627fc3a8529755a7e83245a468,29.75
0xb3ea9c894b799889d8f4b7e9f22f41a08f07f777,29.75
0x97466b6cae08f596e981fe9fe16b885b0f60084a,29.75
0x0dccbdfdd5e4e467d7d0f63a1ed4ebe2dee7814c,29.75
0xc94d2548afac4702573b4a9fe16979e78cee34eb,29.75
0xa1cdd19683a776da84f757991615689a224de917,29.75
0x5ba8d33bc1e0636a20668e4b1d854e2d19035e8d,850
0xd5ee52b6ac66422ce6be7f5b5daec4fc6490df89,29.75
0x653c734828f21eecc8fa41ceea482fbe2b466669,29.75
0x11b346880b9884596301011288aa3c6e98d7f5a4,29.75
0xfe18b8d29c4bb38bf3b6884dfbc09b3eec517d72,29.75
0x841784b69634f52996d48cbda83bd8550eaed3ce,29.75
0x19d04cc94735c9a5a2a37ea31453b72b3c2e5628,29.75
0xc738a909e9781257c8aa20af9d40876c72e496d1,29.75
0x88b8135796bdc2d807f034e0633222da17f6b151,901
0x838ac654ae5828ea1d9cafb1a9f4e73d752eddc0,29.75
0xca50acd8fd931ae44ed86a9a8fad43b56f1c9dec,29.75
0x58867b8e6b8b10187746cfb54982dacd1f443e50,29.75
0x5932d4d4c99f6c6efd38ce7e6d0e477a949a5485,29.75
0xfb36047f6336227d01cc2103e67338eb00edbe5c,29.75
0xc39adc372b579c7c836df64f8ae71885e92a4d7f,29.75
0xf4531ddbb5cb96093492ce5fae1408f79f751c8d,29.75
0x1627170fa164318571f1362b28adbeb7066d7eb6,29.75
0x1a42cd0bac95d03441439f7d20dadda0e9f23d3b,29.75
0xd194d0d3be071115bee77e452bd8cc4be795d477,29.75
0x818255104e6453a48816cf81f8e9c8ce5055f7a9,913.75
0xdd81171c507096ba54e78c91cc8966d25c2c3fb7,29.75
0xe7221aeb5753fe5f56a608e216d65826a0866dc6,80.75
0x60acb441be7fb967e40072b8f3492586c3b32bbe,25.5
0xdb29f699734832fccbe31117c5875ab18000278f,102
0x22097963ca749439f1fe4d1dc9baff72c30728b1,29.75
0x72bff797ff1322e23076af8fe3e0807c9700382d,29.75
0x88f6a3dc7bc6eda38148d1080e4c03f0bfd66c9c,29.75
0x41583b4a47a9d95ad08b6d95e6c80c1708f4aef1,29.75
0x3d234b3a408fb773dade77740cc5cf17abd46afc,29.75
0xe9d0f33dd7106a476d8113b5018501e75931cf1a,29.75
0x9889aea7b5ed2bbb207b199056c93006092b73cd,29.75
0x81a6865c1fe14de669af737e1efc329e44d6c6fa,624.75
0xf69d17d1abf3cedb76c6a1cf60ea917fb8ff8da7,29.75
0xff219570b03b7c06ce655d86a5bb16194059012c,29.75
0xc9f3054edb656825e501ca25b82e323a65aca541,29.75
0x0f3965d9ea20b115752f43607062fd05b5ec70b9,29.75
0x27da4777b9a62598a973c5c4d593accac31718ab,29.75
0x4653c78be9844e1e33aa419c3173e8cea10d26be,29.75
0x59e652c76a2e368a16ea085d0eb017b5f18de265,29.75
0xde03ee160882cd98e39d1bf59f2260dc6ac20b1a,29.75
0x12359e5a570b054f1a3cd52173ae085ca728a534,29.75
0x0b61e3c71fc905e2f1d1287629fd938867d831b4,29.75
0x22fe46b984a7c5fecfbbcd9d5b2768b9b5c18c5d,29.75
0x4de233e1bf161e7ed6e9f8acf65513c6a5fcbc4b,153
0xe6185d7b19c95b48e1f549219ddee4012f0c226b,25.5
0xe64278d4dcb7b27e671f78ec473ab85d550ce8aa,29.75
0xdf1936bfad963d8bbcf9fa787335d6c90ec3a44b,369.75
0x51b4db24a408d021c8d0f21612a26c61db434d49,29.75
0x0d2794f5ad43e577f3e1a129981d998c50b74839,29.75
0xdec2ea8fbf7e05ca2826161962664656cef4e52b,590.75
0x5e623ae99b53968a1078cf5c0f5ca489b23b1600,29.75
0x1f86ee2b54e3da6b4a5044b980883c0d7a7f19fe,29.75
0x7c2fe2799117df4356390b6dc8c68b041696b3d5,68
0x9dd55bb2b6869f14e6c8fd40463ff0b8f8fa5a19,255
0xe2f5f9b7fb3c13c1139e25b63b1a87161da45213,174.25
0x33823986a5c7892298bd794d4cee5f77e7676b38,637.5
0x8bb85d98b8bc11ec1f1abcbe9be148fecf1c6005,29.75
0x35e254b6b2401d479bbd878c2a625e38f9fade18,29.75
0x066b4561a1bb9076c7c911256154b030a7780484,29.75
0x7e8a24a94e51b7084b2ef3401cff5b9b564eb9f1,29.75
0x8d95a84ded42003e99ac04955341f19c9fc79ff3,29.75
0x7c717767524b4970fca83b8c5445d8dff88ea76b,29.75
0x13c4ec9e95c8a6227cea43c017faa26ea69bb833,29.75
0x1278d2ce0d5ffbcb25d99fdeb21bf0ee24f63d86,29.75
0x3d04bfbcadf7be86d66e7b4bbdab3aa7620ca949,29.75
0xa6b9627bc3871e1977011b106dea257842230f9c,29.75
0xcf6e62541ab750cff6bc149bd8a84c9f14dc1f38,29.75
0x29fdca137434cf78ce5a08769b0a213d10700285,29.75
0x985ec114f3a4556c64cc573a1354d8cc0a59dee5,29.75
0xb245f2f716fd872778a61a6bb98763b297c98b43,29.75
0xf0a492ffb5587d491646053c1835e0f5b729a0fa,29.75
0x7291f1344052b26516d08ed865423283b6f1b165,29.75
0x0f072a9ca86c53afd6364ea125e0a4faf0300151,425
0x7a58d5fabc1b5397e4956011218f0de9d39385f6,29.75
0x6a95a3279ac4edadf1946213e1e4ec6f6b487e07,29.75
0x7bf3eeef640dec6069f451426e9d8cdb4beb2956,850
0x803e97dca9903c642bf9d660ea028de2d9391c53,29.75
0x4aaad94e3189a5c77d57cb77912e56cc2ac81242,21.25
0x4f195d782e8d6da81787a3544bebf9b0695e1514,29.75
0xbe996e9cd5886add200861f4b57ae955a6a47636,29.75
0xcc858d2a4c300aafeeca15308f3a1b066b68e2cb,4232.025
0x5f889e05cD6712a6ac2b74819c7B60697B9A1b91,6045.75
0x6eF22CaA22d08D09082fFAFFa3cD051296a78a17,1813.725