address,referralcount
0xf782517e8aB8B99De79Fcf6418e1329b0C35b608,3
0xE35BCdD3984D62520F30141bd5f436a0e8B26C4D,3
0x4fef2a576965aa81A4c4e07139B2f6AFCEd55f05,3
0xde7fb34d93f672a5d587dc0f8a416b13eed8547d,3
0xeab28D08BCDD3554Bd9dd2C12CAc2eee77e6103d,3
0x82329881038E6d8f93fB2232F080f855bDcA7832,3
0x9cbbC3a2D333ed26d5eDACDf737434A412375e85,3
0x0e54c55bdd32CE7Cb87d39e9BB529cFe43bDF4d4,3
0x887c23F65539646d6089Fb2D45A5dC33c2f95662,3
0x171a6820a4c99227ddA2A337747098A9FF461204,3
0xb9648C02Ca974523796442E9FAa5Ed01D559d810,3
0x775E8e2D4312737144CBdd7E1BE9B859FBF53eC8,3
0xF3195d42C7d8297A97451C97530d7B59AB855BB0,3
0x1a29b6528c90e3Ec19B8dE31ed0AA8895BaEDf19,3
0x6e7779064e16F4f5D0Cd335324c36569B9daDA18,3
0x60D1AD3dA0bfd9360c077ac0aCeA7A492F93eCCc,3
0x856d02DE9e072339D005bf6D056375b79aD55B5B,3
0x3900345c6cD498c5F9325D945e995368338073EA,3
0xd36715c067a5F211Be226A2430d887D28023d475,3
0x38709Ede7A71d8aBC44FD89238b43F897cbc9828,3
0xd84cD30cCEeA61e6D14D97BdAf22E0a8C55fcF1A,3
0xF25764842A2AF4E4D346e03C1399756B4c2efcc7,3
0xC4AB5b8BDED1e0d27E81F250F175486FBDba5210,3
0xEcf9d05a427B0f0e14E79001268AFe00821BbE99,3
0x837009d3aa0ff02bf971fe4eb9fc499c286d3927,3
0x5abD184CCBDe01d8136AfA4e2aCECF72b3201051,3
0xf544Cc90cFeDc8bc13Cf3564715aEA5EEc9D866F,3
0x2D57E90bbAcCcA4826571D6D4d3aFe73c137E798,3
0x006E29f89849b619F21F5facAadE10be3919dC9f,3
0x80203EAeFf5Cdc046BF20c12F25357acAaB63aEd,3
0xBb3ed2A0eb60eEE8c0DbF6D1b74e8b0A21FAb056,3
0xcb6a036c0EE6efEb0c1972986345850902F091bc,3
0xd1371CE462D9b9e71464111Dd94113C3bA23525d,3
0xFA65e65a6321c37486972d71B3f50400bd43F974,3
0xEAB615ba9e4ee5f219846d67A8E3771FbbDA4a4f,3
0x72FEA86F9789ceC501333Dfe1c03c1C6464c856C,3
0xf3a74d08Fa08E71966F614d0EcC2bD01E4738508,3
0xee0b6b7047fd4aaf23e66cffd5261f3a7fb4ab29,3
0xB6C9C406112C1BB7977193DaC83d5B6Fd9d0cA60,3
0xA91dC5FE609a8A3F60F776f9d210ab4D7E59EB57,3
0xEB91D470b50125e5d9B361d9b9083255eEE3DDed,3
0x3d6c9dF0b161806fB4b4b53369b5217D9871Cc21,3
0xa33455d820a11996fe843965a56849cb6f1fc88c,3
0xEbb2204B0F92D51D00Ded27f00030f52a7378834,3
0xFFB9a31520965eE021D634Af67ea2ac6A1606BF3,3
0x37ef79efaeb515efc1fecca00d998ded73092141,3
0xf8746869BE8be0B045D45030eBc7Bab8c76D0531,3
0x68a4Cd0F8e9134951109355DD5481Cb9C1012Aa9,2
0xB006a4e36552e0cD834480aE94076D6aCbf0BEF0,2
0xb2c1FF61E775a048774a365cb6a43a514bc3CcB1,2
0xd16E135de98F97EBA9864e98Ca197F890384c1FC,2
0xEDc8A5E18Ab06AeaDa8B97cf4D6F3253AACF6f42,2
0x0841E10D57e16bA6CB8AD950B1E3a922d618a0fD,2
0xd4282ea73fF6f5199765B9583b3c0D368D82C034,2
0x397a412E236E1cDdA72d917A7E0D204a515F1C4a,2
0xeEcB77D6912DA2dfB729E646AAe6f0E8964E6c22,2
0xaE44e2e5ECF04124c928b55c7A6689CEC9e7D546,2
0x33F3356610FFbED55B64469AE351CE8F516476F6,2
0x868549d585B8C220BC9BA2F8A142F3052E268Bb4,2
0xA7E88e8a968DB58875Aa0987CD95a180aB95dAEA,2
0xde07Bbe84C62Da2E1cD893cb2161d1eC6AB414Cf,2
0x7aa62Bb8fBb9cAfEcF20c9982C248F0CB392A585,2
0x80d7bB18521ACBEF32d7906502ebe94928690e93,2
0x110Ae93934bf9C0BA3e3CCE99c8861dd4130954e,2
0x00b53705c80fb7075ed8ff78f9bb5a1a5f4236dd,2
0x19b4854672581fbF7606Ff1317b4006847041479,2
0x996A12AAA139F5f806CC30672c674DE0A349B10e,2
0xa922e3ca1cee4cc76b34f510466c125bae153e23,2
0x90264E2f501A90eEAF3a0baB597f6a032EdFc75B,2
0x97d3890c40B09BdF86f74De4C87411C454e81868,2
0x20a1a2cBbd6635942e9b58E79FeE071cbaC9a78e,2
0x8c26fd54c42b06593258b86b9d0f91cc9e5e64e5,2
0xCDe7ECda09b94269B51E3E3556225265875CbFf3,2
0xc72a745bAf55E559f18c5EDd8C8Eb6a9a7b19080,2
0xc4F7bbBE90e2Edd10743bA4D1d5f435414a4F5C2,2
0x9AD6a4d4655C393e592D5bB81Ff0BeAB54ef74DD,2
0xa8Ff9B940683F5c640353e66e8201A0E90acc8A9,2
0x01fB826059Abd9f5bB761E7dCb171C0224Ab37a2,2
0x10f5af6ef0ad2fb0b993570051959809af831c32,2
0xce7C57B43D4DF795EdA9E51Cd9cAc862a6cFD01a,2
0x41b0BAD46f536956646f2b70027375DCd64619E8,2
0x3C55C389b58fC7c9bEa15bF77bA7961068DFaE7e,2
0x8e5dB21F95Cb6fed5657be01EE19f5072Befc6e2,2
0xBb23986b8A507F3e01710F3e7B821D3F21f0AB0c,2
0x5Ee74ba2E48f6CdA22756a71F1c89Fbf92783DCB,2
0x635fcFcf8CCB8099CA6E3A4d57692c2000043bb5,2
0xd966177166D16ADDE52462F5DAccA972A849AD88,2
0x14b51dbaEb36BaB0465FB45Cfca569EB41802735,2
0x16863767FcE775538Ab671501d88040cdF028781,2
0xaB23CC3a425dc52fAB87E9F51Ff9164a9D0F81CD,2
0xb092925D2F39B063cfAD83560fc7d2af179d5776,2
0x2428E5Ae455bff97fFd3d04f9F5AEb4EB504c2eb,2
0xB1f0796f6bB898D933D95E6ABA82bF13B1cEc228,2
0x2C2f838F0DAc3f4915F4A57f3cB63abcd806EE40,2
0x88c914aa11eca41Fde18097E044204227b04e6ec,2
0x36253214c1A642c97917d6fE15b10D6A004Fb818,2
0x37cF41A0a641D47d9Cc4C45f3B1818903d3510e5,2
0x2F92c213566c9F308eCEc52cFC8224312106aaB3,2
0x22EDBc937a75d77892C8C3EAfaf79d28662A433b,2
0xef4491E9047c039eBA2C82D1389e14a184352B78,2
0x05c3eE3C1a8aeA63B0D6A9eFeAf5c0e60c4aC3Ba,2
0x136F2916A7b817705A4aFc48FF24140bB1b07F05,2
0x0114731DEa1bDC4994B8Ca845B0fFCaed7d9a4d8,2
0xDB2e2ED32DD80E81b0C3Be0B5b57bC3325322308,2
0x748565309fc3DD7F1C0Da62782A3F86d3932f26F,2
0xB9271ea92efAee8C0980a3cfB52D9C08e99f995f,2
0xbe14fe7706ff387848d42c9d63ed580f4272f338,2
0x3a21a5316a91A2b1e651BB28A17840ad8c0B64F6,2
0x267a57C1C346f270565F090f6D29B2E90c200AcB,2
0x35D1dce23f8453Eb6521b0c89C783DD940dFAe81,2
0x51b4db24a408d021c8d0f21612a26c61db434d49,2
0xf620587DE38550664b38463a4668aB8Ad9cA7d1e,2
0x3bE700284048dCAEbB9612965243b43207ceeC6C,2
0x47fe1d33cc44133b48709ce5b5dfe87c381a4cd4,2
0xcDDF35423E8B699E8653418AAE2B19f51D3b03bC,2
0xD5c0F7bE7f2CFFB0EE4aede079339FAa081a8F6E,2
0xbeE62A28339f949dCad69E2c75Adb54ED4fc3a63,2
0x1dAfa0Fd15a8548207b3b4D994108603394A0f1b,2
0x37Ddef38fd342775de976B02E366dfD244C40765,2
0xfC346690666B1F3e0b8FA729f94cCe64969eD074,2
0xB2bE4494D4A3D939516F0E04AaaFE7e2548936A4,2
0x41a6eA29118Bbc191f76d5E898CA7EA331de2c34,2
0xc488af7304ff0b77b802bc74312d5597f2c3bff8,2
0x41cc54a6e8ccf33789698c9EA08d7cD16A1952e5,2
0x1D284616F4f6d1F35c0f6DB11252529077ade937,2
0x11Bc482Ef059AFFAEa099FC909BcdC5b021E0393,2
0xA2b4Be559db08800B988932B88b27D026bb8AA30,2
0x51A125F89CBE0bFBFD62FeE8a750AAeC8fabC441,2
0xE7dfe0b0e247c377473dd4EF5F127A0Ef846CDbB,2
0xF39E4b7705129a8CC3E889040b1867C71Ce22FA7,2
0x6F1342BfF21aC9111bfF4EF9fd600A3A31F98aA8,2
0xF42B7ec907677a79468e3b8F910Cc8aC9Ba044F3,2
0xa1BEB350A770aA731dc674d11D487DE582f518d0,2
0x13d2A02530E987F68b9df14AaCeF417525547410,2
0x4Fa5f41C3d90527CEC19a6B3BB2084AFB885bAf1,2
0xB84B3850EaBF40264c45FF1A5B5Ee3bd64F9983B,2
0x0089646d7E2e8Dfe08568cebda5f7aAD506EE211,2
0x9B482Deb4C550180101761776D6E8d00D3d110E7,2
0x375657B886F330C8f5538908532B71839C6A2046,2
0x76E059C6FF6bf9FFFD5f33AFdf4AB2FD511C9DF4,2
0xE87C003BfBf354B990aaEAd50bd6c1017Da0D1aA,2
0x994Cf20f5084427d078dBE368eE9C5B6b9eC0755,2
0xD26A27019EAFb39cCa6f67B90bc3772805fb1Ea2,2
0x6e4f337CcfD1E77C1aC9Ab03dea113B43Cf0cFBa,2
0xBf3470CaF975E3F85c45daC6D022D0Bc62CA1f52,2
0x9682bFfE9Bb2FBa2735C3499C18Ad4a53DCcCeDa,2
0x1cff5da802703815aea69be79491c636369d0d1f,2
0x344bB85da1d8b838CA84B41954C3dC6e0Af404CF,2
0xe2b368371012D069198c76727Bbc877F80B3D363,2
0x4fF7Ff6bd423C3dfD07BDd7dCe2b6AaC09fe0d2C,2
0xaF058d5C82B59e2315f46A65307b3be80819dcc2,2
0x5baECeD346006BA7c2D79605c7b55Cc38e7fbD95,2
0x1185e92D82Ba54495baFE5516ddF19d88B6b11E1,2
0x47BDb8F872d8B64e0AD62ae0a22c4fe3E13DFEa4,2
0x114040c5a7d2C7a5Ff99DB6e8A3fDfc4B51B7D18,2
0xE8d1A99d3F9cccE3b8eDD5d08ac0d9a57cB7E10D,2
0xF513307f6C8f731e26cda78Db261e447321381a1,2
0xC97a85ad198305A356F5cBc874126baA12C35235,2
0x4E2C3EF488a49d973c15e5bC4BbacEa896FCD747,1
0x9c062fb6187cb591c0ebb26be9a971047e9c0f2f,1
0xfe9c19457C56cc7205830710c9085c62c65041C2,1
0x4eA7621d5EE0550b51F128502368aA9bf3e5A33A,1
0x667c5DEF22003b28fD1F172097e7ebbAE4080753,1
0xDedb6039f564d50f107D6C27794Cd2C283E878d0,1
0x2f26De92f3f835f3E1e755ce207fE505959c0617,1
0x60129369ec4BB265a540969CAbafeEC03e3e68Fb,1
0x58090e5cCFEE5cd7840dee892e40920E38abF77B,1
0xB3833A0cB0c53Ad89bb12EeffE78eDe05936C035,1
0x5614da1E18fb6E223Cfa383717D28d9340540F45,1
0x58fDE9484303ad05752520424b29371557e4a4A5,1
0x358AA2AeDc6D004382ebd8447a5c4D4A8E5729c9,1
0x64D6E0774917BCc18bba2b3051283AaD4E20afEA,1
0x2302e9bfe39b538bcbe42651b8f1077b23a07867,1
0x4305C7a584146B36723C64BA387047830D8d4d87,1
0x821E915b13E21181434029cC0CA253d4803eDf92,1
0xF83B889c4BfE93a52F9D34d45a1401f7C8179BF4,1
0x1245ed611710C2dfeD46b09e82FD616aCCed546D,1
0x32C235751A2C9C7f472d6eC6068E1608b6a35aD9,1
0x167589bf67752cCb079151fAC71504D8Bf8Ac196,1
0x7049d10d42847397b0E52408F8F8c6C23f619b47,1
0x8bD0E852544f3C4572aeBE87fe108d1b637e86FB,1
0x51E4aae33514Af854591Bc68d0052b670AD54698,1
0x141Fa59f55247d82f1F75EED57dF2b3FfA715550,1
0x73CB8c6F3Ac120034Ad06D65C0a7e49f3b126350,1
0x80fC97CD89c563082C28EE5CA4529c35c9F7c2ae,1
0x313FDA29134Cfbba6682dFEbA13778a871aA588a,1
0xd371c5b95a9b731aba614fed4a93edcee60df3ff,1
0xfF30962BFaA3B5853B28aDFa79a235eF5A35faF1,1
0x2249974d3F501F731ba8b2aB64800c8AF80f3489,1
0x75B4aCDE636f1B63e67c0c5748C84fa6E55c1797,1
0x18301aC19CD1b9390400c6D0a6D800bdd68240ec,1
0xAfdf0d2Db709ca94d876284654843e862A7B003c,1
0xF520455d5563604dC6C08ef6877A139027F07d01,1
0xA85d365CB5C1DD187f3b52aC2ee60a8B77b510dA,1
0x48445cb720fa42D164f38075BE7Cc2586bf698BF,1
0xBb3D80d0eB4d48F831a34a1CA5E69cBA6C22D02C,1
0xfCd20240e4eac2F59c5065687d21E930f5102C5A,1
0x461337d4F089ADF16455acb785415f6437da0c24,1
0xe9237b25B212A9235b091dA148b40deaF4b7363c,1
0x32fdC57653308449f20223F6c3a8dD867382BEeE,1
0xbe47B601caC39a24910753CAB3aa33a202122506,1
0x694f01944514e9D598BA5b8E636f8e02Dd4B88c8,1
0xca68Fdd7B5AB9D9c2bbA2f72f6B45E451F15B8e4,1
0x73D923358C8deF832E4f7D5BC9FdDB1Ed5920b6a,1
0x14146E9a84329a261E9d1Db6F28366496b49C15E,1
0xe158Aa3E8520C9ecb258501d4604D3233c889a98,1
0x2434a3896cE832932672e9C0f7c35f0F34e04206,1
0xfF1622Ea11E57A680AcAc56B4907F323C28C18bE,1
0xC23A42cB86E3a260b7bf119fAF914730beDaCBAf,1
0xE229Cbd2C4eC8f1911fE5d06Cdfe9BBF07991A9a,1
0x73ddB14AbF93eC0Fa0E9d55df0F14ed4a7228dBF,1
0x2cb38b47164c74226da802e28ef40bd9c91086d6,1
0x8caac1cD3DE19fD5b1acaa79E5b157DF30F7fC0D,1
0xE5B75f5d3dCF429517196c9364D1Cd918F63A160,1
0xCd00e47e571B661199ED67AB7BB7d340B145784a,1
0x38523De7f1bbf1Cd09A4f50FdCF9a2Ab2C734A1A,1
0x86Cc770414c5D881aF9b29075912f4E3B98d5051,1
0x361742b71A4d18285560CE105D131c39BA3Cf4C7,1
0x1fB309c9e6591bae9340602e200651591a19d5Fb,1
0x8249f9A2dFc1121e6366F1387e3f30eF9AF28Bc4,1
0xc0ab654928969B611D5734725491eD0487e20bae,1
0x5936243909E906De3f92E600BdbDA0eCE048B649,1
0xB29A7297089b60214173c4b07b54073FA5D5129E,1
0x960Ba0B4D081F9c4d6eE8EEb48E1083Cf2cC4725,1
0x2756ccfe1f1ec0a7a7be8f8e2593165eb2b33fc3,1
0xc411734F0D60F7B330d8b9fffbafe0fD66584015,1
0x67219695Acd476e167Cf9E34a7775DA2f1EB36Bf,1
0x3774539539a91ba9dbcfba5802fcbdbb8a40f45f,1
0xe1A1F9418C204b952c2f5CF3555Fc852c3753498,1
0x67D03E55F3057dc0917CAA986BEffEce0B79E9AF,1
0xEa9c21c3aEffA36a6e5A6Bff7420ba2fDb0e7Bd7,1
0xfF90d4946fDc2Ffa2608345d10e17CCFa063A662,1
0x100234012182362f7BCC3529f801a3cA10cECa72,1
0x2545C95aaDb47927c47115f88db6a1e131000BF5,1
0xBB0868Dd2909b450612Cc2b64986BD868d018749,1
0x14F8D0d35BEAc8Bb4378717Bc611591A0866B7a5,1
0x4cad1CE74422514bA5eadfFAcf91f6229Dff00D4,1
0xCc538c6335203Cd2e771F27d12F4c90695366407,1
0xf59fEbD5Eb70A27d65b16A5D4C9be846331FB2F2,1
0xf8cC7bC318e980bfc66Da014e4c9AA8c284833a4,1
0x583a41ecBFC10224bfb13F5A497D83BF24Ed7252,1
0x1d8816cD7af621572Ab419Cf50b3B34ef99095D7,1
0xBc99A6D7d1a0756F85E343092f6DF70344400fd9,1
0x9ce3775eD3108b36942E6AADfb8b6AfDB5ADdee3,1
0xa587d03766D76dd795f32c49136E812AC8E3F62A,1
0xcf7BE6fd41f1E6cbD1EcD39c1F2eA442320e4EF3,1
0x77C17B0A8bA0e074943bebD6c0efaEf751b754d4,1
0x0A8223852ce225eA5656bEc7Eb8a071208dA866D,1
0xc66D316609048B6505d7cb6D41159DE3332188F6,1
0xa9935c3dFCe994da4Be0B4Be909dFD6284aeDa09,1
0xB096c993C7af6E386bd78E9490fdebeE52923403,1
0xAaB5714975DA70D168f36d19Bb0d0D3253E67aB4,1
0x95ec882af9e576f1fd7f108e16e650b60bd3c548,1
0xcea1085ee707788609bD7312A7a43a92E26889Cf,1
0x0894583873bdf313eA6dB73545817320f23cA469,1
0x0727d95d786Ef8C7F03E5F879De5073F4D30D36C,1
0x5EB88824e28067353B893B3Cb049e0dF712df22F,1
0xd05D24EfE9B9bA97a2b03A017D2c034eB6f63d62,1
0x9D6Ccc13Eb78aeA61b533a7253e9de69321312d8,1
0xB2C3c27bf78aB22e116172036aa38f5AD80ed937,1
0x4a80eab14f89cc85d6c3ffcb95bf30cf7a19da2c,1
0x4654C8eA28e94AE76F9E2B92f4180c84d27a7817,1
0x441408153Ff3Ad8D1860DC6BB65B6e0f98eC4D66,1
0x798E46206358a351a655f13C67685B145655436f,1
0x63876585a9f36b1D30551aE457463cDcb4c05AF9,1
0x51CF578Aa2A1A37d7bc76e29E8D8E077DCE9B803,1
0xFbFEDc9094C94Ae7cAe3F1543082d38a029aBe79,1
0xe70dF66D45CfF3dFe31f86863D8Aa41913C8fcc2,1
0xabA04d4FBdAf367A1aD7F29eFe250299E5760e68,1
0x774e2F5c083830e9b6C56fD10396E8b5F8Bd5EBc,1
0xEc759Ce3044d4A0f13CCd06E751784F5Db968b6c,1
0xC59C38C594125c08D2d75E2008F3dC43d04201c2,1
0x09B97e045Bb76BF33525DCBebFC401745eA9e020,1
0x203709b633a98f3a5b0FDBC3639211b3bbe621fD,1
0x251bCCB83d9dbC592d5EDF29f1227C6C5D7E193A,1
0xdE08ea8654001B1f2724a7Ac1687D3EB1E30C194,1
0x92d7E3e439B61720FC4C9BA936bba525F7660A8D,1
0x4eBb0C9446196601170A3552ba9680e77347C59E,1
0x6169ae7075c96a59533318C91b67009450E4a7F8,1
0x970b359b647b311e22733a0abca43a4299dc7c8c,1
0x446CeB380aD08d7A1741Bc57C5a862b02215bF2B,1
0x7eEbe2B7966616d52D7777057B16360960D2e220,1
0xD08f451B3442F2E106aD387D97b1183Bd7AFd431,1
0xe32be03ecE9Ec9032D42be008682a480637D6671,1
0x42af94da5eb7e3416e7df3f3fbb6e44351ecfe57,1
0xAe2438BE832152d3Ea03bFB2322D00B4e656A847,1
0xd76F97EbFeB29C872cE8B8D5d6c499875C9Cc4F4,1
0x6Dd3c70D5C8A4273D8edd724F070480b8830a609,1
0x772461ae4847eE00492910a20fa971B09b69844a,1
0x9220822F8421516c95644054F9558EE7c913623E,1
0xd7072d03a2706345850be978D618c41502304129,1
0xa7AA0BBca3a242b56C086Ddc6De2eDefaD0bb4Ab,1
0x0cdE5CCD8015EC75dDb4eCdef40753561FC0F664,1
0x2584C13315348d0b855dD0CFa445E51Cb073dbAe,1
0xa42eEb2f9829d01ce764Aaaa3D16BE5b0cbA26d2,1
0x8477cd6eC6af9770B352A31CAE45F73360c812e1,1
0xb24Af58F4e675C5AD9656e3b86C4d0bc723389a1,1
0x144C682BaEF0975FcB6a8e1edA6E2a15C5A303EE,1
0xd68169F8e03d84b60aA20B40E367E0cF4F0E1eD3,1
0x6406D4AC5D86612F53014fD46243d2442CCC2093,1
0xc94aD95E7f28Ae5aE8deAE266EfA610F84A37337,1
0x1341C112e5eA249213C73F1C60f2D4CA099926C9,1
0xbda12563a964a731B306B1BfD947F6b30271Fe11,1
0x06Dc0CBF44EED256C5975210095be703504a4541,1
0xD540E3f06D88Bf4c97870CF605dd683BD6F79aF7,1
0xca7b74CF4b1B004dC23541b5d68083fD8c9016a2,1
0xe0E0c790d84a91b2a9Cad979751CCDa5e569766D,1
0x5aef4969546C42e4Cb635c66ef82C44278b998db,1
0x06420081eD0bB4B6a5339D7896a873739166c51f,1
0x504951919A3c4A0c2122a4Dc28Fd851Da1f2e6CA,1
0xC411161a8B24EDDC670A0064fAF2d88A64d73d91,1
0x6799c066E1933347f9CfAaA5877b843797C30AcB,1
0xB520Fe0297842eC165b56e3422E25202D2469ecA,1
0x6b0e14EA2F7a6fFA18Fc337D3e4d6bE0C8902715,1
0x5FC5ddDa591159cEb44394CFd5A68c48EaC90336,1
0x14CD263Ec468b998598Ef43cdfd9174194FBca5d,1
0x278B4f3AaFc3d731613Db41c9dE0e43D57Ea0143,1
0x3B84B671474BA1CADCe3B439A449f30bb6211A72,1
0x9cCCEd89F99b9f2d79926cdDdca2D21Ac9223070,1
0xb91A94c65c24a15D998de9948be00418d108d668,1
0x1E973341166e98072f7e560cc2fC832cB5353697,1
0x79bd7d5599b4c8483606c11c66599d2F04253D39,1
0x1dB345FE0E4E38B4B170A84163D12781DC4a94E9,1
0x471f97a4729bBa55393487E8E8Ad71a3B640483e,1
0x1514F9Dc7dcCa6d8eff7b4E75dB704EeE02Da77F,1
0x12ED15F83CCa8C4D1542313113D64A951EaD1375,1
0xc96865F806137Ea155546d7c2b1fA29B46cAa681,1
0xb7cA53C6b42E6B8a5bEFA6d3C4B24Bf8ce6c82bD,1
0x55A9869c5a20910eAd729922B9B9dE0F5c5F553f,1
0xEdB6CF7cac43e0B79Fb433a3602BAcCB91beB199,1
0x1d28893152dc78aCc223A5DBB0E72201bCE54430,1
0x3A4B8452c5B010E13F2433b74c8441A70923dDFF,1
0x262927f7a62f4C00f468f0962E97545B00d1ef56,1
0xC59d6A51bF82e816c04838A8dAd8153a4dcFB68E,1
0x26a74e056EB4E3607792DCd87070E468878d14E9,1
0x9c7c575A687b4Eab0f58912bb7e69dB248ec2393,1
0x0062ac6d0906FAC009752a6c802B88D20dcaB4e5,1
0x2016a7dee1D8f8996644Dd3cbb63bA419955f993,1
0xbc57B338d28FE76A06fc9879a69477EDAE192a0F,1
0x9d5532F17B082F863dc1b789221818D09219f259,1
0x67CD399F97EedDEf9bde8ddB7211D8cfd3fcb24f,1
0x8D030B3884D9772A5A5739A62B85d7426d15b473,1
0xDd22D108a7D270dA13aa1565Faef5104128Fe78e,1
0x20be6899Da6aC2A12cDEB1A1456A25FDcEe925cB,1
0x2316E1FbB782c86066472eB3bA71c192B1e1ec27,1
0xe67A6b2038b0Ca2Fa982CE2612c4bD63553d36e0,1
0x5f369AaED88d779d965dE3f1Ad4712AB7147F0A2,1
0xDb368BaE2962F4763033434b4ded929cfEE5a7A2,1
0xB184F9346bE271eA35943CE49A0f68C83A8dDE8e,1
0x278F468780C051736FF11cB0A2C4851C8a5E0213,1
0x8d5960DBDF2E462D70c3611873df893fd4FfCF46,1
0x92ff943521237Dfc75433996D573d8f890405d96,1
0x449f9867Bf67b1E630A7314eC8F6d63ef89027a8,1
0x63a33bfbFb3C1c980Cd1312683c61A24F3C4a878,1
0xCE4C51Ce9BEfF1702C3251C01960ffED275b7fe1,1
0x295831261d30BF5F2A9543dF3172e853e06Fc4cB,1
0xedA01024dC5dDF967719124a37194A1474247feb,1
0xd7315Ca341Ef9BC0b02aD12B3Ea9aE27E778c820,1
0xBe3E6c4F8ae5b82a136Ac2C8e9c445fb3C8DDB0a,1
0x1fde38fa064a5c2f8e683d524580cd5e6b8afba6,1
0xccD0CccF9F7A9F5d697cEf6a2D843166813Df66D,1
0x3164f60C608e30ad8bC8D0179EAA3A8289145740,1
0xfd073B7Df6840c51A75335AD087Db1057339a294,1
0x4ab15b4b94c24f684348298a92b962a840e2c09d,1
0x257Bc25Eae57aFC4c6859F4c20a5F4318A0d24c6,1
0x726B3c1Bb5D84242F4c07E4608a7259377b518C,1
0xfd00505C72A3cB68201b19B7A8591877447E5Eda,1
0xbb6Abd89e6c3193C4f85b10b90027106cDB4028b,1
0xE09E733A132903168E884f5E8601388d85BbB702,1
0x7752ad15c22a3DAf8CA486381f6Fa759Ff689C6a,1
0x49Bf27a600AEaf03169a00C5674cbb2bAce6CC75,1
0x8B99817ECd7C27F96d072beCC4Ea34099A8E0622,1
0x21393098DA15Af830891c2e19A8128169dfDc6C1,1
0x36459E3d5f163BBEeEC3Bb1d280e839E749844CD,1
0x6c3e5c2FDE90E50B79966Dd724a3CefDb7f057D6,1
0x6A050226FdA830746AE9e656345C927540Cf5c80,1
0x763f89011867327b2db74fe1Be3a150024A00cf2,1
0xFD7be309e5b927CA8229F31bfcd7F0291A036f32,1
0x52d97e7fB2Aa2B8FBcB8c797AC8E11b049C75dd4,1
0xF12a1817B8a6e9F5d9Ac7b4D10f9026937Fc3F31,1
0x67a5F452F720fA73fc27C22Bd7Ce4a78B83bdF4a,1
0x33888F027fD61D21C31a7dCB4BdD778a04789AA6,1
0x9c68Ee251F176F885c8458b551a490e40DDD6Ee8,1
0x8E4BE781dA50B8586BBd5E2097347028df83c0eB,1
0x6eBf980b16B29b4AafB8EDc078D07759B9611EA3,1
0xa9aEf9c4aF5b2EfbB8fAD74A9BC405178F1De72B,1
0x49f98BB58b412E564c1B560D223Eab8627F08558,1
0xd28035d9018214431D2027474E603fE1376bf5F5,1
0xB3FB825c7ffb5cbAD945122576053d98172dFc9F,1
0xFD1d2B015fEB2BB54A8D24Cc5AdfEa877CF72733,1
0x5EB3Bf0E7ea99C2A3053E0eb4D1BCbc6e4BEd1aA,1
0x2AFfc146a37C6614a6670367DB7E1eC20FeBCd2C,1
0x8FC2A74923f1A0BC9e60Cf8B62b9EFf386BaB3d6,1
0xA1Cdd19683A776da84F757991615689A224de917,1
0x506F227514E1246386F466989a8b0e424E0DAd60,1
0x3eC8036A3733bFA6ea277AAE3fff223D7155A95a,1
0x4e7B2a2bC703640920D108E2A4cd4eA74EA686e3,1
0x8C6138356D2739354965500189acC17a7e0585DC,1
0xfE7c9bD6f195315d7db913366F3D25bE971533D9,1
0x51A59bC74CFB686697Fe2c38B869175fec09f5f9,1
0x6CC5ece74E1E9E52762f20c09f4295D17ac13FC5,1
0x401956Ead8C9940Aac6c0Cd1aC2d70d7B4e8E86A,1
0xee374d4e271232286d054763eb17e3cb23094ddc,1
0x15365E7D0337F8cD36cC18d6917E8C874234a3c0,1
0xe7658C8aAc55a19239b867Df124a43ac15792aC1 ,1
0xed2d6701C20be7862AF4E87c4e9fD85912EB7177,1
0x06172Cc56f1043F969eA2EaaE82D292a6b49096d ,1
0x4EaA9d71A30dd5c397bB94A1fE5996d479848Af8,1
0xc78A13Fe213b2A0a75cd4Ff83CDf1b083Efd052b,1
0xCAA53FA3C33DA82bAD0dDD0AC56B040700CBCBBe,1
0xac6F0Af47BDD92320369BF0558a3043694993EFA,1
0x101C14Ea26928D49F10f984c927A9E25461f6A37,1
0x6D05612439099CcDe7EF6Dab91490DC67033736e,1
0x0FDE941FeD685783bB90743Cc8d812473DC49925,1
,619