address,amounts
0x7E3B70879b490f6f0F39B237d8F9fDd248539973,550
0xDFb732c3955D923d522a86cFeE937026a43F63a3,275
0xd7072d03a2706345850be978D618c41502304129,275
0x4F60Dc21a22207BA1eb21572759851cb3729B5e1,275
0xd745573Cdaa82965cBb032EF617Cda3d2803B5af,275
0xeEA498052A14a38cEBf107d0F0f0eF30Cc674F7B,275
0x6fb2AAE794c33b1131a6F12d8c84C4fD84327e58,2275
0xAA6d995fE028FAE955133B7416fb8Ba22C8e6018,275
0x13d2A02530E987F68b9df14AaCeF417525547410,550
0x52f8d62c259eef508EeD99385Be4E3f5bbe03B6b,275
0x06001c77A65B861249D4d6A2BFCEa6Dc8325376C,275
0x98Ec15A3f43F5304243E841898345BaDe65bf050,275
0x8331b95e050690240743b53830eb30fc3b2ba647,275
0x5C10C47B2D848e06a5DffA45B3bc10860797cDAd,550
0x30c6F05361f9559742fC589113Df5E5bc7038Ee5,275
0xCadEB66B39cEeCc12630f85a0739De723bbDB5Ab,6550
0x954ca028b02f2e13f1a75333cb1967ea7eaaeaeb,275
0x69fb146D0Fd6f833eA9329c5e019aE47C0A04915,275
0xDfa40abd50920F36A9dC9d1d0F6B38C09636A354,275
0x27B39D1bB412DFe15579e5CBDAF6177d598d4f85,275
0x7a0aDb8d368E44e0EFAF479Ee9c8d962816490B0,275
0x0220a07E02A1161Bf3345F8baba0a5890253Fb9E,275
0x32B1Dc6A72eb673c539cEA9d0C029D92a6344D7a,275
0x36E729b3107762e51dDE266E11803DcA28Bef030,550
0x398fDC534b73abB2940aE2a1323d04D253d31884,275
0xA009D96EFB69bC8e328d43c4d18dd9B6d7422BC8,275
0x266C497d665e3787D3405A47cedb4AB60b05a812,275
0xA7f24da84f5e3A08449f273c418e7ad604d1F27b,275
0x70b02D35D731bb8Db768053E1F40c3036aFDFABa,275
0x332Bf9A3CFe7D67DA15Cc774E69697B71D01Fa66,275
0x9fd6e064b03612ab4f33306e85ecb15334befe0f,275
0x2d5d79E54986DcAccAa1e79C0F9A37E78E8c7Dbd,275
0x82A3529f832aCB41e51F27a0E9e109E42e243AA4,8200
0xb4c91aB467C137E9D7C18e2a349b2F8555e95754,275
0xe0B9Ee098b0b1De9761e76c51839f6B34B2D11BD,275
0x098862510c748EF43Ac9b563c2492055a74AF169,275
0x4FcE91cd6877a1E2bCe0546A2e7Db6795A6e76ef,275
0x590Cb961aff1c2FA489467e81AF2Bb08b802A402,275
0x52d0Fc347560cC997f87984200F4a9344eCDC597,275
0x7c5DccAEE1e2f103585acfBF72dE8E19592c091C,3550
0x417315cEed17C035d82E06942974b6965Eb80091,275
0x2fbFB350baE9B876b9671C59B54fB0eA86754AEB,275
0xA5135394D563e323e83b5c1b097acDD7A053b40C,275
0x99A522716057659b43dfCa253Ba374A862D310F1,275
0xD96dc5aa1bd40f6D41f99AC0e145535523aa84Da,275
0x28B460E553cE81eA5ea5407eCe30bBA3903Af23d,3275
0xf7a13589d121aee4a8404a03923d0ba37599928f,950
0xfe423Df83bF7C1B64352a3F586c21895b52C43d2,275
0x966eDB5CBE2027DABb9E9C19b4c4811df2EA19b0,275
0xe08af6154Cc34547c70922dd15358eEA4F6b91F3,275
0xBF5dd50eCCE6104a6f9587EF17237AA22A1bDfDb,275
0x577975a52D0DC2D46625182F899Da67B39FefdF2,275
0xCd66d03A9a769599F22e811ac8cAFC4AB08961EC,550
0x441a61cA9863dA5Dc7d86f4aB68AcC18b6560b15,275
0x09A48427a3063CD57D00C2C62f78b08Aee654755,550
0x615d5bA85AA09c408501E1519bf18a0e72092C86,275
0x8eeFAe59353a1787a62e8db7C9679D974eBDDF14,275
0xbc57B338d28FE76A06fc9879a69477EDAE192a0F,6550
0x62dB1661AD765167ab28a2BDaEf785F049ac9498,275
0x1Bc9B2BD6073b65ed19a49EEf8f4ec50bD584B87,275
0x5C741325d0e37b9fEeF9E0E5EDb09f5dB9e5264d,1800
0x9dC9597A419Bb3D7c727f57a53a45c39937ee61F,275
0x4296afE4799f62f83Ef00dB325d4B18b0AC182bF,550
0x329f4435E0F22899b733756c71AA12C1004146B1,3550
0x2211DEaE839844F79d68B384B01FE03E40C5e655,2050
0xC1Ef2bdBAfe7A24964873EdDb50753a783a060B7,275
0x066fb187404FEeE6EE7f6cde21697cea1A89ec23,950
0xffd6334C0a068A752cB62798FECaD141ed56E3Fa,550
0x4124942B468473552C44011655Bb4fA8Ab5E9840,275
0x09F213953D92F865b949B3E39b9dcFaE687d4966,2000
0x8e80711e175337f258Fe0723d29E5fa5B57DB026,550
0x7247345A0113da9B22bee90322875C1b3D9b9472,275
0x8377033Ab96d71Ca34a9C1090889c7F1ee39B979,550
0x03B366073dDa2EC30419819dF45C43a71b05dfb8,275
0x9362FB8241d1E21429FbB77b2E9E20A748C772d0,3275
0x363c3116D796ED45871f2855111cAfA44788ba0B,550
0xAA4e9Ca01011Ea77a70560633dc8A10B147367Ca,275
0xc303b2AE6360AF9cDce75F87D57eE8F7BA42D717,275
0x7219738D11bA72C0D3343753E7A7884aE5f45f33,26275
0x89dF444934B3080C853b4099923D94E3a560b811,275
0x7a52F357732Da1265067120d3De0795bE1EE1Bc7,275
0x1cb3F7f26A333aE16Ec2ba3996BFA5E1ec35192d,275
0xf85974BfC38A7ADB4e4980b4B49972f94bc3867e,275
0x75FB57291D1C90398ED85d37De829F06aAcc7587,275
0xD69aA223A1867C8C66a951F4f73c8105011b28bb,275
0x4Bcf75211f31be86AA1a8C5Daf41c009fEae9303,275
0x7a751f597b0dcbe6025e05f25148fd00391ca7a5,275
0x6A45Dd711658F0DcE4d8EA6C595E5c0f2efD2e61,275
0xC2933176a9be2116721A2681e042111Ad22F8266,275
0x2BF6714F171AD3F051240c24336b8Aeea5a4880F,275
0x0114731DEa1bDC4994B8Ca845B0fFCaed7d9a4d8,275
0x82CA3AB63205b404D6A4116e9C2875814E6B0D9f,550
0x5e2c20CEe241F76D471fF2e1ec014A3BF76b399C,275
0xF9A409C25E1cC70aC072F50CD7A0122ac230e045,275
0xb7c2FC9d44db04Ff888037037aaDfD10D7564d95,275
0xBaF6f2FE0A5450Df724c47e340bB38e9507A9D4e,275
0x250027FeFEcBAA1d0a77D9a8ec934cbED9012690,550
0xDC922b6B33Ce36B02C44f3B09cf7EA6b613Ac939,3550
0x313FDA29134Cfbba6682dFEbA13778a871aA588a,3950
0x9C8639aA93B0Aa62b015EdD225D8A52f25a5228D,550
0x7b370171964BEB5a97Dd8a24Bf35e46287DaaEf2,275
0xe204F2Fc6f5aA2BB968f1ecE326F59be4b514B0F,3675
0x112DA725292b17Bcd41fb2D716e98588c903Ca1E,275
0x610B0783A2C3a3E70529CA144b170C1a5b44baE3,275
0x8fb186b94756f5658D16dF90ABCE4B84bceeA31e,2550
0xAFA7AD4dC57FE55D98faC246062Fd75b0901affF,1000
0x21c5b6afe0d725489e77fd2cA191E788D42B77B4,550
0xbf3f3De2ECcF37Ad14bC45537575f02FC1F2eA41,275
0xA1E3c65c4fb54bAE32eD6311f0D28B8dA3FfB00f,275
0x450f127672d11c69327A362CF57e5846CD7b17A0,275
0x47fe1d33cc44133b48709ce5b5dfe87c381a4cd4,550
0xf7ec825C7e6b2Ea39A57c291d27e882D8e4816A1,275
0x5917444504Dc488b1C498533EF465f1bd8383022,275
0xB9BEA0554B3CA76660712D6B525CBFbc101fEC1d,275
0x3aCE52fECE1c442589EE3d5Cdd6D01Be397f5Df1,275
0x6406D4AC5D86612F53014fD46243d2442CCC2093,275
0x8c9FB695C3336ED9507d738D7B229C34c29a84ff,275
0xe537ebBd709F7D40f595c1Bb450320F344Df9Cf9,275
0x994Cf20f5084427d078dBE368eE9C5B6b9eC0755,275
0xbE7CD41E060CDb07c548D6C65F1d786E43f1c392,275
0x598B13Dc1d5FeeAC4Dd55d55aa8BBDEc23a2816E,1775
0xA5b177f6afc463a14d6bf40bD81F3b35810a3aEA,550
0x6adF23bF0Cfc05576bd7Eb8AAB0dfA057Fea434a,275
0xd98C5379E4d283555262d408eF146ab5eDa61cd3,275
0xE26395Dc1B1053864FfFaD91B6977855C9Bb97d2,275
0x67B271e10dC48754863723981cc97Afa3a034170,275
0xd7fBADdFB027028f351391c1CF33FFE4Eb894533,675
0x80d1c0B8eA4999A750239123B5B198CecADf1fA7,550
0x84d406CFce47c9Faccb2B3396Bcea4ed5F81d8Bd,550
0x0DBddae8bA17F005Eed7bDe70CaeCa5f7194895d,275
0xe9Ed1AdaB228d2daB54aE33908C687033bc2cF30,275
0x6cbb9c233E05539C53D753AC07c4A7d43160db9F,275
0xA1e6B29Ea4BAc36069b4AC06a96782EF4EbF26DC,275
0x7d4048a55D75a2f062A4dc5Ba4CB5fd1500B71Ad,275
0xA833cA78feA03D05e57E2E1Bd449Fb1F5C4893C5,5550
0xbA422Fb2Bb83dD98Bbd438AC3A998b2f847272bf,275
0x8146b3Fc673aAD5cCB89aAE1DC3368208b972B6F,275
0xB046C5Db96924Ca5Ac4222B8ACD50b427374A24B,3550
0xE2EB333E660C2b5148Fa57605e63039892FeDB98,275
0x66a8872EF451120c4A693f5a8E9Ac520aBcc4551,550
0xac82ebD0311D5875c60B369Ba8FF81420c44B2AB,275
0xe4DfB7B2086B13a55654Fd2051786089000A9949,275
0x232c60205290E45616a74d2DaBd9BfC1a228B1e1,275
0x3eb4B506A839B33a4e5d8719A4150E478083d550,275
0x005c1ED2E9512a07bC83E0122c86D599f2384b8d,550
0xe27c2167F6316a4c6dBdbcC2cc8662265e96e57E,275
0x902a559e7512a541b5137f447DD7a43857c40695,550
0x2D60a5714fcA4aee015478b5d3774843b415377c,275
0x13baC47f0f4fbfBC418E9BD33Cc02eE47E50BCAC,550
0xb38E69459842949A76C471bfACC7DAEaaB03Aa7d,275
0x278B4f3AaFc3d731613Db41c9dE0e43D57Ea0143,550
0xA879931DC56C0a468f95e0EB8a733a2229772E9f,275
0x6824761cfc26EdE8C56f56521D61B8b566b3DE5b,275
0xB02a9aBa18cB6A4e21e67B28f8111D0285d2044D,275
0xd025f432F3694C54036EED5C7D5B4a22210dF4fc,3275
0xAD8EAE37db38b716be099fD74556E9C61C9699c9,550
0xb86C8C0122c195f1f05921D04808Fa704e8e178E,275
0x1A5d8EAaEF4515C50e9C98243F9578086B2Fd8Cd,275
0xC42Ecf17E3041FB4f6869eCe6f3cbB2F4FdF1DFA,275
0x5bF54a3E37eB1974B64e7257241D6a53faaD2354,275
0x2cb38b47164c74226da802e28ef40bd9c91086d6,275
0xBC16ddF210B8DB6C06F68c746b0d59dcE23e625d,275
0x8b5cD2232ce2324cA6e729fe4d2f63446A6E9951,550
0xA58b3210B6F9626DFEDB9eA232E8EFc965873559,275
0x09C2dAf764D124E4154c61d350CC9a5E841584db,275
0x7cb1A6E99fb2ae45fdF9ED2D5ad67240aA5164d7,275
0xADe1683F0466C4d748a22CBCd4b5443a504400Cf,275
0x4Fda2569Ea0EF094B3a43EF553A8e1c3C1a15252,275
0x73fbD4e112Aabce7d43d86ed4A0284E3BE079e67,675
0x53651887259a01dD92381C9A2963696392BA0DDf,275
0xeD72DA821BDC235169587eBfF8374BFFfd601214,275
0xe9a6b65962eB32e021ce63212f174bFf1c925A1e,550
0x36A864e2Ca20905053eDe231AEa156aDC7C3C209,275
0xf9F7357c3d62e14dA35c0F3A98F95b44eA54ECe0,550
0x248994471594C56F844335907f46F9A03e5Df54e,275
0x775E8e2D4312737144CBdd7E1BE9B859FBF53eC8,275
0x4c881a41be79badB12C77c632C914063a1Ad969a,275
0x37ef79efaeb515efc1fecca00d998ded73092141,3275
0xa5E77f0f89D6F5b3B8D6B65F5b0e9401c6bacE21,550
0xB25EB24b1aEBde4A80AA6c626b186E5BdB52Ddf7,400
0xF7628E9789073AD677933b123914709890dADD44,275
0xef4491E9047c039eBA2C82D1389e14a184352B78,275
0x7eEbe2B7966616d52D7777057B16360960D2e220,3275
0xb3397A6FeEdff2b9fCe9Ca1086CB1Bdd617c16Bf,275
0xf2634cE0dea17c428AA8e5a26a857e554e762368,950
0x1724c35003D1edEbd6633be3AD61e9984096e70d,275
0x76dd2f01e1629Fb3624f1C32954dAae0FCdD46A1,275
0x593fe7CB770A6Ecb56C10c67077b875869d1F385,275
0x67D03E55F3057dc0917CAA986BEffEce0B79E9AF,6150
0xd818447C9EC0B5b0CC7CEA7598a79115796776BD,275
0x195dC5552ed8670BA8A4c4867Fe3FB3099084858,275
0x6194642B77Ff3723fA914c3351BB9e802C115F99,275
0xfFB07a20e5E38BF1492651780484620aa868E895,550
0x76E059C6FF6bf9FFFD5f33AFdf4AB2FD511C9DF4,275
0xD1Ce13c505485485efD7B1e74bf58AB40D7e7789,275
0x2d22e095B05C5c87947f1D8fE258238FC43Bc14c,275
0x45A78D30543949366D6F2DB1B200bb2765958dd1,275
0x7e0f1607C34C24EeCcb823aaCFa7C59E74B5Fd24,275
0xcECCdE1c3E7517bc66fC9518B0E5E939520ddCD1,3550
0xD7F36dF68b51AbBE760505cdaE225082C087A33E,275
0x78B76BB478A93245558aFB670e91CEdD312Ec436,275
0xf8746869BE8be0B045D45030eBc7Bab8c76D0531,550
0x72D1aaA5A74b9A669040b7Ed4EC65D6b5dDFD3f1,275
0xA158065DC2BE35559E592bb7c5cFDD82E7889605,275
0x7aCD428a6E47B594A802906D4EcaFfbD1D8316c7,275
0x7886DbCc7Df67665C4A89807d8794D91dC5D59aa,550
0xeD9886045Ea7604993b47E4d5F9Ec4EF8ea1Fe79,275
0x40c9CAF4Bbb3FfDaC6492da01c94758eDeb8Bf3C,2050
0x08F6bd7D188C2fE35D90319187407eea0568d334,550
0x4bEaB2AF56BF3734983Cd6fEc1e16e3e17889d94,550
0xe01A56101c63fD56050445A28b4b6ba346d2A05E,275
0x4ec77A0Cb90072e886fb76F176DF922cB65be32C,3275
0xf309601C5e8EB9Bb663Ecb2b50b5184712609AC9,275
0xC596760503B4B215c82D16DD7929f976a728c271,275
0x7fb60697837E2F120b3f792A0FFDD040D83DC7EC,550
0x6cbd0f9099a8160ab1029bbd7046d642f09675d9,550
0x86E71097eF9Aa4c58FeD40197b98DC517C059C66,550
0xD23B32C57fdc661a8f2f4C73f5C6F8DcBaD6CBeE,550
0xaD8d0ea53a37BDBbe09778b267f1BeDe11652ef2,275
0xc5eda879Df93e0dBe671b1e4Db8f503Def7bA06C,2050
0x5abD184CCBDe01d8136AfA4e2aCECF72b3201051,550
0x8f72Ed4948b408963A733E9BF3C9AAB34A785d5e,275
0x3Ba0EB389a0495258ff0Ef5f2ed0c935806035BA,275
0x9002466DA0A690ac4118262FD9f7bf096177c03c,275
0x61e78141C2A54cD8C7ACb5E6Bee385464390A085,275
0x1fd9e491A921a99646cE4b71f3dC98dC5a4ea5E1,275
0x13707522372cE29Decb5a10b73a4BC8dfBe758f4,275
0xEDd39c4959B3B8C1D1BaE3cA4876a81bE003905d,275
0xe4aeA151a40Cc8251118e74E1efdcB474ec4BadA,275
0xCB8c97649640D7a45aE45767A64D1dcCa6dC0948,275
0x59D24be241Ab2a98516f5D13c3f4Cc1B6C29c2C9,275
0x0B2Dd6693182d0D66d91B3525f20551E7C79BC1f,275
0x5beB09dd42e456d30cfCe3dF8b05B73B8710E1AB,275
0x01e32C8307a51A2a1EF44b2B87fa11E9Ad1ECFc9,275
0x57b7F1990649e292dc6b77FB0802F0278D4686F4,275
0x865dE3fC8d3d4D4e1177b8d88ac08771eaB90C99,275
0x00BBa4e30fe56326a7516E908965C92D0EAe0d6f,275
0x6eDD48A255AEec62Fa83c3D0922cC90AB9C46d7d,275
0x25F2eDef138dB6e687880cb8373E2715a738A396,550
0x261Ba726668e15B002271ed672548EF1b9dD96ee,550
0x37dbEaf8a6732Af9a690bAD1984113B0D5e08A92,275
0x9683b4b6EDaDbf8027bd72cB3489e397B58cB2A2,275
0x5d5e7398B0e065239394bD658a9D6B866238A08B,275
0x80d2b2365205fA6baDad9dE7F6ae04ecaeAEdAB3,275
0xF6DeCc5230861F3F30e973b20E81934C5affF498,275
0x7049d10d42847397b0E52408F8F8c6C23f619b47,275
0x8B9B0d1Bc97c7b9101Af27150FA43268C109DAb1,3550
0x972978353E8054e4CfF24dd7348ea2B2ec768d55,1775
0x278297C33e220fe9824966677F64f0d6373B572C,275
0x6b163Ea2dEcdD8a2D838c4fe4A75898B23ceC4dd,550
0x35A9Af7d5dca66717F39507d327C8ad29CC8c8d2,275
0x16863767FcE775538Ab671501d88040cdF028781,550
0x562B29a342b7bC75887F7fDFecEf0eE528Dc4111,6550
0x5681CD826591064EaC6731d14f4dA8A7B6e68f59,275
0x3D1BD90c96529D7198fb44Dcb6772892d12F7f63,275
0xca1171b026b91b3113AE25B09fDd9B9AbB45854C,275
0x3EeB3310604C4e4c6b2493dD0b526F8056550eb1,275
0x67d49480327a2CE274c4a330ffB40175F3257FF6,550
0x0E37CA68f849818DF0AB00d3Eb73d72E72fA7eD4,550
0xfaAb9425366Cf3137C19967a7446860D2B5034b4,275
0x969182504dd6506eF431983a19B34897CD5f136b,950
0x879Ce555d21E913bc72a2968A6900f7dE70a300a,550
0xe73636F12c82c324A18573FD0d0EF254b2C3C6dA,275
0x923128bD45fFaBC7f1606C48DBB2D7248d1224B1,550
0x673c1497E79bEf3073cc89d5CcC4D74014E54502,550
0xba11D713bF99be96bfB95c07514d6a567E9Bd842,275
0x883d8832eA8cf3e7494D0d5fC5558429a5DC553D,275
0xE1B8F05cb08F23F8143eFf88A980249fE1D8Ed86,275
0xE7F48A26f566ba48C4000e3E5bB077b4aBB5d4Df,275
0xB6762b5F8d5ACC5c69983fC07A9Cb794c90B5CB0,275
0x58090e5cCFEE5cd7840dee892e40920E38abF77B,275
0xB2770dB3BAf1097f6a273c48a5a2fF5701fE17be,275
0x99B221EFb68EE3351a546870997f0e0178e43bc3,550
0xA9b7f513decA109D2271DFF29aedD08934d5a84F,275
0x6aa6A776BFFB55Adf6E05f205dE8923b639dA173,275
0xce9a4aafea9957c96921c2cd946c2ac48b25768a,275
0x584213211706148abC3BFA6C5AD6424c43411461,275
0xb09B155dc53EE4f3D07f55642659c1F26591Bf20,275
0xA29245f2b6DF1De1330DEE55a0fE17704c07e17d,550
0xec08eEc7b51ef562999565d148B636802Fb9217A,275
0xfd031860FfdBF775640Df9f27C21233Eb2ef2d20,275
0xFD22f813C29e7052625c6890b664EcCC17Ae544E,275
0x64758dcb061D7a38a0447F950831C30B26fBc4ae,275
0xFeb1d3De1b71FCeA55a5cc3b3e82237A881e6033,275
0x6880215cF42E148783a6eAF93Fdf24D617D6b16C,275
0x91f08A017297f775B7A25AAa1b6b1ac69fC7451b,275
0xE88f0B4C6912751d301929371Cd487CbD33Bd733,550
0xFD7c2AAda1d978BcabA464F1e9f952E8A6b8E71d,275
0x96828697DE98Ee2921b9e048e25AA00e26410F74,275
0x891185a2e42D3e8fF8992Eb3420Ee7716c68F6c5,950
0x02d6d18c3129b2DaF924774D01597beb73aD8B1D,275
0x2816e5991177A081dbEEaAdfAC8342a9D84baefB,275
0x942B6E0fF58cf04F51078d7Ed7D96b0D9f585d31,275
0x55DCc5Fc3fBCc90eA95999C41268d8910C6606bc,3275
0xEDc8A5E18Ab06AeaDa8B97cf4D6F3253AACF6f42,275
0xD841F014E9407312bDF11a4308997f68811d1166,550
0x59E73c1E04EF1a5BFf96968cf98c02768F2a5f6C,275
0x0fE4B6BB04d3a7c2F4DFcF148C0e879f910Dc877,275
0xF3E6f86Beb14875Ee52838D55A6a9c685f546cA4,275
0x9C8e57B23654B1903ac7253c9deFc219dB31f64F,2050
0x8f5acC92c5B55cf48eA80bdCe7255D7d08fA5035,275
0x33A8A1fbf8B6Ac65CFCcCa6Ce2EF8A9ec82247f0,275
0xCAb1E42a27A0c1Ab16c7E2d366b572f31E3ADC9c,2050
0x514E373522587814D9400D7179245256Dc9F3b0D,275
0x5492976ef8Ad2f5f7Cb27D9051E5d0408efFab96,950
0x00a4d878d8E7c25A5b6A05eA565C6859513c75A6,275
0xAa39526373Fe75aFF76D959f838F8cc9EbAc931f,275
0x94576D7aA1fF9dF1D55e7F0E49e05a3C6b34411A,650
0x709b52863b976352170ee4489d33c08D25f6f0B1,550
0x082590963070b4632BF6221E0c5f240774034D05,275
0x825f8fb45D9Cb890888604ff6dAdee50A9a55CCc,275
0xee12e6e0342f569d5da85d9efc6f8fab4f369257,275
0x641648a96E63212024bda378A3Ae2beFcb92924F,275
0xe3b2cF21E90BC04D4A2197e4F71648cE848d43f3,275
0xE675F71Fec8301D327767C91a0c1236dd5E7504D,275
0x10f8cEAD0b9d2fe1E84a0f4d31a6118C8BeC7836,275
0x1b216FD502292C2ab0BDe024Aa989750B8fDAF41,275
0xdf7deABfB7bdbC5b71e42E3eBbdd7CF2B07C273D,3550
0x1Ff67Ced24baecF9025F98206747736e2f69Fd20,550
0x2071A3350E7A9b0A1A49D01dfAA563903A262847,275
0x76aefA3fb1B4776dF2da053563bBd241E06A7305,550
0xdb99ac9f7ebf0c96498e94a782dfbe089011ce24,275
0x25350120C181D24F995F007De7d2D15D87262D62,275
0xC29490f69FD2c2F8DF1BCED7Db5bc95d3010ac04,275
0x652DebCb39aeFc7B9551eE6E87D48ACA5bC49546,275
0xd2374dD3Ec4287907Df11E293796cfED8C5a066a,550
0x1316FB4d258e6e9Db929144F2c05FE80D7fD6368,275
0x9eB089492aAB6bAe7d21C042033c7830f5e29D06,275
0xd66d38dE22Cb047739a6e29fc8C6169A4D8085Ab,275
0xe075842de848439f4045B7387A13EF558625CE5a,275
0xee0b6b7047fd4aaf23e66cffd5261f3a7fb4ab29,275
0x77313d02f74BC4ee5FB5D1127d56CbFd071b2485,550
0x4b3426804E332B4Dc26141A4c9618Dafe639fEa9,275
0xb5421eaE7fd3164197fa67ef906a7bB597cb0aCc,3275
0xF7c2C7E5E14b381E810d87F87638432C3f1393Ec,275
0x30c0E0323dFB344B01CF27D15141311a4CF8939F,950
0xe857a766811d24843a96ca419ba9491a1ed637ec,2050
0x6460110594fB5B11e6d3e2f061efA1Ba14a89890,275
0xe8D63d152C4d6593C279dA430DB8ce13358765A6,275
0x9537Fc48687f5912CCF29f424Aab43e20bb942d0,275
0x6578C7d252293fd17df51f42e48db725153e0A88,275
0x6A3e3522365924dE4C948Ad64D12466579f28178,275
0x87310054F3C6Cfb61cBFa2e7A09976f236981868,275
0xfFe32Bf7694Ad811e7fcc39b159E3E4c10BA775C,275
0x7366026ecFd065D53D0fdb74cA05434F8F0abbF6,275
0xC5ef1c754E26f12C81ccB3f02CaEdBA6b4d6e719,275
0xD32B3F6b78229eEab6b97D14D3e241e633270939,275
0xF7d31f6098297A9cdC4CD3008AcA721d4a386901,275
0xC00Cee5D4243bc67edc9779bC787b4dfBe70B9E5,275
0x2EAa93F62Af2b2e27270d5199F8987fD0dca925f,2800
0x045ffaBadE3cA28B59274411a849208A6FEE2415,275
0xB42C0fb7617F3E3aCce56fbe536a731c901Be490,550
0x80B1e2905720C88C05C7d6EcF26b65Ab01Cbf3Ec,2050
0xB374A8c08D96D274b72172A3dF9F7Ef8779af1db,275
0xb90b3EDEAFF3cCa73b531A091aEA4653469F0B3e,275
0x39aF8E69233e891Cb2C5d7f257a50b743f0DB085,275
0xF2DB745bB3a68cC7A951c6f4000dac2aD45f3241,275
0x123450eaf85AC01100758d38F9617b7558eC5D8F,275
0x4b34353E179E755654e52240B66Ce1Ee013a5B2D,275
0xE3027f0cD8957041c52B3CD1239de9c760164C63,275
0x1Fc0C80307Ae4105764b7446464DEE7B0cd03651,275
0x8d04d2F5745b0FA1d3EfE8Ec579A5978ec0c264a,275
0xf422bBac735756e7630E5b8b5fd9B6332ca592d5,275
0x86f1890697bab9c20997fa44505BcfEC66eF9B4E,275
0xB6a101a1A827141deb9090C2fAE24d62a8aCc6c1,275
0xB74d22E37aCaD9bd04fA0415bb371D1070d885e0,275
0x375657B886F330C8f5538908532B71839C6A2046,275
0x5DCE1b63Ac429D90CA7CCE348348252bC299B7d9,275
0x26D211bCF7873fE25B91ACb83F396FbA9492f8E8,275
0x66A5c07a541BD2B57F49512D810c0F6F2Fd894a9,550
0xC70EBB1CE35c5722eA06bEFe2AAb063478E666B7,275
0x205b48F6A2cBd19298C6c861010586b4e8C610d0,275
0x88F86821e3F1e9eE25599757cC7063B8564C3201,550
0xE40D524a9dc02Fc7fd44520354eB6f9b9b732CF9,275
0x7b37E8060CCf29c7C98748303250d6f73809D39F,275
0xBBCD2921E31295F2A6e191440697064A67D8953B,550
0x4c2d12b8e502fcefccf05838e69e5ae8557a8c6f,550
0x161b6714434451Ee626D18FFc3745a50252ef112,275
0xB6067F7F633b1A8a0376789FFe708c800A437991,275
0x03e67cfaf0c107844a02fa4233052afad4bd9272,1300
0xc427BEdFC9278c04Fa4a4fE406C8382DD271FA89,275
0x408C7Ca374172CE8283FA501f5d7785475A2B961,275
0x837009d3aa0ff02bf971fe4eb9fc499c286d3927,275
0xA3A7Bdded94Ed5Fa2f5fEdcE8e9667b2796536af,275
0x762300Ad5F5749cc2E835932Fc6364a41c3e0242,925
0xEA7c1aADCE0fC411562dD219f1D12ee062cB376B,550
0xCCDE74BC42F2B6389177837567c1Fb5c2C2257F7,550
0xD556eB53c240680C91cab8376F0c0885587096ce,275
0xBc99A6D7d1a0756F85E343092f6DF70344400fd9,275
0xab71a525c9a7f0d9C3310654d6b4d59742ea2904,275
0x9C8Cce14B054310420D042059028E2E90a381F22,650
0xa309c0889Cd47C2880158894Aa16d1CaC252b4b7,275
0xea8106d2aE7A3Dd3D40C742AE7267c4869f0EC1c,3275
0x868549d585B8C220BC9BA2F8A142F3052E268Bb4,950
0xd67Bea641952C1e920c122108bdE1d36E1C9d388,275
0x4429f8362093602ad2c3697e901a9f0eeb1cf036,275
0xE57265feEE792e0AF274Fe06ed5CF987d732b581,275
0x8BaF1Bb6D6E52B6E81a9d780C2F36FE507DbF6a1,3950
0xCAA53FA3C33DA82bAD0dDD0AC56B040700CBCBBe,550
0xeFEd25cC0C720bf88FDFB9413dBE7849739f43eE,275
0x9dd1f68f6465514A1e3c36A765c17929608FB1a6,275
0x2Cc8A2cB8b8261df1B03766E4461a3eE90a916f4,275
0xB62C81C1Cf676Bfc529d6A67725E9c03523C34B3,675
0x41e88D36D5153F3Bfab14D8c4863044AAC910A91,275
0x177d57053594EbC52A722B631001bB99b84E5C31,275
0xE29aA82705837316eB43d87d1CC78A70fA11F324,550
0xe9235972F118eA44740e0a8780FdaE50173E5Ff0,275
0xd850464759914aFAa8B7936eD4aFf657D1330b1d,550
0x964c905b602f3dcff74c20525184fa87021c17a9,275
0x2f341097b3a603Ff0dfCAA1D55451783b21b4e09,275
0x6aeE0b264dAd6847a9E6aFB3Ddd2f1A7bD2Bd45C,275
0xfd00505C72A3cB68201b19B7A8591877447E5Eda,275
0xB37920A7b1F23B39d97C64123d6501115Df0576F,275
0x37834333483C803FD8E91725cD589860DD264997,275
0xA73fA2565C18218AC6510c8CD3B220F5794f3B84,1550
0xC95DD22eb99f812eaFAb969D9B4B59DDda3f1994,275
0xE90ca49f51Af7cB8B82374453527A69cEEcF6aE7,550
0xf7e4AcFAa419CB7c0c0E90D16BBc69837Ea495E9,1000
Ox768ac7aBb653aCOE919129845DFbOd77e869c826,275
0xf0193AE492D6138Db94Ae4872Ed13F65Ead94E5B,950
0x4D067C8fC11eF8bF1447AA5768B656D583e42399,275
0x37cF41A0a641D47d9Cc4C45f3B1818903d3510e5,275
0x404935E6b798F82eF4e4C0c7d435A5E75C4618d6,275
0xC96F70172d16326395525E154c7c868F98E00E5c,2550
0xccD0CccF9F7A9F5d697cEf6a2D843166813Df66D,275
0x22c6887778FB3c8a5D7693f0Bc781fEf7f442251,275
0x87379c15810e77502e436ab8f06794cc662d39a5,3550
0xd371c5b95a9b731aba614fed4a93edcee60df3ff,3550
0xd576b29870a145dDe8B2B39A4531626B8d76F42F,8050
0x748565309fc3DD7F1C0Da62782A3F86d3932f26F,275
0xFccEe270B27D36B9504CAb9ed098969e4cbBD437,275
0xbb4A41f3C43dDEc07Db17dE0f1D3E88FD6235246,1775
0xDAC2166eA190A0B149299657181bedF6ea9D8284,550
0x6b23f6C79fdC4b73c59d63A108aEc0B2d6591517,275
0x21E269A7BEb899c58F36E4A3581ebB51cCa63A96,275
0x532a157B6e88551b6E668Fc874DC204064511B64,275
0x3ba6F6E1561Eb6B2D7A833b82CC4d0c4065D71c7,275
0x57e8b4cbfBAab5991c0d56cBE8870d77a2c24645,400
0xbe761779a9063be8f9856424cd12d58bb8e25e06,275
0xADfCd64990B7cE78946949fE4e11AB2a528AadF7,675
0xdb51F44E0157bdd03b3F6a660E2a35B054ae5F5F,275
0xB047E7d4A7098E78C01BD724F1078573835a609a,650
0x84A2dC2BcfD75071439759E953F0bf3d7728AeE7,1000
0xB047E7d4A7098E78C01BD724F1078573835a609a,6675
0x18fb3e1f1a96eb29fd1abf9a387ab2c791491d76,275
0x400a4b579667905f244A4EE5f985644dA19eFc6C,550
0xBb23986b8A507F3e01710F3e7B821D3F21f0AB0c,275
0x8d64fa48cd15E50533f211878714884CCc2C2a89,275
0x9bD5C83E567081541Ad521321B3142A8142aC999,275
0x3f156c5016db132A7B68Af3FC504c47614F315b0,275
0xd79Df9dfdAAFb194D4A9f1536aF5A7A3b37eD8F8,275
0x74DD944832A58be9838F288a9F5e856f2D27744E,275
0xA738245f101A3858c868C37bB9207D02DCA96348,275
0x110Ae93934bf9C0BA3e3CCE99c8861dd4130954e,275
0x20be6899Da6aC2A12cDEB1A1456A25FDcEe925cB,1275
0x0Df415736Be40485c5016F21eEb373fB326A7847,275
0xc9F44cA1D383Bc48DcBe4Ea530B636CCFF577019,275
0x63876585a9f36b1D30551aE457463cDcb4c05AF9,3550
0xF2a79973f142Da5d40A2A0c234324Bc8b426fF35,275
0x6902D21d480d79EA65e83eFa71afd1Bc6B542802,275
0xc6e3879bccf181d0c3dc4d925eda6afaf2b1f53a,275
0x594f5cdC1B40CF0373253fFb21d21Af3BaccAd2D,275
0xb9b4828b9cA8FC8e5a830CA5928082a95F1CbfDc,275
0x6da832A56df09726aC5E98541109cE6C9c31D4Bd,275
0x630E978089F69dBe2Cd6F429eFADEFafe72056cA,275
0xD24dE5943106EB1165353b8103806baA0e1b2E52,275
0x8B4393fCb44DF2Bb7D83BA04cd1A19582a496b72,275
0x8460B752D49De926C8C623b4A836Eb7Bd402930C,1675
0x446711f07a8d093A265d4Ad00F5fB3DD34C674d6,275
0xb0775E0DcEe3afCcFF79d37d874f244433583496,275
0xa0284DA4cD708c94E8123eD17cCA0CA2A5Ce2FD4,275
0x9490452fdF7785710704248E17883499df586d39,275
0x30F5D173BceCc50099556eBB58af9c10bCb1134E,275
0xED17D4F0d0a75dA9069Af6ba5986b9203E655560,2050
0x46F5d1bCf2B0461510f38B4AeA840856142121f3,275
0x57908DF3A3Bb0520299628C60C68B11cF24C4Ba3,275
0xdEa552eAc4AA8a40a8d8d36a39a6143A5e467e98,275
0x68b4683475747e28a83596e94b58187d452099cf,16675
0x98F24e15136b6C2D78b6D28950A062F7f7E9F164,275
0xf39b07fa34046A0fd31263D426970Ac1bB77531a,275
0x0c069cB27C4AdCEabeb9C72Eaa25E834051Fb97C,275
0x7b38Eb92940FF5fdf3cE3C2B5cA52F751077Fd16,275
0x8E951550809790826ACB69D1229B5d10f2C4Db29,275
0xD8CFEd83a12518Cb83F8055AC03A06493dD12334,275
0xbB3a868cC08bC255d96Ab842BA92a4A3Af762fA9,275
0x10dFBd9fc87652429A668B5d92CF387B9957b895,275
0x8226Ee90DF3aeA1469fa775873Bd9A95D1ee18f7,275
0xcE126B4A88cdBf9738733dCe7Dea6BD1Ce524DA2,275
0xa84dc83253B0adBB5Ddab00122b7332b8F1e56ca,275
0x2504a9AEef904c8159fd4D76b0c30b7D2111254A,275
0xCCDa1CE40c6A0838c9a2E1829f5d9c3b7917351C,275
0x4297029b25366bDEB445a657ed0456AFAb3C7630,275
0x9f531596BE4C0b540B75292cc5FffB5d0e36272D,275
0x7d91fAc0F6A3c1105E228734EB74B1E59B001211,275
0xaD1D65120d6F73B75639B3D96b631d4c89423cb7,275
0x4e470bEdFB9543D67cA40Da62795a6179A375595,1775
0x79082CEb9C9c9cAF32F9b909e36c87ed392ba940,275
0xfd871FF8fF0F2D60449FE25e865Ec72cAd9e0296,550
0x61F70C0ED01683d939BF6D013592C71fd3454c8B,275
0x9CF254f8142fb79b3e4e1cF23c42c74699FD0217,275
0x42Af2AB7734F52De7d6f3Eb27cA8E6b68fE8dFeB,275
0xAa494031171D4E661a904ad5726E9EeCf05Db967,275
0x3dD309960ffCDdD9EE857F23BC2Bc620D9e53c99,275
0x7ebE53a3917311c9714a4EC801e259c9a4CB28db,275
0xB692CBAeA9fb03326F4647e9598683C1d86D3C12,275
0x41E4645371005E71575419DF56AD7185F3751033,275
0x98256132a520c136ab765a5098E0188256C883aB,275
0x2AB1Da152858CdBA4b6f89815d40C34112538807,275
0xcc9363DC0182e735fd2a3382f9923Ee5202E39C7,275
0x3e24d0460872675C30DEDA2F4676673c69Ff3270,275
0x1D99555c6078C84578f6d573De894D9Fa492bdc1,275
0x906328adAA48F425AD3CF1Ad1fb9b2E18618682a,275
0xcf7BE6fd41f1E6cbD1EcD39c1F2eA442320e4EF3,275
0xb7f5EADc89feF1dcA308d4853E48BdD6880aD368,275
0x5936243909E906De3f92E600BdbDA0eCE048B649,275
0x66d97833B5125F6886f29B0FCB65A1854819D729,275
0xac6F0Af47BDD92320369BF0558a3043694993EFA,550
0xBF137F59cc5A8a50BA2312A1aA9bddB7703915D2,275
0x565D5B7CB0a551777228d8b16B36F81A708191a6,275
0x0aEB646f61C3A8cdf2D2936748F96d3baFa43147,275
0x271da5517761159Ee725184aD67b819ce91f3001,275
0x6964D55Bdd413Db886aF218309EED7dae4e042EA,275
0xC1DB291DD8F2C0611077f39f950B2832612E6cc9,1025
0xF49545D736a8bD0C2856C1d7F523F1C24b849AcC,275
0xBca8Cb212652a99b159984ea2BC4329a2429c1Bd,275
0x4C651Cf65F76caB07E55ecf85916299e2e5FcfBD,275
0x179DeCCE9733241bbB08186e2A082d79427C21F6,275
0x79b9E09F6DC7046fE145F19011720e8d7bC6cF7f,275
0xd0D5d98857192B3931c831b7B809D47CD830da32,275
0x2C9aA75080F97bC94728184Ed1F331e41259EFCC,275
0x1bb8D2717F9025eC72836F947b22Dd45F86C9A55,275
0x5e030390dC921c56792E3a91D939E13E1D286EBe,275
0x1fef5cbceba38a15a124be0f71dd4931ddb58683,275
0x08A9F6bf1C9f3146f1b28bD5929B171a8a0e3105,550
0x798E46206358a351a655f13C67685B145655436f,2050
0x15576a67e9619DeF9003fF76899f8C895B213c81,275
0x668C12bf2aBbabcfD0F0F8AC179FA3d4c05c3080,275
0x781A84e90503EAb63173025935d63D44297C3677,275
0xBA5e46514edbFF5251390805c519E8fA3D7d246e,275
0xBb665B8Fe73aC41cE4daDca3f60b1192ac7DBD60,275
0x9bc2441467a44cC21B44cc53b209eCBC7665BfA3,275
0x8b23C3b1b66600ef044Dc0C733f46a40169882F9,1000
0xC7DB645227D4619dEFe6Fd60597469f499Af18FA,275
0x16C4192A674E5bd35d49a17b3F68d49EEABb316e,550
0x80A4Ae426f2CCD244cFe06218D826d3385618e34,400
0x55B1884FD37146c0d7e9c0e097f282ECD0A62C5f,550
0x92eE488c9AC341446ef1651bfd8F5245c08D266d,275
0x1Bb10b37e2dC226af0d4de66f32f968482927e71,275
0xc39A66d503FE0E9955521A3aCF6a7dD67Cc5906a,550
0xa970Fe7163a53e37F62a36d50B5B22eEAA849c2A,550
0x58E81116fcb89AF7F87Af7805D175ad7a79e1367,275
0xD79a99BeFA753c2771934c185A5c55b3e9CBc498,275
0x08ba0bc97700331c56658eef298e96ae6610f1a7,675
0xCEAD36e9d0739Ce728eDDF4E65b7D3a2Be1c17ce,275
0x54bFb6dC1AD15679fc031678F15D285da5BD96A9,275
0xb0409646b35435Df0Ec6f5d723B61e0b190eFFb3,275
0xce7C57B43D4DF795EdA9E51Cd9cAc862a6cFD01a,550
0x691fc6581461a5a3f8864187c7C87b6BFab7041E,275
0xDc5Ca6059a11eCf6E5759485848DaF94F15C05be,2050
0x660efB8D64fFfEd7be81D2C556633852BcCD6485,275
0x58fa362687270648fBaD1cfBC87F1CE5AA02CAb2,275
0x2318895a4F9858898d324c4BcfaE09DF5Bd260e1,275
0x704C2A6B93F8306691DcE6a01FB91C9EbF7fdE95,275
0xD11240A99c9C9E372BB323490c0c6C8C59D0C341,275
0xa0520231B0F7021433b9Cfe694F22D4A47160BE0,275
0x0797fb9c8c72e6543ee532b30475d82274601cb9,275
0xFe948c47194e0FCd341613DC8e1b5201dCeeA4a5,675
0xF5C1d7B90c2EC45FE5c9edA246Ed2c6929021FAD,2550
0x845b4b32a3572dea79ab456150ab268e1145790f,550
0xcD07679A857C49B6CC0b1181a57a2F480a8ddf50,1275
0x73347a45bb0bA4f4f4533E9B64FCaE7a62164565,2550
0x371b3331c42ae8d252278979Ed41A3De8Ed42Fa8,1775
0x9d15e6821ce6b9d1ad4a0f6d239aaf18afacdd5c,275
0xa9Aad34949febeeB997F9b0DA84e8e076332979A,275
0x68341336CfE19Fbf3E29d60Fb934C884cC0E31Ca,275
0x2aefBeFb033f42e0E086C2726c1f28437A395ba8,275
0xc7d99cad4A6c150084CFdEDC7f569045165db3f2,550
0x68196F47b02A19566e96f71B806D114A7Be8FdFE,950
0x85D4276DD4f7DE7f52Bc8EA67d0dA4392f99BeC9,275
0xC0390778c5628E30D360B2533931D7621f689fed,275
0x41ec354DBc75F56F130006c604C64Ff0E7d8a736,275
0x7045b6951EFB1999F2951e2D57cf06594B213376,275
0x6eBf980b16B29b4AafB8EDc078D07759B9611EA3,275
0x6D564f21edb408674324C8e56c84D6E9AC9C9fa3,275
0x6920153D6AA14747D206243d7Fff72152C6b09f5,675
0x414024e77B5c105FE5A90b40Eef5bc9908614fd3,675
0xB5F0851F68B1Ab9ec8701Cc86a7b9E2f2461ac48,3550
0xD0fF20bCb48598eb2152D72368BD879eD2C605DE,550
0xb36A8a6aD30d57655267D6bf772FF9a844883681,550
0x1cCeD400Bd3A49e48750A9d1bb89fDCc8Cd7Dd11,550
0xB34159c502267a9CE31aB180Aec68Ce38a53f4C7,275
0x694f01944514e9D598BA5b8E636f8e02Dd4B88c8,275
0x9Cb464B62451A16EAB1fe3940FC508848749B29a,550
0xB84B3850EaBF40264c45FF1A5B5Ee3bd64F9983B,275
0x76cAE8502303fEf08340938641A8B17bBeE9aba3,275
0x2c3f38f18ef634f7A8e6478259189A543373352a,275
0x910b24FF03f6b67B4AB5300E395AD29CEc1D912f,275
0x49Bf27a600AEaf03169a00C5674cbb2bAce6CC75,275
0x9E22FA6D05EeA5afD6b5D12A401Ee85d4938A87f,275
0xBca983A51fb10DfeEef3866483664F0aD2A58fEE,275
0xE40A9974F100E69F77E530C20e06e3593596a6D9,275
0xe8354ad5032aE924942d56dB0b94552841E0ccB4,275
0xff59A768a60061aB93cd7367454411B14A92831E,275
0xa0d3b86f221dcFf630D51716FAb07434Bb02Ff9D,550
0xF2933e8ea86dD52fd171BA959325515Da727F5dA,275
0x84A6d3d8cD62eFA754CcbbB75953497bE7B562D1,275
0xBa3019C435F4Ef960dED02fF71A1d6656bFc0641,275
0x564902556129871fA1c921c6624e0f3CB0c2bF4F,275
0x6EB2aaBb488D0f360d196551ceac0435D00CcC5E,1775
0xc45e58430EF6a1f68E9523A478907a0461DA2d83,550
0xaeBf1EB1742854cd8785fDA19D54f949d8534232,275
0x7eec0a7698c2fcc999dc1a6a8f73c9f653d8bbf9,275
0x6b19d86e31d6c2fa0a939b40640b8fd2ff1f59bd,275
0xde7fb34d93f672a5d587dc0f8a416b13eed8547d,275
0xAb868aC6DA9172531df31aFD181c9623DE5831b4,550
0x62149a6c69C9aB16bEF964e09dA949EBcbf5b62b,400
0x6A9D00E862492cB0463cD5CbD6da08Cd1DEC88C3,275
0x20A45ae932eAEBbb0476bBdF96B8eb7BBf8D3655,275
0xdcc0d7F475ad05b56F36D208149E1faCC49dc3dd,275
0x4c0fC9ACab7d97c464d3AA7e8F809B240793230b,275
0x86608507cED75A2921893F9cE0937111f537D115,275
0xbfDFDfa2e68f2e5093d3658E7ff205E69bfaFEc9,275
0xde686697C6A339D3245Eb1295D8DBafFaFd14402,2000
0x16C6c3F98F4d12135ecf58A9F499C8f44fc0dc19,550
0x1c51269dE65276acf49Ec820E39c20222A569349,275
0xaAB0224011fAa96E4E6fB888B6A954Ca8962c431,1775
0x0B3181786Fe6EE88f2d27ee3a9ebd51c1318ABfa,675
0xE17e72B700E7D814eF6c4fa717185c192644167C,550
0xE5Fb755A055b328392aeEe9B715293422c45209d,275
0x16B6586f7eA4e45bc356E64E6B1Bf74b184e679D,275
0xb6Cab4E414E11Dd54c589cD2Bc6a70e8F0314281,275
0xC0289f6eC85438B15d83C5Fbd8C07493A6138893,275
0x999EaA01Cb8C0F468bf1288370752900645e538F,275
0x40068D2EEfb8f1dC7f73437d44d306d899edd669,550
0xB1b8b6F3b384B7DDB4DA6335997D33F3F98CfD24,275
0x2a32108F812bc4e8011CA8b63a7EB150B75a0e32,275
0x569281BBDEA1eFe24d13Fe0Cef853245A8522180,275
0x8DBEfe59Ebca871c80827E8316557b1e79F5607D,275
0x774e2F5c083830e9b6C56fD10396E8b5F8Bd5EBc,550
0xe589DfB5D6C782eB1781B372dE8957F5595aD462,275
0x9026CD9D317b29962953E566dcF04A4c80F31288,675
0xEb76B189cB055f0dDAf8c8Cbb11b3A932737D54c,275
0xfdFa2D3c7E5680DfE974dfdBa55421F2bA605076,275
0xAf4d7BbFbA4Cc5A33Cd23dad09E7284feEF3B388,275
0xc78A13Fe213b2A0a75cd4Ff83CDf1b083Efd052b,275
0x4084824BDCF5373249d086Ac8441b36c4aB3776f,550
0x468a952f81167ec5935f72C86B1b032Ff8169093,275
0x1cff5da802703815aea69be79491c636369d0d1f,550
0x2CAd694472A7371e688A967C8b2aCc7BCEB20262,2050
0xdcD575e58d12f0023F397b81247cEE1f6739B831,275
0x1b8D4fd6C72711c407d38fB6eCaAe7BDA52568AD,13550
0xc48c83b4b6ee992c2105438fd3681d9f098b19d3,400
0x71856917BCF6bA1bD0f3E53AC9ADf475d5a6de70,550
0x154E94853fD90a04248D0845376853f9BB89E4A4,950
0x50e4891cDfa79792bED9206bdfb5142ae8FF3388,275
0x3b9E055991e772a3fA1b896055d00D2EDff8C05d,275
0x4817e02efC9131a8d01f4745721D1E5048B9EB45,1275
0x74FA2F12445F8775d90d4bDeB3ad690207B50540,950
0xD86dE36CF35F02634FC52Da58aF36aA77fa16e3C,275
0x3FE394785439d499FA3EcbFB72362eF6dEAE61F2,275
0x0eC37BD58887aE5f95839508603E608c52e557aa,275
0xdc705b267d4323539ED165F7c973F1ec65916e5b,4075
0xB3FB825c7ffb5cbAD945122576053d98172dFc9F,275
0xd8799e1a081B05b100FA18E25E4F1a7cdFCF4123,550
0x4FFdbB143D5Cfc33d9e10f7497b5048283eC833d,275
0x09e6a264894beEfEaAB757196826f7C42B4B3f3f,550
0x5c06181645941012fc42C3BA662f77c195eEF0e5,275
0x33BB3061F1BD6C89837502c670a4275Bce610B7B,275
0x1Ef8f7D64c21a71A4C311b6bB727d361480C7AE9,400
0x521905d31bd460b4543a24CAB151e90f3Bd916B2,275
0x6A15a3715edeC64D2c998d12A1a7C45EF2008471,275
0xC7557805cCBB50f005F2dFB5e595a7303F0a1f05,275
0xebe69aad2f4a28321df6c0e0fd155354f3896852,275
0x1cB30433e5a0dCa467dc1c0943e89aC575C10b2f,400
0x8325Aff2Ccc014468Cdf20F2538D8534db7a100f,950
0x86f84f893Fe22910c7f22CEFa4cbFCAb5a00915C,550
0xa1c0A417Eb31dc33893da18A0DC4c404ACAFEB7C,550
0x5CC768319D0caFf51D01ac6d0e4152bD167bf595,275
0x35ecd51334f53a026A39792C3b9FA6Ea61B065C1,275
0xaA96d22fd486d462aa261901C69530A935867934,275
0xbD6Ff041Bf814619bF2C6c36AB9E35A7293A64bd,6550
0xc3252aC5beCE3CA2A46e14fF15116507e4Ee6803,275
0x4a633a1eB58576802546B71BF741f20dC70480D4,275
0x8a0c04D06ec64f8aB307AD107E3545D035BCc44D,275
0x5768A7EFCd49D65Cd489BC7bB39122C2E550cA3b,275
0xE52e1D3E1003f4B0BcF96ACe9953616b180440E0,275
0x73d3DaCF1d5C1C4E110dfE28Bf51E3e259a296DA,275
0xA2413Bcaa3080c8030361b4b3a41Bd36F468017E,275
0x4fef2a576965aa81A4c4e07139B2f6AFCEd55f05,3550
0x8be7Af4e5B4F6B334af77d38077EdfD2116E8aEb,1275
0x2C67aC8d745D61900A6f72BC15F21f96Eb3C7014,2050
0x4a3b760AdDD5675185ADc96643EC648B4d6008E1,2550
0x3b415F64Fa8bf5bC0D97F45906Ff5Ca955aF4FcB,275
0x35Da2722e45B52514B9906f0188Cd608F89E325f,275
0x7c839FDb4018eb7cbC81b370A18114AcD419Fd5D,275
0xed2326C44e5067063c97497729B44817C61B3Bb7,275
0x33F3356610FFbED55B64469AE351CE8F516476F6,275
0xAe38eDAafb85f34FBB7211eDF8cadD9D95DF7D8A,275
0x9C8769881e81A9AC5d25336FcC183b466C593576,275
0xBe3E6c4F8ae5b82a136Ac2C8e9c445fb3C8DDB0a,275
0x3f8d47AC6F137a5D5dfd3e744F851a41442754Df,275
0x773dCFae4c33b5CE89da86Bf3Ba7810f4c5e09e6,275
0x885C0038A17a825aa0d20Fd499c552DcD35c03ce,275
0x736fB84ba7a615E38176b42159f1d1A874A33fe1,275
0x7003bC5c6807fE55bADE5193AbE85378cF585eeD,275
0x88EAa4Fe62C45A1a6D164a7c611c7234d6274D59,275
0x2dae190bdAdcFB1c5C68f2001Cd756B0f00795fC,275
0x739219E91a9Fd0f011389dE4081E3f7F58C36871,675
0x1bC3510482b1045D5C75d9A53a34EdFBd2beF3f1,550
0x449f9867Bf67b1E630A7314eC8F6d63ef89027a8,275
0xB2A92b4898be5ECAe0d62D3792574d327ED7C873,275
0x5b4c2330493Ab462D2E1F700c03226dBAeE1ee22,275
0x73D923358C8deF832E4f7D5BC9FdDB1Ed5920b6a,275
0x3ceB30454F252358C75A244e065432d0F206bE24,275
0x303EC0905874c45c2175aB2B5e44E553EbE8777C,275
0x55771Bb549d837CCFE63965437a531cFD90EF752,275
0x500358db13703566fd2DFAABAdA174eDFb969D43,275
0x397f187d8d872c01df6177dd29852a7996157803,275
0xBb3ed2A0eb60eEE8c0DbF6D1b74e8b0A21FAb056,675
0x2f06b2744E1D89f5BFB5eb4A9208163051Aa1313,550
0x5b22816D2324f7C538Bf6eaf382A0d2F9003F1f1,950
0x2968a9E909946c79c9D9967dc05d22548D06EFEf,2000
0x575c1776c7812450ba6f91be117c9c092ae7acb7,950
0xfb0f37C0456d60eDEd9b64442dFB0C4847CdD06A,15950
0x77c1D273862B6aA39265DebCaae35cd7F9Ea1C87,275
0xC474242eD21cE34FF26077335F573A75e9f24806,550
0x57Fe61bfa14D0897C0bcAfFB74a00144ae18a563,275
0x0FcDFd912574e818dC6f721DE304FcC5bbd46Dbb,275
0xDB28eEDf4924dd6099DD4A2E65DA5ECb2Ae6890A,275
0xa929ce29dab915AED0b130D09193Ece6FE7883F6,275
0xa895Db1E379458cF508fC251dAA9C829421d5F8A,275
0x160cB9372cfA03f1D57bA3C31258E0210Dd5d515,275
0x198E33d05CCFDA631f93713298b0Cd6975BA60a4,275
0x7540a6D6b7f7f3CAe7dC88Dc95A3522d7106eCc1,275
0x7F23b6bb202603D64414912724E4949D1843f7f8,275
0x05C08f86C0e38d617B4eDEC9126B93995B904937,275
0x87f94E1fda93758a4523f53e76F04117500e4464,275
0xec72ca6aF5B6bA8f9D98338AAF1d4E1Be23E9c13,275
0x1088c58a3Aa99e9418f4773a68c11D99B9C02f38,275
0x7A30850e8cABd67578A3797B7AD9436f2C3a0911,275
0xdf336779C1dab543D654E908321fD8542c0C4597,275
0x3028Eb667E55a66CF02eb47B562934A219574a2c,275
0xE3B200327AAf006118D7583Dcd4321340C18a221,275
0x5C22d2414bF7D43a1e7F07C6C6fC29063d9E343b,275
0x36e096F0F7fF02706B651d047755e3321D964909,275
0xabd6693048f96af93d5677ad44e84cf62a41c0e1,275
0x90e6a0F546c6f568FBEF4Ccb1Ac7D595E8D237Cc,275
0xc8ce4F475Ff38A300a45ED8883c4C0c3ae2503b1,275
0xf974038D7484FC3Df1c887BDd17Ac58b27042899,275
0x28311Fc4C2F063131a97e54c47461c9f878ff017,275
0xeA46A6BEb7CdA737dc49204424406cE6046297a6,275
0x821E915b13E21181434029cC0CA253d4803eDf92,3275
0x49D587c7254E99a797223a4e087E4576A2C7fA91,675
0xA787D40C1D771edb3a8E58EC19C33Ab4CB58C37C,275
0xea383a8AacE2cC58c2092798FC7335ed55885fcD,275
0xb98b4ed4a568eb8c70111fafd25975e8c6963528,275
0x090fd126A0887171c6f6f037fBEfACf463D4011A,275
0x44ba7C44490A4bD8B80b9A50272d0F2C016a6D9B,675
0x4153faF56330f5547237cc3F41CFEF530d9a0E22,275
0xe2b368371012D069198c76727Bbc877F80B3D363,275
0x00E21500CA10C3AB0B59B02693f2A434753EF632,275
0xa29C37F47F1c275d5101A303737f1B61Ba36a2C0,275
0xE498D377d8307D107F424356020A3132bBa4a388,275
0x1655F19233616201B982C10f1967Dda8D6f53289,550
0xF393da239d8bCd9Ee132e113EF4753cBFA411c11,3550
0x8E46999B3594c07331F2E61161Ac9E30b31fB43B,275
0x936384e3aE0b17C1Ea8fF77F206B7Fa206d3E4C9,275
0xE0675fABd5C1EEeb1bb62aFd254060750D32C5B2,275
0x1469C5cE0CEE102A3D354F53817D8f84D74B8565,275
0xDf65d5d0E5b91D1C56D3ee57C9d2D6DE5601f4Cf,550
0x36f7343Ed05BE4f85895fC193b5B72f3ECE3139b,275
0xA7E88e8a968DB58875Aa0987CD95a180aB95dAEA,275
0xed16653E106B61Cd6157Aa040785d63937C7d131,275
0xd07f900e995A01f519309F69aaD87a4bAC1a5117,550
0xDCEb543Bfa983E9aa2D872592d573ba53f5a9cAd,675
0x718458b414900f4ce08A268aDa954d17Ba060888,2950
0xaFd77AdAa6CfD8480DCcC9F2428B20323526700c,275
0x4f337b3c25F27249293FA49711976097A3a04FBD,275
0xE13f1Ad2491555FAD61f47613f9e99DBF0941732,275
0x7392D19F01104306552362D2A412fB3821c5d372,275
0x09529c3CeFa3d8539641d78170C339d757C9906D,550
0x0d61CA6C13D90D714D45E44C6E48D65ddf549AF7,3275
0x3C55C389b58fC7c9bEa15bF77bA7961068DFaE7e,275
0x561bBbbFc0fb061EE03507334fc178EcDb478d31,275
0x8056BB6f41b4625332329EDF7c8782Fcd0803B2d,275
0x1f467e814cbe22d3b57f2f7e252834a3aed865bb,275
0x0146ba8D867905Ab010e9eF2e2Df2710e6aA9044,275
0xdbFe41C15a53ED9028ec3ed3A1015583567C0617,275
0x671aAAD2ce689F31701f80E275d53fCF0feFb543,275
0x36C564CC07C0a720c61e31092140Af4feD121525,275
0xf3D00D28A69eE2CcaD6baCEe6F4aF4181ee50f26,275
0x038f14a321EdB29e1Be307302867BFD3d8216E06,550
0x81A1191D397FeB623C314046D5A083fe6576E553,550
0x825BaD07316198e154234D6191712D68f004c8f6,275
0x2cE6520A868009bb2D766C3AB9412A398941Ea0d,550
0x5A0F4eAaC17C09bf59454f241d69282Ac1a35E2c,275
0x68E9496F98652a2FcFcA5a81B44A03D177567844,275
0xdDC63fb14ca939802d9D0dAce1e8317a93E694a8,275
0xa44b1e4834192845F5b406ecD9E86041D9eFcFB2,275
0xF7fcA9a5A74E2b4ce80272D9A7AeBc3889CC38eA,275
0x0adb667ee0D401ad9E144275aD42CfDB791b388D,275
0xa4c1acadb8970b4ff233eebe14439ffa9e3199ea,275
0x494f205Fd1A250888C714d99B48Db56bDE9881AB,275
0x399D1Cb0A05F9742f508772b638fcfC5E399Df6d,275
0x1b5070991453280e36623a2b4c83D20010ae1ff8,275
0x60fEb549ccD733031c8263ee1D8B4B06f27b091F,275
0x19A639445B3F7Cd2F1C37ef7Cf0acfc664e4254a,275
0x1C6b82149e31cDb693B690A1cfBCE69D615f561c,275
0xEA58BA2FB46e2f5e7847CA829850bda578fc4eeC,275
0x3bA17bB92522b0f2d1Ea7dbf413745EFafe9632E,2050
0x71237980814936f72B2b8BDa79aADb9E068839BF,275
0x2FB8fbdFdA724931525f96cAce0D435D8Cd9c4a0,3550
0x9faF9a02DeD6e92a72F41728EF4677036B36acF9,275
0xbbBafF3A3B777450aE792FC411f16E3E54DE8AA3,275
0xaaA04CA28E2dD6B2c5190A7e5089Ee2b5bdF5507,3275
0x7F5f050d45a8EA62eCFA6bD595ec18a75644d3c9,650
0x2B8Ff0064414C1B49358605a553Ef64f38345eC5,275
0x8909613ac2E6C78ffBCE763993f09434aE7a0522,950
0x49C7512ea51272F99367a8e63A4e60873Ec629bD,275
0x2D817D26818f8B2000c8B3303b215ee699bB8381,275
0x085Fe48C3c00dDfA7Ea75A0317eB7da0781304Fd,275
0x7b68748BD3D7597E5486DCeF9688A2Fa0FfA91Fb,275
0x1e9db2e6bbc8d94987910cf664c71cc4326f15db,275
0x3101D6a23f212c64A7a3492d343000e713206791,275
0x62a21EAb6217aB6e2270C7ACc8641CCE18C2ABC2,1775
0x8d2DaBD2AE89FD8Fc80a2e13e2E2C99bAaA90F92,275
0x672f7f43193d83d1DE2f13EfA1850b62bfa8120F,275
0x291f6f3aBA5439f049ae437DeE99aaa67Ca9B835,1275
0xbEFd289DF8D8daF69328c42C8684537F8Ad0Af76,275
0x303A48E631755d1BdeFfA41F922a8061974DFA5C,275
0x209f15c4aFF4a55CE722B14C49B9ADb59244e4c7,275
0x67E19327285c5c885921aAab3D3B65FA7b46D35E,400
0x192513387b1BC31597EbF9f858e19bcb410EaD6B,6550
0x9df8dd2430dc5e15e2792243d8de5560d92a6458,275
0xE456583e854B55B8eBf23E87fB09330eE4F71197,275
0x9310B447277965555725B9cf260225D713784C0F,275
0x82312D488A0962cBea47Fe3B62FEb02E092CdEe6,275
0xe2e80CF0DD047F04b95e71575Ce053f0ddB294e4,275
0x36acd682032593E11Ff2E893aba0F4d850a8c7D1,275
0x772Bdc5D5559c0231e99db149cbD5C2C90C8a5da,275
0xc1D451370A3F58034F8510A654d42a9400945Ddb,275
0xbeae9b3C8e3915f43FB1b779C79EcaaFC061c34f,275
0x3a87Ece5Fa13dA347935c44616F3DD8728904a16,275
0x58fDE9484303ad05752520424b29371557e4a4A5,1050
0xe26e501a38a8a3bf18078215faa32e29a3734139,275
0x06420081eD0bB4B6a5339D7896a873739166c51f,275
0xF2480d7E242D2c35F4B7aa83e33e695f5ca1ae61,550
0xb4f11Fd6f9a4c311A9EeC2DC48714547EdB0853d,275
0xE7d55755928125508E8a26E59BE4BF16120F6e80,275
0x8352c1dD3Cc014d80E5550F569d5805018A2C77a,275
0xA942E6909aFCa03398f9a91c8CD5e42BDa9903dF,3550
0x44d7fd3D7496AC4Bb9447947a10C33358519c988,275
0xBdAC150625849DD9309CE5878869C9de154D43ED,550
0x423D0e766f2cC5fB9a070AA4C788b226f6a459fD,275
0x60646c976CE50BA3F43b2d1C76249e9529a0124c,275
0x59aD824352Ded379AF1dB83f9E7A1E155f394999,275
0xf40b51B83bbA247Bcd030f52BB55BB01766BA874,275
0x3105F864C4c3bAA4378bEc201cD0c7b0326fF6cb,950
0x93698Bd5FdEdfd1751a5A290a893e330b36CC4EC,275
0xf92188F88A582E1e91a26c1dE1D947eF1c96473c,275
0x20eA0d0de5d515bA818efB193620eF2086BCeE41,275
0x34754820E7c6dA7bb0861F074Bfe591b26981E8A,275
0x8C36c3A94CeF183BE4f0d837E8B0C52CF189879A,550
0x5Ee74ba2E48f6CdA22756a71F1c89Fbf92783DCB,550
0x3da4881E8950e03d0Af78207d94334F4F61dBbF3,550
0x2b98d64C0Eb230b23EBfB9546C91c39613FE1aE6,275
0x1eeb7Ab40b29980DF8c0f9b02D31FA28badC5C5d,275
0xa0Bb293071E07418eCb2FeFC073136569EBD1736,275
0x9c0300427eD7983C3F77DeB429b8303fd0859fA4,275
0x1955901a948E1D219878c44B89556D6B3a85F351,275
0xF3EA18aB2593836636180e6039C7c0C0991CFa86,275
0xa40701EeAcec282E94AC8b93930B56FC62e00E9A,275
0xAF3d2798D08f45C1d81Dda32368Cad7df6273FBD,275
0x42af94da5eb7e3416e7df3f3fbb6e44351ecfe57,275
0xE76E786Aedc3F6b81Fb14A1A81A9a89e21c656c2,275
0xEc9F2dC0c959CedA23a3D0e47395FEC60207A783,550
0x76E8A41D7E2c68ea77f8c1C3Be9A30c2Eb42269C,275
0x08E2bDfeb847f87F975D4F372CD780Ff02868336,275
0x2BaD3a35E3a38f9c7aAF292A85E4aB81F8197476,275
0xA50fC02C9E785E0f2C7Fe3D36d6D9F3A84F017cd,275
0x9975ab85C26a0C089FA24343d35A7e5521025916,275
0xE396146a7070472A544D5D71710Be9e55E95E98a,275
0x9AD6a4d4655C393e592D5bB81Ff0BeAB54ef74DD,2050
0xef738e3305476159f0665393f52b9ccdc74f298f,275
0xB329B33f1cDA7F341B06D8E4F68495EE62b3Cb30,275
0x0865BA3077e4A97dB8E0dDfc31d3b7D4C428bf31,275
0x113747FfB8965b3C4cAF0aa62df48B158aE9eC5e,275
0xcE2C3d3fB6006701CFc4bdB57885A6749d866F71,275
0x4f4EA2A28455Ed57a156DAd73F6169bdCe1a213c,275
0x0d387e1ff1691126e1ACEb838537853Afb7aCEdA,275
0x923f4cDe06BB494AA1EA70a5d569D312E23379Cc,1550
0xeF7C8d19b67f0E439c90FED7095027F4Be1B3D5f,275
0xfB7DC25626f7fd4dC61A0Ea928E8E9Fa40279Aa4,275
0xBC3811c7255649442A256AAf769dE24A3A0695de,275
0x47a0F523E1eF2F0d602bCCdE3aD0F76fF47EA745,275
0xc557DCD92078aAa41F51f46157a02dB8B2074d79,275
0xcb62fa8b7ff231946e84879a12cee0f0c890d4df,275
0xC8819160f2D5102C619340f21aA725D24D044058,550
0x2581292C3f2CAE207B9d4086C79Eb4FfdE425530,275
0xC03aEc39CE31bd8Bb9b40D36BBF9a3AAEeB2a0Fc,2175
0x653C734828f21EeCC8FA41cEEA482fbE2b466669,275
0xDb630687349206932E066b4C9dF15C6542aDd5aC,550
0x11b346880b9884596301011288aA3C6E98d7F5a4,275
0x53a5efe2608c1B7b53D2CE2c458a066DAb72Fa5a,275
0xfE18b8d29C4bB38Bf3B6884DFBC09B3eeC517D72,275
0x841784B69634f52996d48CBda83bD8550eaed3Ce,275
0x88B8135796bDc2D807f034e0633222DA17f6B151,275
0x838Ac654ae5828ea1D9CAfB1a9f4e73D752eDDC0,275
0x57E2fFa5D7166d30236192A8295aEfeeD07b4D64,950
0xD96c05e2F8E0f4e038c603Bf9196e6fD79a4d963,3275
0x8B319cE60C359a1482B03644d530fAa4b9706102,650
0x2A9b6f644B4632F4055129Ae062ac6bF4A739795,275
0x8C67D1e6Fdda4B572b82a2aef6C37FfCaa27C168,275
0x101C14Ea26928D49F10f984c927A9E25461f6A37,275
0x4653c78bE9844E1E33aA419C3173E8cea10d26bE,275
0x59E652C76a2e368a16ea085D0eB017B5F18De265,275
0xDe03Ee160882Cd98e39d1bf59f2260dC6ac20b1A,275
0x12359e5a570B054f1A3cD52173Ae085cA728a534,275
0x0cF8cB6C0eA10219e61DCA6730DF1fA84A98AE8e,275
0x51b4db24a408d021c8d0f21612a26c61db434d49,675
0xdEDb8b3A8a89c7a8B5057bdDB6cEd46f1ccBa669,1775
0x5E623aE99b53968A1078CF5c0F5ca489b23B1600,275
0xf2A51390E486956265466d4080A88C9BC38314Eb,275
0x00d0F6E0Ce9D502bFfae647bB1fd541d5e1779bB,275
0x5bD5D826E4275A2180E8c5Fa3C80a66ca461a375,2050
0x9036b3eF4ae62F3D887ffd86F9B76f6cd7c60004,550
0x9fFa27defdD507f7596D13Aeb6352ba06469104A,275
0x84A5dDF2CC2Ec8c8576D85C9760387f4b399806d,275
0x6D533dBD3552ca149b75B926f327C8b3cECdB323,550
0x19BDD4def406bA1CB69da24A6A166Fa9cfba126D,275
0x51736de77c38284447eece2c39c9438be9902221,275
0xbe996e9cD5886ADD200861f4b57AE955A6a47636,2050
0x5f1084bd5b8880b1323cc1673f9fdc8eecebf060,550
0x669105FB922F301869402043BDd79393D010e68E,27820