addess,admount
0x16e70864f9f80a94ee367427f61028deb2b55f81,297.5
0xa9246678855b64be286a36c37fba1198a97cc82e,595
0x2b3d820cab9970dcadbbbb667e012b927608d17c,297.5
0xdf506e98fa069a324fe1b80ecb3f29035ca0d3cb,297.5
0x954ca028b02f2e13f1a75333cb1967ea7eaaeaeb,5652.5
0x3a86e924c68c8156178330fb73b50759c7222943,332.5
0x522a57a9267b6a54dde2f9a89863304cd0391827,332.5
0x9964a001f3fd643d51244f305f425d2f85e6d06b,1140
0x6100d6420a80b4f73cdf9460350e07f2e13f0d72,297.5
0x33cb44260a7564d3cac8da5a6d0fffbcacbfcfea,2805
0x7eb7cb3df6fdb40462be415fa117626580ba8da4,297.5
0x9df7b698115832857df445d2da8ca936fb399fb9,297.5
0x9da0832f96bb1b91467e2ba37fb7b19f71c7eaa7,85
0xacb35943f9cfc5a170017cd7fbe67799eb568c0e,595
0xf85bf6aad638077c9f2a1827ab0c69beb9cd6fa4,297.5
0xc74f105821a1792bf6f2e5a7c637f3dd5c0c321d,1190
0xa5135394d563e323e83b5c1b097acdd7a053b40c,332.5
0x52332ec46bbd2d600dc00825583576b9483eaae9,297.5
0xed3d95dab05b502a75ed7b7e8485fe81a193ef2c,637.5
0x28b460e553ce81ea5ea5407ece30bba3903af23d,332.5
0x60b822f7e074bc3d6f94f30b8ef9999dc8b60158,297.5
0x83c08f0ebc2ddcc25c2e6e74fa1aa34ba78f8086,595
0x84214a000ba9a1da76cd424d267e67bb861893d6,297.5
0x9f22cf7dbb60fd54b1371dc01679986c8078dbd8,297.5
0x6d8e7a153f61d91593a28596c4566e4f5f41a925,297.5
0x9e2c3ba5e045e49669b21ed1735bbf7a2e422d82,297.5
0x3dc899e8f576417321cd61d2cb563eaee43793e2,297.5
0xc9301a3cf3a4fc279c5a33ae08dd9a876a6dd470,297.5
0x63a2640b79098f5d5d457611c22d380f0ff5b101,892.5
0x9ebdc1767b0c33878fcdd20db734b28e9bab9e28,297.5
0xad8073ae3aeda481468143ca12257b9c6ed3d9d9,595
0xf92735fbf19aee90b89e4df028341f02b2fd71f9,595
0x09f213953d92f865b949b3e39b9dcfae687d4966,332.5
0x153421a5ec98702238c5baa8a18b4a53fc059d41,297.5
0xcd9fd480bec6fc5fa0af9f0eb984ab8a2eee92f3,595
0x64a53d7a2c6785ccaac349fb172c0f85c50bc0bd,595
0xa30ff788ebac2878dc36ec379e55deb02c44049a,1487.5
0xcf088dec99ff0953eb95f65488fdf9953ad83d3a,85
0xdd8804e408a21dc344e2a480dd207dea38f325ce,2185
0x5e453461a7a9d7bbd08af3d6027ae82f7297f516,297.5
0x693a2d6ffce4c09cd8532e5f54548a7872841f77,297.5
0x7f92c5420b4a4029ebcf1a02bbf47dd2cf707312,297.5
0xcf49ab9f2838921530c294c943050cde54ebc016,297.5
0xa73ffed36bc22ba6ed70bd3878baf54db8ad767b,595
0x4429683073214868138506ff716cc05b9151aa01,297.5
0x51485fa8d8cc9e23966fd90fc6405ef82a85e246,595
0xffb9de14f1373d60ae5a5939a1e8534a512660ce,1020
0x8af76bcb6dddafc088c239eb118355feffcce0b2,297.5
0x485cca2b19af0fbb53a79af3314a3f82a367396b,297.5
0x50d1f2a1767d6adc6801ce7f303944eaa7321af3,297.5
0xe01bb9ff9216739934e3d79881b3bc5caa4464fa,595
0x268e01352811aafbe0e9f5e7e779479f4eebc926,892.5
0xc2933176a9be2116721a2681e042111ad22f8266,8372.5
0x9ebf66df497230c64847a38d51bbc921efa6bdf6,297.5
0x769c9d334b37c6e9207c3dfa912fd0f4731f21e3,297.5
0x6dbc8be00eec9cce07ef04096c9cffe39e8d8bcc,297.5
0x8b540d1aa24b9ca303563c1e95042aad91730787,297.5
0xb870f75ecef5dc08da432dde71c4691617f3d7ba,595
0xd1743ffe7be923a1236de03c40e26ad51d6c2762,297.5
0x250027fefecbaa1d0a77d9a8ec934cbed9012690,297.5
0x5b6374158552480655ca082e4ea1135f87d3bf47,297.5
0x10716aaffd2097228c78fb8a7d844eabc85497f5,285
0x2282ecc111b7acabe470053d4a09472bc07b8d00,425
0x2479478c31a50de37fda3596f92ed557f28451a0,595
0x011f7c667b94d5e2b3e420a43ef397a8751aa3c8,595
0x4abbc8e0a12e36eff26d8a1afb71520297145a9f,595
0x49f47d08ccff91010bfe5978b011c21472b4aee9,332.5
0x6f390a56b2c5c1364faacb60ba53ed318adeaf2c,297.5
0xb4c18dd1a1d7862c05f9264ddd40ab810f73ce02,297.5
0x79e00893a8cb0589a0957b0e2fa1f7e7f59ced35,297.5
0xd3ab2eabe167243fb70b8b7241a6cc84dcf9419c,297.5
0x85b0397e11a50673919c2fe04bab65db4353a165,595
0xb18a0b69124c0ec398674778850f21d86bfd94d1,297.5
0x6ef22caa22d08d09082ffaffa3cd051296a78a17,2200
0xd5a43644f7d718d0c81c54628f38ed88dee29332,4250
0x7d0d21587bbbbb401d9c972690d1c3726ac2b495,297.5
0x23d344a3fe9450753324523425eac8bb6754eb8e,6375
0xe20254111032f19fff333fc59faf2b0d4dd79d41,3017.5
0x169a6bb7f2a8e4df6abd410414a3d427ba1e2f25,595
0xd586faa55f787518b0feeff12788f40ca7d01f74,850
0x70ba4c92ca2edcbf777f0b9274904fda7f1270f0,595
0x7b1130198fdac69d34229c68da8d0d5b650cfc79,595
0xbf8f8efdced05b6a264dece8612dd719a86ca2d3,595
0x4f4407a4c08d027c8a4fa272c614e1c1d81f891b,297.5
0x3eb4b506a839b33a4e5d8719a4150e478083d550,665
0xb7f838dd68f82a58dc03ae8192f83c6913c0b9a9,595
0x49a545e6ddf6fdac01f1ae60d8476a7928850ce2,297.5
0x8009d23a4825cd65ff0b251163314636e6239228,297.5
0x09285aca2d3deb15014c1913c6f92cffe7e231f7,297.5
0x42c975ddc7d7e9757f246ddae552f63a5b4429f7,297.5
0xd671f3c3a33a2c57061f7ca889f6819540c3d017,595
0xc1a3a9b55cf7cc1aa0b0da59c8dc072a03e20b45,1190
0xa9740c509f10bdb4908507345cace1288875a7de,552.5
0xa8a2b8cd506b134c8fce1aba509547fa6226be89,297.5
0x71c79210bd47997a6991a6bc1b3e8b6572a20b85,297.5
0x4054964fed1763cb0226dabd832ee3bdf4d367cd,297.5
0xf2f0f4401805f8ad619d20ceb096f61149458abb,1275
0x4a44fd7d604fa380ea472651e6c12952e9db4fe3,297.5
0x01254adc5d58c5595d546058203bffabf7a03f12,297.5
0x2e8e4fcec14ad7537e3c04f8a3727d0e756bcd9c,297.5
0xf58f7f1af2614d64103961e53ab6cd65e9fb87f6,297.5
0xa4bdea9752c8b655c7ac9e17e39e5a8d2e0b8b34,297.5
0x3e4b6c64430bdd00ca1b9863dab95140978e8105,297.5
0x71ec5a6269fc86cd994039c5d5b8080d62fbd95c,1190
0xfb5959e3f9401033273ce1009099df6f0f972030,2090
0xb5d2fc20fc4a5615469d5d4a51ff07e217b57207,1330
0x97cc8d35e866bbfc8c1db5d25c3a846298221701,297.5
0xd122d744bf47cae8afd78d6d4b2c91a3c37aec45,595
0xe4a2829f4c688996233a933ced1940ba0701d17c,297.5
0xb8426f7ae6fec58e4cf06bc269420c9bdd800e49,4547.5
0xaa22a8c84cdfe40c5f888fc1f84ac33451b2b111,1360
0xe9dd8b36c7d843e811601360b836bb73aced82cf,1275
0x817b2c0d8e0bf218616784385777738c319413d1,332.5
0xb3397a6feedff2b9fce9ca1086cb1bdd617c16bf,892.5
0x2c25a6cd94fe71002ca711874a54e9becb786d10,297.5
0x515eec7a273350d41169712959347d5d83279f77,297.5
0xd525c34e14ee5d97863e10617038e8f9a55b8543,297.5
0x01f12549074601ddc7911e9977df765545800b30,297.5
0xa3a5df7a23a2d17dc5fde6bba4f1f4a62a7b156b,4547.5
0x8fb8ce9e6e48646a995a8eeb1248a15f206473ac,297.5
0xfb3d00114578f77326540a70c7c4ccfdbfdc7110,595
0xe5ac17daa14b3677374e7ef69dec67faa5ca06df,297.5
0xc202a9c0443f160c02b66fc416277ba490b91978,85
0x45380858e3c8fd722a4d808060d917a9c4f0e0c2,297.5
0x94b6dcf72ecaae9ce0f2a00188e26f5391993e94,595
0xb54ee650c89bd7a36d8088016915e0c66af98898,595
0xa8f3d46fb994985de34a794fd208651e93e284d7,595
0xe080f6f8041d22e09ddad820caef51c92c5eab5b,595
0x4e50d1dd6d5477b0e2d859e0423364f2e7ee4ebc,297.5
0x3192ef4f8fb198bd9158cd7aff89576cf29f32b2,297.5
0x078e5b62be0a6d7c0a356eca62a0a55191f32007,297.5
0xfb959c714d1ed3e8b4c92e361f1818f31c01a0fd,297.5
0x6483ad0b99d6432620e1c226d1301d7aaefeebc9,297.5
0xf9ba10f989e1d971c2d798c0fe5d3e94c56f030d,297.5
0x50db6f29c6a70aa6479e7adfc4248d5da900773e,297.5
0xed129c909b4eea628dd1bdb064a4eb5ae20c4a92,297.5
0x79ce6cc36e2a28d0990aeee3dbccbc3ea7f67c2f,297.5
0x85a0282e76cf7012b15f8d51965f486cd344687b,332.5
0x6b8933789610141ac92114524ac3eccf0aa0393e,2465
0x0c49d7f01e51fcc23fbfd175bedd6a571b29b27a,1487.5
0x707ba1b62e52eee0156dd60a0d1e03b900728032,297.5
0xae69e7f4ad7e308f8e56c424488af078c882aea0,297.5
0xce99e81912fee351b1058e822b1aa41745aa55f5,297.5
0xbb088b60f8acbd24051cd982584e3af06b58596b,297.5
0xd9a4b65bee578932da76554418b903ff9631aee8,297.5
0x1fd9e491a921a99646ce4b71f3dc98dc5a4ea5e1,297.5
0x0d6e94d085a597f316be1833649e05a45103e873,1190
0xb12a54cc77bf4c89cdc4a1d0e1ab94f908f0acbe,595
0xe5d64d8ac035bf19b6efbd40813ee8df74365cbc,595
0x5b36e70b17cb5802e3db17cc1f176c0983dfd31d,5652.5
0xdcce493ba201927ae995c8a7f46ba13286c0be40,297.5
0x33fc472939cba23525b773ab804f9de7fce6131b,297.5
0x3137da5f2f4a7f0ed1cd9279442feccfc620488a,297.5
0xc356ac859538c9f33c750642ed4dda0ae31b17ef,297.5
0xc47cecb01e88a19feda5169e3e0aa07e39fab037,595
0xb741f13e1470497b71d5b5f6d5c957636ad30fa9,595
0x34d04005fa3dd096e5f3cd78d2f6cb337f9f2e44,297.5
0xa136e8f1e5a8e13cbec3d5d04ea494a86d6c257b,297.5
0xe056077a5ab960ce67bf31c90bf94f8442bfa425,595
0x1f5529bae677189a627182e47db0c3dfad88ab6f,680
0xada1f8a8a1f09cc4fb954b23ca2ea6c3caaac95e,297.5
0x4c6065648578df58138f45a9d48f9dced902b76c,297.5
0xe51428fd97681e59ac04a39d180c00e126e2283c,297.5
0xb3f7b743764a542641dd6a62303de415dd076330,4250
0x05556d6c2e500235b8f618f7b2ab9c7d6f07269a,5142.5
0x1ee594af75827d5202543507bae6bcefe130a432,297.5
0xb989d5b95a4434b77388ea944427ec82adef319a,595
0x79b1f53fac3ed548b0a21a69b60d964ef38a855f,1402.5
0x4b17e8da93352301807c8777bf6a65bcd0ec47b0,297.5
0x84ea8ea7065b1d335a323992ce72383a1d480e6d,595
0x1ef200d5cc766c54f03781401cb3ade9131c92a4,595
0x711523c5fff943ddddab2e1ae03b857b7f832b4b,297.5
0x9af8c3b741afaac3c94ced58bc936b61e05c056c,595
0xe6494bac41e5ee1665874331fd2c82215c5b3a45,297.5
0xf29e0f9fe5f9b2fce7080a1c699df28368ef90fc,5142.5
0x01b06e833e833939f59560ae6bae94a31c2eb0ad,4250
0xd6a398abf19691890e6691290a9c92367468c782,297.5
0x023e2d565b02f851772cc5417700e7b4d30f2907,2042.5
0x8f5acc92c5b55cf48ea80bdce7255d7d08fa5035,85
0x24e9d8caa68a941162b848e80fa91f4a5dc34e08,297.5
0x9bdbeb5f6e59dd471bc296b97266d3ee634b7c7e,297.5
0xedcaa27960bd503ef68651c32922a567e87a3607,595
0xd9d910a01fcf21b395b52a0fc8438105a1850c15,595
0x44b037a2e82204a4298fe5f413367cca963e88c9,892.5
0x805e5f8eb3ae9feccb1ac4a7c5a57798846c6827,850
0x1e5a631a2bb4ce071bf24aa1e1dc28b0eda8ed88,297.5
0xe504f30d895a577034a68885695e5f2653fa9dc6,765
0xa5afa3b17e24f8f132a68721baf0a1a42146d87f,297.5
0x68d872fd051a8c6cb3dcb1ecd8a417e508dd3959,1235
0x427219a0cba407b4fce7ecd7a387a4af923a1449,297.5
0xe344d1f5c72d73f06c84effad98c279720599a2c,765
0x93c1e904a832e39993bb4ee6c934c075bc90b01b,297.5
0xc8b2fe22fb234e0be2a54eea9d28e3a119752364,297.5
0x8a701bf123c60caba727b41416d6d83a02bdc730,595
0x90ea8102cd413d3aba04ec6d387aa2a1b6168af3,297.5
0xdd7d673240fc85b2c9d63163662a5673b8f0df08,297.5
0x77716269ed7d0f3cb35bd275dc8d1638f09162bb,297.5
0x1c6c83241ef93ec72293830326b45fb38b68fc12,297.5
0xd3eb8d6e41564ff4f3bff0925bda015d1108ed56,297.5
0xfac6a9c2cafe3bfe3ce419bf595c0b49f048c1d8,510
0x0fbd9e7a2e297b284b64f0808d281cb6803c5352,297.5
0x3e0a5cb573e04b1a1498c125db6848eae81d9c81,297.5
0x67aad3dbbcbb0ef7d72deaee72bcd8015a158996,595
0x5117de84718ece26670615587c44962ccecfa9fc,297.5
0x821101f0704cedf3a32194fddd1a9c401495d59b,997.5
0xd7458cb7bc40abd3dd915416c971b33f311c5172,297.5
0x50f3057f6481cd4fc877d1e1298d0e1afec59a7d,892.5
0x8a15e42672c1161479939ec6c1299ab1e481055f,1190
0x12b3f779d0293f94644a1f19daafd79500407ecd,297.5
0xbca00b1e3479f78534e54725df51a33e3d407814,297.5
0xcba12b0bc80e52f5dd576bbd5f1f14279bf55b99,297.5
0xf7d31f6098297a9cdc4cd3008aca721d4a386901,332.5
0xb7e0a5570599a71d033216cc1a43e7d843172ae8,297.5
0xfbd9db737fcb64868106bd2a7e9d73abe06e5d9a,297.5
0xabf547e862b30bcf55462337d45aaebbdf18a206,297.5
0x5739ea5b47071647d6273a4573bba108bc94d790,297.5
0x27a0a9bf2916685ac00c2abc735eb9048a1c3ba4,297.5
0x4df0e70e5bf64a0ef7b3f0725554997307d5b33f,297.5
0x3e1cc5c2eb7c9af586b0008a24ac4148049ed8c0,595
0x4a735c8e15b59bebbeb764c0adcee62591512799,595
0xc65f4770c0c1b75a3c5c9098f770c7d17a565bbb,595
0xa61b38b36e7290881b8e93ba7c42f4de5648e01b,297.5
0x7f99632b47ad983d521d336499bbf8881f7398c9,297.5
0x8ef6f1a7c2769cdd5adf4702feedd47de74f266f,297.5
0xfce6179aff4f6924ed4e1a24a2a737e66f264966,297.5
0xfd525ca646af3816a44ed7939ee6d4f59ee1229a,297.5
0x9551f2f0270ffff3e4c6b88c9ff09003885b6683,332.5
0x21d8f02059baaa8e36737b44c4d2ce0aac09deb9,892.5
0xd0507c41f0edc2f10c1422333b7be2fd6e60569d,297.5
0x4d1933054eeb4c1b7b267b3b021e21d9f0aa29d5,297.5
0x55742686018e6c508ebba4414ff078115a5dea48,297.5
0x05832669f5a44c90b095e525983feddec806a133,595
0xbe3578eb89dfd244b243090a46c288fae3b0f31c,297.5
0x0ce557622e6b2039f8b0f589c929342d8936ac1b,297.5
0xcf2d737ada07b25825a2cecb6519ab68de2868ea,595
0x275f739cdd7dd41efba5ea481047ca952539ddac,297.5
0x1099218cb10d92145e5e3b44398494993cd34e54,595
0xbc4b3df577ad27426bc585cdc986e9ecb7894b8a,297.5
0xd1b7c9e1db85e94bac56c1a49e192105cd219073,85
0x8c6138356d2739354965500189acc17a7e0585dc,1657.5
0x51d1fc8f1497716523ccf15c893851b058c85efc,1190
0x9f33f80cdcce696629164c5e0bdbc978c46ac951,297.5
0xfb580003538ecaa8117132132116649e1adfbb32,297.5
0xfbd6f816c2701312708192084b8d1e5160403468,297.5
0x9c0ff565272cef43253b46ed7d67bb402466a01c,297.5
0x082e3127cdaa723486c5d095bb00c8fcca8bfdb3,297.5
0xea7c1aadce0fc411562dd219f1d12ee062cb376b,997.5
0x71a3fc4eded6ce8ecd54b97724473a369b76fe04,595
0x8900b443b130b9e84af5ddeb567b080c48b2b769,297.5
0x60010b0d18e239d2459e55faaed5f091d289b178,297.5
0xd67bea641952c1e920c122108bde1d36e1c9d388,2897.5
0x4429f8362093602ad2c3697e901a9f0eeb1cf036,1700
0x8baf1bb6d6e52b6e81a9d780c2f36fe507dbf6a2,665
0xb6729a4406df3be0239e3f7def85370c8963403d,297.5
0xf58ac855a43ee867ec7a9463fafc54a846bd891c,297.5
0xe540ca62878b4025a2e57cb1cbb9ca15605947c9,4547.5
0xb95408bc17fbb8b4aec4ba4862900d40ada03553,977.5
0xb159d2d52d34ce816fe5b2401e9f935b91318580,297.5
0x509abffc5e8d3149fd9ae3dec849797d6a3bdbe6,332.5
0x384deb1bb4bf8d9ef5a0817d38da5d01a8a9587b,297.5
0xa73fa2565c18218ac6510c8cd3b220f5794f3b84,332.5
0xa3dbad89f450056ba5ef5c85529acf944c7b0650,997.5
0xef2f0afc3ac77666f438f4a4ba8923c5062c6e49,5695
0x90788c8ce0772270884bc5de23153143d750f7b1,892.5
0x7f20349795be58ae7461df05a6bbd9df91491a2c,297.5
0x76f6dffe322e1dd689a924acfcebe530ff8b5868,297.5
0x09a68a5bff8e254f02aeafe28e621454429bbeec,297.5
0x78285d92ed482e3a97212abfcde77ac9642fa27d,332.5
0x87ae9047f7879a229a929ad5ee026a5aada15b3d,297.5
0x32cb0f8db60389fdd8a3c4d7e4048a6901d5a86f,595
0x6024779a60bdd8f51c26b45844fdc37fad43a130,850
0xfbeb21d0746fc92c9a3650eced0a82c540a1ad78,1275
0xa1e4ca1ff1ad59d7bd00ebf0598d4d6e36d20768,297.5
0x89670b528c97825a3518525435f760b11757f5eb,297.5
0x17bf34a8ec5d087480de409986b95277b3f1ebe7,297.5
0x5ee17a3a31582b92a556ba13a2d242d160270d54,297.5
0xc293eec95e253be409e3710b40070ae90892f7c1,595
0xd193466c05aae45f1c341447e8ee95bdbea8297e,892.5
0xf5aa667f22fc365063363ff79ea2fa206c00fd85,297.5
0x5f039e9f522ce69df8af59f0f47bf4102caa0ee9,297.5
0xa9aca0855999623af54989218aa1399a2925ce06,297.5
0xf3643eee09c684e34a71c221af75d377d8769aa0,595
0x4be0d62fc296136326f1a6bb6e3a543472c41820,8500
0x05cc09a1fe2d22040057fa782e13177d54986825,297.5
0xa37863b7457304408f42bf7e66d2c6518f8b1766,297.5
0x4ce4df801bc4ec150defc6ce556ccf74d7a8161e,297.5
0x1be6ef036e4f636342819dd925d86ac07d3bcfe7,297.5
0x00ff988066db0249c64e794968d4dfefcc41dc83,5142.5
0x495704e516dbdd569064c77bcdf976c1ddf4c65f,297.5
0xf63120d1f587b5ff28a63acf2c89041bdd86221d,1710
0xcfad591ff4b9f2c6e10376128eda7028c6e6535a,1615
0x110ae93934bf9c0ba3e3cce99c8861dd4130954e,297.5
0x5537a92fcafb46dbb404caae01034e025fd25f8a,595
0x1e05b60e7bdf8d583b3a6a9cd613056552bd7b1b,297.5
0x0d42cc0ee6ed60835920258c955ab970835d4bf8,892.5
0xb208b43b5d3a25e69624d3374efac79b3c33b6a0,297.5
0xaf7404c5cd4faa9c002f412aa142ec219d48a99b,297.5
0xfbede12ee9f4f58ac0d47ec2fab53d8771c9c71a,6545
0xb2c92bc929c28e6812e7e74da3dda6b529bfbcfc,332.5
0xe6b015ceeb86d7f828df95e1b595138f14129d5a,5525
0x1e5a52605857aa3645b4872caa9773c4e626d30b,297.5
0x3c0a2ddc8da83f5b52a7688a2881215535881f14,595
0x7a9d97acd1e43096a04d235678454e56b65cc7c2,297.5
0xe40878b2268297282e83fccdbd70e4e23afd3dd0,297.5
0xa57faae52e4bd1ec1c8f277abbe398062d677076,297.5
0xe7916da58516db5decd9580477a0fe902874c15c,297.5
0x7fe33afe1109a52d7f6311cc0b8b8388d547ea5c,297.5
0x370ae242d074390b80cc9694524e60d7e5c64d12,297.5
0x08d92719c416cda8103810bf32f07919c7f42bbf,595
0x161534160aa26a05a3d7d12b80a37b036d9b48c0,997.5
0xb88bce9b6590ee19c6185ace40ab24857f516a44,595
0x363f5f7eb2a49430d67c4d370c3d7aea32da5f77,297.5
0xb01cc67c905f620f66188e531bb1eefe53df9f6a,297.5
0xfa0ba8efa28731522fc44da1759cbf3e63982a02,297.5
0x6acbf7d79f63f21cbef65a7098ca0e11f1a0824c,297.5
0x15c3c2b63b098a31a4a50e27ace26dbc0f9fe3f4,997.5
0x130c5759d366d542f4b9a066c96d1d5099b5bbd0,297.5
0x9033ac5cc09720d50099e53b986d13d6a5de3495,595
0x4066d9506E44C660A4B118599D65ec8117c58215,5035
0x3f5f357125743d593ea2177814f96ab167993729,297.5
0xf62bcc511a1d60f05905d982cb3847b5683156c7,297.5
0xeec1ce2f6ff426500d696093c55e0b9f96bd9297,595
0xeefe4f4971776533f1790f006e1afdf7f3f3d3d6,297.5
0x65a4df0ccb1e51a53c981bd5461e56e504becedd,595
0xcf4c2db4085fadba30712c49f7d36f08ef4cfe7b,297.5
0x7ff394faaa18b801e7a1442ebbe4e5beedf62d6c,892.5
0xee3919769074b9c0275c48a5b3b7156b8535f751,297.5
0xc085327a63f761efbf30f63fb9e7d6e9370020b7,297.5
0xf524e8ffe62362716cab25b019530d7a6b1a2b22,297.5
0xa42a317e1d9ad2a29ef0047b5dc307ee5988b0a8,892.5
0x73961eb368bd6d01614803ee77169441fc5e645b,382.5
0x496638d0222501f329933cc005247d3f197e6c6a,297.5
0xa5a4f2316a3f1ba07f3c98242f062ab79367cdae,4845
0x9dd6e32328db0518369d4092d29691c76771abea,297.5
0x4a5c26c76dcd53d1452a5e30605e5def824cb3bd,382.5
0x62b3347172df8da90ef41cf5cbbb34e1ed5d16f9,595
0x15834ee81fe20cadc98cd37492f549e9f6c17bca,297.5
0xa325ac2d571e4b490bacf13264c285ed6da61a85,1955
0x02fe81e303650c14915537d61bd6b864d07abb64,5142.5
0xc0036e8a76accec6f8fec591503f531f2326bf8e,297.5
0x96024648d238eae9c600cbc071a420d722212299,665
0x781c7012162b4a25c06fd5dd6661f67165024fef,595
0xc39a66d503fe0e9955521a3acf6a7dd67cc5906a,2465
0x52f300747afe206ad2fc35863849c4a0594635b6,3087.5
0x2d375a25a80747de74ae9aae665b2d647cfa4884,297.5
0x58e81116fcb89af7f87af7805d175ad7a79e1367,297.5
0xcefb6d3824ae14bbe7ecf5774222785706b46a40,2762.5
0x7982d2337741a22a82f87a94c51fd2f0a0df3941,297.5
0x734ad9a35c1b4034affa11f5cd957975533501d9,297.5
0x2a1c8e196702991e5ca4d7a4bb8a0685ee1b38a8,297.5
0xf33ea5b3f0ab05e39d1656d42f475b5a87ed21c6,297.5
0xee472f9adc476140a847498326649f289c6f9cf5,850
0x670666d76f203b7f27bf3e2b11333fe812b7dca5,297.5
0x12cdfe796f4331a5a30cd768fbbf99f22d8f0060,892.5
0xb8e77d91fd4f425d9d95d23328e0efa0e2cda68b,297.5
0xdc5ca6059a11ecf6e5759485848daf94f15c05be,297.5
0x15f76862162f4824e7620d9b258822390e13447f,297.5
0xadc3dee8b63d0e56fc740c74b30cc8f106dfaa02,1020
0xaf63bc8c8106e6e2f794bb6c8196a67b1a0f134f,892.5
0x9ecb4feae7cb33e01e57bfec08afe083710a9e4e,595
0x643530f4897143a2221752d5ae650a43e8da03ec,297.5
0x7824fde3befa88fd45ebae434301c6d92e85de3d,297.5
0x5b0f040970389f88ce54a8b6304cf9bc6eaac196,297.5
0x6ea35bb7b426a1bb4788c4d73d3c8b73adf0b9d3,1147.5
0x1783ab31bb9341e23068f97c44a428bb39676888,1662.5
0x4d9c98ee678540cfcf21060c6d43103e55a91f6d,595
0xed62002bb7697c12d1f7fb6c7d98dd2fd995b618,595
0xfb14ee6c82a15bb7c67125d4d15d28c7e8b1a4f3,297.5
0x7d0240919a5205898b29fc2c94d36c222dc7a92a,297.5
0x89edf22df2672b4ac72276c00ccf54e73516dcf1,1615
0xe0957a2fecd0b76f51f43fbe9c009855a81d17e5,297.5
0x4902c0f039e927653f2af21e675fa19492b1c46f,297.5
0x3164f60c608e30ad8bc8d0179eaa3a8289145740,95
0x98b7c346efd594ebe22151e150eb2f04db066953,297.5
0x43a81239a7dc180dec1ced577509c97081a3de26,297.5
0x4ba35a15d5c7595ffa283258ecdd0d12316db488,297.5
0x682b578b61fe6d5f34e6d186d179feaefa9ff15a,297.5
0x65b97c3edcb64c29bd9236b9da3e1bc303c68ecd,297.5
0x1d447b62b8835713da8faf8e4afd3069b5ef7051,297.5
0x69e6e333331534ceeaf535418378a86904df0d86,297.5
0x84666a6ddd5a78b6b99e2277ec3d8d651dd52df4,297.5
0x04c7da9c6e6660840083da70de22229bf58f2ed1,297.5
0x4a4bc6361170690b0533a997e393985531e091e4,297.5
0x678adcbef7cf820cedf427ec6d8a03b58e076509,297.5
0xce3517eadb6286b78543c5d6cbd0cb22e232057f,297.5
0xe53c6d8c71d62a5578fdb2dbea219375c4c5db99,297.5
0x63e465ba73e9c986c8ec731f92fc0d6473251bd9,595
0x7d4ec06934c5a8b3a2f4996075bee0e3cea8fc1c,665
0xaaae96ec2e99336ab4c24ab21831882bb24b460d,297.5
0x48addbf25313fd1b55d8757ebe35de6b9b6a355c,297.5
0x4e950f2e9263db0014cee11f47de3c8118a5e058,297.5
0xffdbd5140ac4f49a5a7b001645efa64616c02cb3,297.5
0x06978ccd9d1e7a37f8c3190bbd6844bdbd496ddb,297.5
0x0f0bdd251c92976bb64b4041aa794b83617ca848,297.5
0xfcb265a4430d4a34ea144f8dbaccbdc55dbbbf04,297.5
0x1568fcf4c8d8c920af78d5f6321681d69b96f5a6,297.5
0xa0256e302eba90564567f158d1f8833584282377,297.5
0xab868ac6da9172531df31afd181c9623de5831b4,1487.5
0x6ca1b45cac0a2f9fdf53d5bb5039bba2ce0ce615,297.5
0x501b997a5399baf547552098a504c53a29491dbd,595
0x18eb596d2a936344534d0009014dc4246fb7f3fe,595
0xbaf53baca22b95acc63438646b2a3aa6d58a50be,595
0xb92d646477265b499887fc2534b3fd5379489361,595
0x278b156aa477d941ee7f12e202b953e622715c29,595
0xd016738da53803756cc9f94e224d19114b9f0ef6,297.5
0xf411fe23c2a8d631187a0825dcf8d99b86319bc1,297.5
0x492c792e035dc96096f6691feeca88104d99f954,297.5
0x01baf3a2b54bbb6377ed5d9ba8825ca48ca1cada,297.5
0xa4a5b3827639fd670cbb320038f901a78090d6f7,4250
0x385a1644c68944bba8e9ae866f510137b5360451,297.5
0x6da8e2a4f09d920ab5404d5ee1c55a8577abbeaa,1805
0xe9d99deea6a4da5c7e32cab1495f58139b70f8c3,10972.5
0xab2b5308521364af5b71101374c72dff34f1fccd,297.5
0xf000026f3979d160c4ce3c60635b1e5e2c6699f1,297.5
0x774e2f5c083830e9b6c56fd10396e8b5f8bd5ebc,297.5
0x4606e43daeac70b5b41221dc7444d653e3823b1e,297.5
0x667d533fb27ea4ed5fd1acd7d2158f5d3c74534b,595
0xe997e11534697cbd56cc697289950d0379b4a9c2,595
0xff82b394256d208624ec70ab976001d53b25711a,297.5
0x786fd0f863a86e8dffbff857ddbcca537c5012cb,297.5
0x068455b5e83bc8c2729feb4d57dcf27f320eb45b,297.5
0x57d3df51b2e87190bdec7ba90005d7df63e178ed,297.5
0x89f4de0214b1e55760c4f7ab8b98e0ba39c4333c,297.5
0x913b1d78f53243d0e2654f17c88868ca2d596ea1,4802.5
0x36aabc3abf6f4374a44bdcb9990b620a899bbbd6,935
0x6d6f722e1c597f9d20c28af4c3651dfb34ae882e,297.5
0xc6419505372a4f7be6e5445f68527eb3db51bfb3,297.5
0xfac4f8bc040c0349e7b65c9175580aea85406d4a,425
0x63e73058e65ba0fe3f925d2948988782d2617ab2,1496
0xd5356d394158cc91e59d9dcbde6b984d332b116a,297.5
0xa40763d27d7d0897e9d49a7c2da2c5d8eb8052f2,297.5
0x53d3b926bba22f37d27082a9b56a4b6d7f2cc8ae,892.5
0x32b757621a286104fa0b045ebf2ebd34b495a5be,1020
0x031e037413c38f1150a6111bf321be2952ff9de5,297.5
0x6837c02a5f566560354c8b7463706f29ba7797d3,595
0xe0f9439f6972640f392eca664c8f304c1f8f42b4,1330
0xd22c1859b470570ef6e9d2be62854f588e5b2da1,595
0x8289616e29be087958dc21541552af948e27fcaa,297.5
0x376296316a8cc6d5d62dbeaa39787fe9acd6e891,892.5
0x9dec3676ff2fa05fe8db40eeb783d86845aaf54a,1520
0x9ac7aac179151b3a82811ef851ad14837596fdaf,595
0xc9e016d43d742cc8af694a2903bfc581edde19b0,2167.5
0xc33c1560ff81f6a57c7dac79e1c2d327d63b0479,595
0xf0fb997f493ff43d1e82aec2ed0fcb6560436be5,595
0x1cc765f1368eca6578317565c6aa6219f5b24c41,297.5
0x23e015c60b98df74ce55b9883a1e02bc8b0533ff,892.5
0x7cea6612d62d82f9558355133e9a648f09234d1c,1912.5
0x86f84f893fe22910c7f22cefa4cbfcab5a00915c,5367.5
0x9b448cf7dc9e69509cf9e7066cd97060568c68dd,665
0x8c31dd63b3c06cae4644c9114ddc723d607aa797,297.5
0xe3407a985f9d8e9a43c8a6a6a4a99072d0ae4b7b,892.5
0xe3833cef090b3cdd39c7cdd6a0ebfef39aab9ce0,1190
0xfcab7c1df9935803a7baf6e1e143fb4c5a3603a6,297.5
0xc0efb17e6ae61d43fa1a521fb7add0f503265a86,425
0xe969d1b0129485ef77f8e416eab28abe0e8566fe,332.5
0xe6c41b9c199fb01ff09239c25e0e99b13648f94e,297.5
0x8de63292d8d9dfda9f83109d9ae51b9042bba7d2,297.5
0x39e319949d6d24f0ca2284222f70860eb4ef8eb1,595
0x3a663169d2f7fdb3594e8faa1afca38047abc262,332.5
0x71070f336bf45a0193137a8a501914b4fd54230c,595
0x9b06b5830fe61b03b30fe9c9d4c2ec77e50d54a2,297.5
0xa0d7b7253289fe5d8d8d00d97a8477a0ec046718,297.5
0x8b190a162e643760d91a02fb35dcec858c4e51dc,2422.5
0x51bff6f116cd1d9bffb0248a669bbd86635d92f8,595
0x4afbc7bb458cbc75932a1d8ab985c494fef2aa0e,297.5
0xb76c40fa749ebf838d50bf3cabb5be96a99f3859,297.5
0xefcd4d9a7cebc0f67f69322b53383eb818de258d,297.5
0xf3d06852af04f2caf35a76725e9d054aff95c69c,595
0x0c2874e9604e1b9a961ea316c21603effa6b916c,297.5
0x717fdb68633898d4318a74e9243f5fa69e662389,892.5
0x390c6a2157358890377066da91804a3774cb2fcd,892.5
0xa59f3d676c03429494f652bb51d9d546272c3976,595
0x3389135b58f51052a5da4f40e70d3ca106da336e,332.5
0xaf71fbb0c52ca5687eaab139a70fed3e44b35fd0,297.5
0x9692505eeed5f05c4b0e1994883771c66ef5c1f9,595
0xca818fff663e3623033cfb0c4d2fa47869bd7c2e,892.5
0x708ef9efe262c456fbc489757bef1fd6721bbae5,297.5
0x2aacd59b6721c6873129976a2b45aa32b161bbdd,5842.5
0x0509e6b8d5b64fe634ba67604bdecfb6190522f7,297.5
0x2d79b193877391ef4856c0c7cecc7dd54435c44e,1190
0x127d27215f253e94b2167dbddb6595b84d8c49af,595
0x522161fc2070c425c4253a5cd1f4dcc5da57f0d9,855
0xc70fdce789d59d3edba8c3efb5da283ff2f54eaf,595
0x8caa6cbfae0cd0a0bbaf8782ea4a619e181d487c,297.5
0xf393da239d8bcd9ee132e113ef4753cbfa411c11,2422.5
0xdf65d5d0e5b91d1c56d3ee57c9d2d6de5601f4cf,1487.5
0x82894eee7964cbb7f7233180c668d9886d7252ab,297.5
0xbf747c64fbe3f23e66704a0a89300ff3220822ff,892.5
0x7b84f3d5339210f7f1986f8fbe0ddce1059d369e,297.5
0x050f588860647f516626f2294e543dec3932d03a,4250
0x3bd568cfbd2d4e16017570fac8816da10a31fc79,997.5
0xe2e41e2d828ea907cc13f8fb91a5b229933cdd51,297.5
0x698e1fc4ab7bf6be565d6a2a15f6f0250f93d90c,297.5
0xda85d1b2f969d3ffe40b422a35abbf7d5d24b16f,297.5
0x900e1a1916eddc2a4985b5515518dfb797a6534a,637
0x0a22f7f4032629f7366496c10cc331f59244839b,297.5
0xcee7c0b5e5f7091d981aa5afd59fcd4f85953206,85
0xec6f0cc7a9910e0a48ae57df041fcc4ec99f1746,297.5
0x677029e369dfb8fc1474810f20fffc43c49fabf5,1190
0x58000e07545033db3efbe17235e4dfe97275a6c4,297.5
0x438803eb5d199c283aadab6d0db8cd3968fbf6ad,892.5
0xae5834a4c1f623f1e7210d742e2cf243232d30e6,595
0x008350f04cf3515922195ac6521f6f001d4e9600,595
0x7e16e3922dac13aa3b66418d47b32f0fb2345b8b,595
0x2f1a2754aeb6e579ef230478ebf59d5fc5bbfb42,297.5
0xb8504632dd9442bacd5fd243b132ef10aa9114d4,595
0xd7d5fd51f8e93824ed6c9c1f62419729a4c65cfd,297.5
0x5c570f0ae11f3eaf350bebc1859f584c97b05edf,1020
0x24aaf3a6d56915931f6c1d16b9d6340b37a8d986,297.5
0x04a60f5730a2c6bf58ff8645f8857b8c1f459d32,297.5
0x9a9b180d3235ec2c0593c5fca28e6179fce61ed3,297.5
0xdf32302e087ce85808cf40c840034ac066287502,297.5
0x4e50096745fdbf23011ac9d58f7203b4d1a0dbed,595
0x3fbba58e43db9e06f3d5a8e5436179e69b297fe1,595
0x2428e5ae455bff97ffd3d04f9f5aeb4eb504c2eb,4370
0xdac1cf9297125413358b6e58e82ea966ec1549fb,1805
0x338bcc287f256e09aa1f5db59226411d832a2953,297.5
0x63c9a5afda1202cf05d793eadde62f40765eb8da,297.5
0xbbd421bf414100a708b89de3f34aa343ce0542f0,1190
0xcdc30095bf507e6b3a8b3afbcfe1782e2ce84552,1360
0x2747165b3cd59e83f37c95213abeb47939f23d72,297.5
0x55303fb68bb6fca7c5ff720795c05b5660aeac35,297.5
0xd1601e55079a70273c5818622729e5fdffe5917d,297.5
0xd27c855be090e331b8ebe50197d54ea7b615f413,2762.5
0x7019007366dc13f125c35a1b82f6540682ed5d71,595
0xedd1f02aeb859c528b88b1d07a0751c9fa350aa1,297.5
0xaddb8b107ac4a6c60f318595637d677e441f6b8e,595
0x7d33d403fea03505a76f1e06ec9b36e36ca390bf,2137.5
0x6d4793ecab20bc68e13f776fa2add2f0dc69d8c1,1805
0x192513387b1bc31597ebf9f858e19bcb410ead6b,5035
0x61b052baab2a7520970b17c8ab9b12ba1cb35ede,297.5
0x1d0cb24a857cb49fc0689c0a2e654d1ae0e2299b,85
0x3090b15078ae316befedd304bd38413e26cb6d88,595
0x0b36256143261f6cc826ab9578e0c510c602987a,1487.5
0x14c20e0caa6fdeb9f5bd3b154b8630260e22ff41,2167.5
0x0caa11412d363a502d14fafdb480eca457c15f38,297.5
0xf3b7f0a242cd53cf26d3715e5743b15cc46faad9,595
0x37b060dbfdc297335f01c166df972800439d58bb,595
0x7d6b8819851ef3cef84c1c2945880610ee68c078,297.5
0x6a8ba907725743d298ed148e9c5f008e3fae070a,765
0xd907d10c79cfee4caf60602ee75cdd23eabc0df9,14237.5
0x2c11464dca0149a64516dc1986d1c4a2058782e5,1190
0x220644283403e90109840b548b784f4b6ff398eb,997.5
0xce091a4d706c333bc6651b20a3cae1686890cde8,297.5
0xb67d81bd489a1974b0010d48c81e47a7d7e4db0c,1147.5
0x8d1fb11edfb0910604f9d45b17bf96af1532401a,4632.5
0xaa0386ff76cca1422f0a135a10f8815e95d250a7,297.5
0xe4fdfbed1fd241883fb2a19f65aa0fddecab8702,297.5
0x2872c53de37f76b8438b0db855f45f9aecc90a6d,332.5
0xbe4fdd895f74017204f5bf90c469056fb3bd97be,2280
0xf069a32b27ca2c446b92a8c28a6b2955e8b335c0,297.5
0xcd2c92eccabe93ebb9a7fb2346137cf5bc57bcb2,1317.5
0xea888bd24d38dd22b79aaf1d173aa4ba9f1049b0,332.5
0xb418856258263681bce5792d7b2682fa732a48a7,595
0x8168cdbeb26874b668cc73a15294868ccf6a8d02,1487.5
0x78b033d78091775a802345b7b301dad45fc37de7,297.5
0xc6f59a4865b0a9aa0068afe9eda9e04ff19e18d9,297.5
0x84386804bb2b369afdc65e608e63114bbedb6f98,332.5
0x40c7edf9988337dd987c8fae1021ba7f64196960,85
0xca2a4cc59e15677459ce6c5f41b340bc2675a7fa,297.5
0x78aaff535190e60b72c72f48fda50cbd79f76595,297.5
0x46180ca04f3b92aa30d2e77a10f1ac392819b7b2,297.5
0xe75bc57fac4c92da1081b7b397d71365b7454177,297.5
0x59b53cc87248defb36b600a0895372dd7908813b,1947.5
0xe33f1860eb6b335f0f961c95952e29941d09b5f7,297.5
0x8c67d1e6fdda4b572b82a2aef6c37ffcaa27c168,4037.5
0x367a44be963267bd442e2d7a1c04c106ad8fcc69,595
0x137ceb7e3e8b719a55c73cde4d4048613c81e587,997.5
0xfa4e7035b34294407e5df1603215983d65e5a773,892.5
0x33823986a5c7892298bd794d4cee5f77e7676b38,595
0x31af146650feedb8dce8f1968a16e5f7535bebe6,297.5
0xbe996e9cd5886add200861f4b57ae955a6a47636,665
0x6eF22CaA22d08D09082fFAFFa3cD051296a78a17,14280.9
0x5b36e70b17cb5802e3db17cc1f176c0983dfd31d,5244.75537
0x54804cbd6db2362656f743e4c4306dd4f98e6580,2972.02808
0xf7d31f6098297a9cdc4cd3008aca721d4a386901,1223.77625
0xab47675fdb7ae6e47431bd2d4bd9cd7bac7fde61,699.30072
0xcfad591ff4b9f2c6e10376128eda7028c6e6535a,2972.02808
0xdac1cf9297125413358b6e58e82ea966ec1549fb,343.04132
0x84ebd583467044f91a7a39ca2ac88897cb6ea537,699.29667